{
 "_type": "song",
 "annotation_count": 12,
 "api_path": "/songs/727466",
 "full_title": "The Hills by\u00a0The\u00a0Weeknd",
 "header_image_thumbnail_url": "https://images.genius.com/a5a4fa8b9e39064038977fe7c77fb069.300x300x1.png",
 "header_image_url": "https://images.genius.com/a5a4fa8b9e39064038977fe7c77fb069.1000x1000x1.png",
 "id": 727466,
 "instrumental": false,
 "lyrics_owner_id": 104344,
 "lyrics_state": "complete",
 "lyrics_updated_at": 1614661734,
 "path": "/The-weeknd-the-hills-lyrics",
 "pyongs_count": 1744,
 "song_art_image_thumbnail_url": "https://images.genius.com/2fd1e2637defb34d6e3ba69c1e8cbc61.300x300x1.png",
 "song_art_image_url": "https://images.genius.com/2fd1e2637defb34d6e3ba69c1e8cbc61.1000x1000x1.png",
 "song_art_primary_color": null,
 "song_art_secondary_color": null,
 "song_art_text_color": null,
 "stats": {
  "unreviewed_annotations": 0,
  "concurrents": 3,
  "hot": false,
  "pageviews": 8844240
 },
 "title": "The Hills",
 "title_with_featured": "The Hills",
 "updated_by_human_at": 1614661734,
 "url": "https://genius.com/The-weeknd-the-hills-lyrics",
 "primary_artist": {
  "_type": "artist",
  "api_path": "/artists/2358",
  "header_image_url": "https://images.genius.com/e7aef4529f05c3da2e21aec75a2861e9.1000x562x1.jpg",
  "id": 2358,
  "image_url": "https://images.genius.com/f0813e600d43b8b43c94e8ba1dde880a.640x640x1.png",
  "index_character": "w",
  "is_meme_verified": false,
  "is_verified": true,
  "name": "The Weeknd",
  "slug": "The-weeknd",
  "url": "https://genius.com/artists/The-weeknd",
  "iq": 6285
 },
 "artist": "The Weeknd",
 "lyrics": "[Intro]\nYeah\nYeah\nYeah\n\n[Verse 1]\nYour man on the road, he doin' promo\nYou said, \"Keep our business on the low-low\"\nI'm just tryna get you out the friend zone\n'Cause you look even better than the photos\nI can't find your house, send me the info\nDrivin' through the gated residential\nFound out I was comin', sent your friends home\nKeep on tryna hide it, but your friends know\n\n[Chorus]\nI only call you when it's half-past five\nThe only time that I'll be by your side\nI only love it when you touch me, not feel me\nWhen I'm fucked up, that's the real me\nWhen I'm fucked up, that's the real me, yeah\nI only call you when it's half-past five\nThe only time I'd ever call you mine\nI only love it when you touch me, not feel me\nWhen I'm fucked up, that's the real me\nWhen I'm fucked up, that's the real me, babe\n[Verse 2]\nI'ma let you know and keep it simple\nTryna keep it up don't seem so simple\nI just fucked two bitches 'fore I saw you\nAnd you gon' have to do it at my tempo\nAlways tryna send me off to rehab\nDrugs started feelin' like it's decaf\nI'm just tryna live life for the moment\nAnd all these motherfuckers want a relapse\n\n[Chorus]\nI only call you when it's half-past five\nThe only time that I'll be by your side\nI only love it when you touch me, not feel me\nWhen I'm fucked up, that's the real me\nWhen I'm fucked up, that's the real me, yeah\nI only call you when it's half-past five\nThe only time I'd ever call you mine\nI only love it when you touch me, not feel me\nWhen I'm fucked up, that's the real me\nWhen I'm fucked up, that's the real me, babe\n\n[Bridge]\nHills have eyes, the hills have eyes\nWho are you to judge? Who are you to judge?\nHide your lies, girl, hide your lies (Hide your lies, oh, baby)\nOnly you to trust, only you\n[Chorus]\nI only call you when it's half-past five\nThe only time that I'll be by your side\nI only love it when you touch me, not feel me\nWhen I'm fucked up, that's the real me\nWhen I'm fucked up, that's the real me, yeah\nI only call you when it's half-past five\nThe only time I'd ever call you mine\nI only love it when you touch me, not feel me\nWhen I'm fucked up, that's the real me\nWhen I'm fucked up, that's the real me, babe\n\n[Outro]\nEwedihalehu\nYene konjo, ewedihalehu\nYene fikir, fikir, fikir, fikir\nYene fikir, fikir, fikir, fikir\nEwedihalehu\nYene konjo, ewedihalehu..."
}