{
 "_type": "song",
 "annotation_count": 7,
 "api_path": "/songs/1856610",
 "full_title": "Cheerleader by\u00a0OMI",
 "header_image_thumbnail_url": "https://images.rapgenius.com/e43156a0a6e6cbf8e15fbac2a2e6cb15.300x166x1.jpg",
 "header_image_url": "https://images.rapgenius.com/e43156a0a6e6cbf8e15fbac2a2e6cb15.672x372x1.jpg",
 "id": 1856610,
 "instrumental": false,
 "lyrics_owner_id": 4212581,
 "lyrics_state": "complete",
 "lyrics_updated_at": 1615925775,
 "path": "/Omi-cheerleader-lyrics",
 "pyongs_count": 42,
 "song_art_image_thumbnail_url": "https://images.genius.com/7ac3972439d8883a5515179134428fcd.300x300x1.jpg",
 "song_art_image_url": "https://images.genius.com/7ac3972439d8883a5515179134428fcd.600x600x1.jpg",
 "song_art_primary_color": null,
 "song_art_secondary_color": null,
 "song_art_text_color": null,
 "stats": {
  "unreviewed_annotations": 0,
  "concurrents": 2,
  "hot": false,
  "pageviews": 182134
 },
 "title": "Cheerleader",
 "title_with_featured": "Cheerleader",
 "updated_by_human_at": 1615916420,
 "url": "https://genius.com/Omi-cheerleader-lyrics",
 "primary_artist": {
  "_type": "artist",
  "api_path": "/artists/292730",
  "header_image_url": "https://images.genius.com/2e3381b186b6df1ad48c9ed3a2acc809.605x290x1.jpg",
  "id": 292730,
  "image_url": "https://images.genius.com/8364afd69c090cb3559ed9a147fbc0ef.1000x1000x1.jpg",
  "index_character": "o",
  "is_meme_verified": false,
  "is_verified": false,
  "name": "OMI",
  "slug": "Omi",
  "url": "https://genius.com/artists/Omi"
 },
 "artist": "OMI",
 "lyrics": "[Verse 1]\nWhen I need motivation\nMy one solution is my queen\n'Cause she stay strong, yeah, yeah\nShe is always in my corner\nRight there when I want her\nAll these other girls are tempting\nBut I'm empty when you're gone\n\n[Pre-Chorus]\nAnd they say\nDo you need me?\nDo you think I'm pretty?\nDo I make you feel like cheating?\nAnd I'm like no, not really 'cause\n\n[Chorus]\nOh, I think that I found myself a cheerleader\nShe is always right there when I need her\nOh, I think that I found myself a cheerleader\nShe is always right there when I need her\n\n[Verse 2]\nShe walks like a model\nShe grants my wishes like a genie in a bottle, yeah, yeah\n'Cause I'm the wizard of love\nAnd I got the magic wand\nAll these other girls are tempting\nBut I'm empty when you're gone\nAnd they say\n[Pre-Chorus]\nAnd they say\nDo you need me?\nDo you think I'm pretty?\nDo I make you feel like cheating?\nAnd I'm like no, not really 'cause\n\n[Chorus]\nOh, I think that I found myself a cheerleader\nShe is always right there when I need her\nOh, I think that I found myself a cheerleader\nShe is always right there when I need her\n\n[Bridge]\nHmm, she gives me love and affection\nBaby, did I mention?\nYou're the only girl for me\nNo, I don't need a next one\nMama loves you too\nShe thinks I made the right selection\nNow all that's left to do\nIs just for me to pop the question\n\n[Chorus]\nOh, I think that I found myself a cheerleader\nShe is always right there when I need her\nOh, I think that I found myself a cheerleader\nShe is always right there when I need her\nOh, I think that I found myself a cheerleader\nShe is always right there when I need her\nOh, I think that I found myself a cheerleader\nShe is always right there when I need her"
}