{
 "_type": "song",
 "annotation_count": 31,
 "api_path": "/songs/226866",
 "full_title": "Take Me to Church by\u00a0Hozier",
 "header_image_thumbnail_url": "https://images.genius.com/67a80685b84a3fe6a948511dc216767a.300x300x1.jpg",
 "header_image_url": "https://images.genius.com/67a80685b84a3fe6a948511dc216767a.1000x1000x1.jpg",
 "id": 226866,
 "instrumental": false,
 "lyrics_owner_id": 290602,
 "lyrics_state": "complete",
 "lyrics_updated_at": 1614900353,
 "path": "/Hozier-take-me-to-church-lyrics",
 "pyongs_count": 1542,
 "song_art_image_thumbnail_url": "https://images.genius.com/4c52978c08e47b7517e588bd15570f7d.300x300x1.jpg",
 "song_art_image_url": "https://images.genius.com/4c52978c08e47b7517e588bd15570f7d.1000x1000x1.jpg",
 "song_art_primary_color": null,
 "song_art_secondary_color": null,
 "song_art_text_color": null,
 "stats": {
  "unreviewed_annotations": 1,
  "concurrents": 5,
  "hot": false,
  "pageviews": 3318993
 },
 "title": "Take Me to Church",
 "title_with_featured": "Take Me to Church",
 "updated_by_human_at": 1614900353,
 "url": "https://genius.com/Hozier-take-me-to-church-lyrics",
 "primary_artist": {
  "_type": "artist",
  "api_path": "/artists/73910",
  "header_image_url": "https://images.genius.com/9551331a30d47255a7eaa72b35d094a1.1000x370x1.jpg",
  "id": 73910,
  "image_url": "https://images.genius.com/4c271a8fb0b3f097ce5e94b822059a37.800x800x1.jpg",
  "index_character": "h",
  "is_meme_verified": false,
  "is_verified": true,
  "name": "Hozier",
  "slug": "Hozier",
  "url": "https://genius.com/artists/Hozier",
  "iq": 1631
 },
 "artist": "Hozier",
 "lyrics": "[Produced by Hozier and Rob Kirwan]\n[Video directed by Brendan Canty and Conal Thomson]\n[Verse 1]\nMy lover's got humor\nShe's the giggle at a funeral\nKnows everybody's disapproval\nI should've worshipped her sooner\nIf the heavens ever did speak\nShe's the last true mouthpiece\nEvery Sunday's getting more bleak\nA fresh poison each week\n\"We were born sick\"\nYou heard them say it\nMy church offers no absolutes\nShe tells me \"Worship in the bedroom\"\nThe only Heaven I'll be sent to\nIs when I'm alone with you\nI was born sick, but I love it\nCommand me to be well\n\n[Pre-Chorus]\nAaa, Amen, Amen, Amen\n\n[Chorus]\nTake me to church\nI'll worship like a dog at the shrine of your lies\nI'll tell you my sins and you can sharpen your knife\nOffer me that deathless death\nGood God, let me give you my life\nTake me to church\nI'll worship like a dog at the shrine of your lies\nI'll tell you my sins and you can sharpen your knife\nOffer me that deathless death\nGood God, let me give you my life\n[Verse 2]\nIf I'm a pagan of the good times\nMy lover's the sunlight\nTo keep the goddess on my side\nShe demands a sacrifice\nDrain the whole sea\nGet something shiny\nSomething meaty for the main course\nThat's a fine looking high horse\nWhat you got in the stable?\nWe've a lot of starving faithful\nThat looks tasty\nThat looks plenty\nThis is hungry work\n\n[Chorus]\nTake me to church\nI'll worship like a dog at the shrine of your lies\nI'll tell you my sins so you can sharpen your knife\nOffer me my deathless death\nGood God, let me give you my life\nTake me to church\nI'll worship like a dog at the shrine of your lies\nI'll tell you my sins so you can sharpen your knife\nOffer me my deathless death\nGood God, let me give you my life\n[Bridge]\nNo masters or kings when the ritual begins\nThere is no sweeter innocence than our gentle sin\nIn the madness and soil of that sad earthly scene\nOnly then I am human\nOnly then I am clean\n\n[Pre-Chorus]\nOh, oh Amen, Amen, Amen\n\n[Chorus]\nTake me to church\nI'll worship like a dog at the shrine of your lies\nI'll tell you my sins and you can sharpen your knife\nOffer me that deathless death\nGood God, let me give you my life\nTake me to church\nI'll worship like a dog at the shrine of your lies\nI'll tell you my sins and you can sharpen your knife\nOffer me that deathless death\nGood God, let me give you my life"
}