{
 "_type": "song",
 "annotation_count": 0,
 "api_path": "/songs/3022696",
 "full_title": "Major Lazer - Lean On (ft. DJ Snake & M\u00d8) (Traduction Fran\u00e7aise) by\u00a0Genius\u00a0Traductions Fran\u00e7aises",
 "header_image_thumbnail_url": "https://images.genius.com/62e338a5f51e9237c21d62ae8bf280ef.300x169x1.jpg",
 "header_image_url": "https://images.genius.com/62e338a5f51e9237c21d62ae8bf280ef.1000x563x1.jpg",
 "id": 3022696,
 "instrumental": false,
 "lyrics_owner_id": 4189053,
 "lyrics_state": "complete",
 "lyrics_updated_at": 1489491979,
 "path": "/Genius-traductions-francaises-major-lazer-lean-on-ft-dj-snake-and-m-traduction-francaise-lyrics",
 "pyongs_count": null,
 "song_art_image_thumbnail_url": "https://images.rapgenius.com/505685ff04b726c485bdbb1dc270b7ea.300x300x1.png",
 "song_art_image_url": "https://images.rapgenius.com/505685ff04b726c485bdbb1dc270b7ea.1000x1000x1.png",
 "song_art_primary_color": null,
 "song_art_secondary_color": null,
 "song_art_text_color": null,
 "stats": {
  "unreviewed_annotations": 0,
  "hot": false
 },
 "title": "Major Lazer - Lean On (ft. DJ Snake & M\u00d8) (Traduction Fran\u00e7aise)",
 "title_with_featured": "Major Lazer - Lean On (ft. DJ Snake & M\u00d8) (Traduction Fran\u00e7aise)",
 "updated_by_human_at": 1612983485,
 "url": "https://genius.com/Genius-traductions-francaises-major-lazer-lean-on-ft-dj-snake-and-m-traduction-francaise-lyrics",
 "primary_artist": {
  "_type": "artist",
  "api_path": "/artists/140856",
  "header_image_url": "https://images.genius.com/4526c8e93fe0fb881d2602d3d4971d00.1000x382x1.png",
  "id": 140856,
  "image_url": "https://images.genius.com/55b62a423405011d39eae7630c5d53f1.637x637x1.jpg",
  "index_character": "g",
  "is_meme_verified": false,
  "is_verified": false,
  "name": "Genius Traductions Fran\u00e7aises",
  "slug": "Genius-traductions-francaises",
  "url": "https://genius.com/artists/Genius-traductions-francaises"
 },
 "artist": "Genius Traductions Fran\u00e7aises",
 "lyrics": "{Se Pencher Sur}\n\n[Couplet 1]\nTe rappelles-tu, il n'y a pas fort longtemps\nNous marchions sur le trottoir\nInnocent, te souviens-tu ?\nTout ce que nous faisions \u00e9tait prendre soin l'un de\nL'autre\n\nMais la nuit \u00e9tait chaude\nNous \u00e9tions audacieux et jeunes\nTout autour le vent souffle\nNous nous accrochions seulement pour l\u00e2cher prise\n\n[Refrain]\nSoufflez un baiser, mettez le feu aux armes\nNous avons besoin de quelqu'un sur qui compter\nSoufflez un baiser, mettez le feu aux armes\nTout ce dont nous avons besoin c'est quelqu'un sur qui\nCompter\n\nSoufflez un baiser, mettez le feu aux armes\nNous avons besoin de quelqu'un sur qui compter\nSoufflez un baiser, mettez le feu aux armes\nTout ce dont nous avons besoin c'est quelqu'un sur qui\nCompter\n[Couplet 2]\nQue ferons-nous lorsque nous vieillirons ?\nMarcherons-nous encore dans la m\u00eame voie ?\nSeras-tu l\u00e0 \u00e0 mes c\u00f4t\u00e9s ?\nDebout et fort alors que les vagues se retournent\n\nQuand les nuits sont longues\nJe d\u00e9sir ardemment que tu viennes \u00e0 la maison\nTout autour le vent souffle\nNous nous tiendrons seulement juste pour l\u00e2cher prise\n\n[Refrain]\nSoufflez un baiser, mettez le feu aux armes\nNous avons besoin de quelqu'un sur qui compter\nSoufflez un baiser, mettez le feu aux armes\nTout ce dont nous avons besoin c'est quelqu'un sur qui\nCompter\n\nSoufflez un baiser, mettez le feu aux armes\nNous avons besoin de quelqu'un sur qui compter\nSoufflez un baiser, mettez le feu aux armes\nTout ce dont nous avons besoin c'est quelqu'un sur qui\nCompter\n\nTout ce dont nous avons besoin c'est quelqu'un sur qui\nCompter\nTout ce dont nous avons besoin c'est quelqu'un sur qui\nCompter\nCompter, compter, compter, compter...\n\n\nSoufflez un baiser, mettez le feu aux armes\nNous avons besoin de quelqu'un sur qui compter\nSoufflez un baiser, mettez le feu aux armes\nTout ce dont nous avons besoin c'est quelqu'un sur qui\nCompter\n\nSoufflez un baiser, mettez le feu aux armes\nNous avons besoin de quelqu'un sur qui compter\nSoufflez un baiser, mettez le feu aux armes\nTout ce dont nous avons besoin c'est quelqu'un sur qui\nCompter"
}