{
 "_type": "song",
 "annotation_count": 10,
 "api_path": "/songs/720259",
 "full_title": "Want to Want Me by\u00a0Jason\u00a0Derulo",
 "header_image_thumbnail_url": "https://images.genius.com/9cf20f9afbdb744a463a7c708e2439a0.300x300x1.jpg",
 "header_image_url": "https://images.genius.com/9cf20f9afbdb744a463a7c708e2439a0.1000x1000x1.jpg",
 "id": 720259,
 "instrumental": false,
 "lyrics_owner_id": 104344,
 "lyrics_state": "complete",
 "lyrics_updated_at": 1551294937,
 "path": "/Jason-derulo-want-to-want-me-lyrics",
 "pyongs_count": 74,
 "song_art_image_thumbnail_url": "https://images.genius.com/4015294494d90281fb1abb62c660c372.300x300x1.jpg",
 "song_art_image_url": "https://images.genius.com/4015294494d90281fb1abb62c660c372.1000x1000x1.jpg",
 "song_art_primary_color": null,
 "song_art_secondary_color": null,
 "song_art_text_color": null,
 "stats": {
  "unreviewed_annotations": 0,
  "hot": false,
  "pageviews": 191964
 },
 "title": "Want to Want Me",
 "title_with_featured": "Want to Want Me",
 "updated_by_human_at": 1609505931,
 "url": "https://genius.com/Jason-derulo-want-to-want-me-lyrics",
 "primary_artist": {
  "_type": "artist",
  "api_path": "/artists/17764",
  "header_image_url": "https://images.genius.com/df3695123ddcc6f12164016bc1269035.1000x333x1.jpg",
  "id": 17764,
  "image_url": "https://images.genius.com/fd6809c8918d60d9126a397de46dc7dc.400x400x1.jpg",
  "index_character": "j",
  "is_meme_verified": false,
  "is_verified": true,
  "name": "Jason Derulo",
  "slug": "Jason-derulo",
  "url": "https://genius.com/artists/Jason-derulo",
  "iq": 1331
 },
 "artist": "Jason Derulo",
 "lyrics": "[Intro]\nDerulo\n\n[Verse 1]\nIt's too hard to sleep\nI got the sheets on the floor, nothing on me\nAnd I can't take it no more, it's a hundred degrees\nI got one foot out the door, where are my keys? 'Cause I gotta leave, yeah\nIn the back of the cab (ooh)\nI tipped the driver 'head of time, get me there fast (ooh)\nI got your body on my mind, I want it bad (ooh)\nOh, just the thought of you gets me so high, so high\n\n[Chorus]\nGirl, you're the one I want to want me\nAnd if you want me, girl, you got me\nThere's nothing I, no, I wouldn't do (I wouldn't do)\nJust to get up next to you\nGirl, you're the one I want to want me\nAnd if you want me, girl, you got me\nThere's nothing I, no, I wouldn't do (I wouldn't do)\nJust to get up next to you\nOoh-ooh-ooh-ooh-ooh-ooh\nJust to get up next to you\nOoh-ooh-ooh-ooh-ooh-ooh\nAw yeah\n[Verse 2]\nYou open the door (ooh)\nWearing nothing but a smile down to the floor (ooh)\nAnd you whisper in my ear, \"Baby, I'm yours\" (ooh)\nOoh, just the thought of you gets me so high, so high\n\n[Chorus]\nGirl, you're the one I want to want me\nAnd if you want me, girl, you got me\nThere's nothing I, no, I wouldn't do (I wouldn't do)\nJust to get up next to you\nGirl, you're the one I want to want me\nAnd if you want me, girl, you got me\nThere's nothing I, no, I wouldn't do (I wouldn't do)\nJust to get up next to you (yeah)\nOoh-ooh-ooh-ooh-ooh-ooh\nJust to get up next to you\nOoh-ooh-ooh-ooh-ooh-ooh\n\n[Bridge]\nJust the thought of you\nGets me so high, so high\nOoh, just the thought of you\nGets me so high, so high\n\n[Chorus]\nGirl, you're the one I want to want me (I want you)\nAnd if you want me, girl, you got me (you got me)\nThere's nothing I, no, I wouldn't do (I wouldn't do) (I wouldn't do)\nJust to get up next to you (oh)\nGirl, you're the one I want to want me\nAnd if you want me, girl, you got me (you got me)\nThere's nothing I, no, I wouldn't do (I wouldn't do) (wouldn't)\nJust to get up next to you (oh)\nOoh-ooh-ooh-ooh-ooh-ooh\nI would do anything, just to get up next to you\nOoh-ooh-ooh-ooh-ooh-ooh\nAnything and everything, just to get up next to you\nOoh-ooh-ooh-ooh-ooh-ooh\nBaby, just to get up next to you\nOoh-ooh-ooh-ooh-ooh-ooh\nOh, get up, get up"
}