{
 "_type": "song",
 "annotation_count": 11,
 "api_path": "/songs/713548",
 "full_title": "Where Are \u00dc Now by\u00a0Skrillex,\u00a0Justin Bieber & Diplo",
 "header_image_thumbnail_url": "https://images.genius.com/d760a5544494fd7c7956a7c5c5c98c99.300x300x1.jpg",
 "header_image_url": "https://images.genius.com/d760a5544494fd7c7956a7c5c5c98c99.1000x1000x1.jpg",
 "id": 713548,
 "instrumental": false,
 "lyrics_owner_id": 282633,
 "lyrics_state": "complete",
 "lyrics_updated_at": 1616294232,
 "path": "/Skrillex-justin-bieber-and-diplo-where-are-u-now-lyrics",
 "pyongs_count": 299,
 "song_art_image_thumbnail_url": "https://images.genius.com/f528dff734a3b907f2fc17f32d2a8968.300x300x1.jpg",
 "song_art_image_url": "https://images.genius.com/f528dff734a3b907f2fc17f32d2a8968.1000x1000x1.jpg",
 "song_art_primary_color": null,
 "song_art_secondary_color": null,
 "song_art_text_color": null,
 "stats": {
  "unreviewed_annotations": 0,
  "hot": false,
  "pageviews": 704999
 },
 "title": "Where Are \u00dc Now",
 "title_with_featured": "Where Are \u00dc Now",
 "updated_by_human_at": 1616294232,
 "url": "https://genius.com/Skrillex-justin-bieber-and-diplo-where-are-u-now-lyrics",
 "primary_artist": {
  "_type": "artist",
  "api_path": "/artists/1893445",
  "header_image_url": "https://images.genius.com/c22f844d5ae05418c04839ac3f315266.803x803x1.jpg",
  "id": 1893445,
  "image_url": "https://images.genius.com/c22f844d5ae05418c04839ac3f315266.803x803x1.jpg",
  "index_character": "s",
  "is_meme_verified": false,
  "is_verified": false,
  "name": "Skrillex, Justin Bieber & Diplo",
  "slug": "Skrillex-justin-bieber-and-diplo",
  "url": "https://genius.com/artists/Skrillex-justin-bieber-and-diplo"
 },
 "artist": "Skrillex, Justin Bieber & Diplo",
 "lyrics": "[Produced by Diplo & Skrillex]\n\n[Intro: Justin Bieber]\nI need you the m-, I need you, I need you the m-, I need you\nI need the m-, the m-, the m-, the m-, the m-, the m-\nI need you the m-, I need you, I need you the m-\nI need you, I need the m-, the m-, the m-, the m-, the m-, the m-\nYou the m-, the m-, the m-\nI need you the most\n\n[Verse 1: Justin Bieber]\nI gave you the key when the door wasn't open, just admit it\nSee, I gave you faith, turned your doubt into hoping, can\u2019t deny it\nNow I'm all alone and my joys turned to moping\nTell me, where are you now that I need you?\nWhere are you now? (Where are you now?)\n\n[Pre-Chorus: Justin Bieber]\nWhere are you now that I need ya? Couldn't find you anywhere\nWhen you broke down, I didn't leave ya (I didn't leave ya)\nI was by your side\nSo where are you now that I need ya? (Need ya)\nWhere are you now that I need ya?\n\n[Chorus: Justin Bieber]\nWhere are you now that I need ya?\nWhere are you now that I need ya?\nWhere are you now that I need ya?\n[Verse 2: Justin Bieber]\nI gave you attention when nobody else was payin'\nI gave you the shirt off my back, what you sayin'? To keep you warm\nI showed you the game everybody else was playin', that's for sure (That's for sure)\nAnd I was on my knees when nobody else was prayin', oh Lord\n\n[Pre-Chorus: Justin Bieber]\nWhere are you now that I need ya?\nWhere are you now that I need ya?\nI need you the, I need you, I need you the, I need you, I need you, where are you now that I need ya?\nI need you the, I need you, I need you, I need you the most\n\n[Chorus: Justin Bieber]\nWhere are you now that I need ya?\nWhere are you now that I need ya?\nWhere are you now that I need ya?\n\n[Outro: Justin Bieber]\nI need you the most (I need you the most)"
}