{
 "_type": "song",
 "annotation_count": 6,
 "api_path": "/songs/591746",
 "full_title": "Fight Song by\u00a0Rachel\u00a0Platten",
 "header_image_thumbnail_url": "https://images.rapgenius.com/941e48ad2aeb21c41eb5bf3801348647.300x300x1.jpg",
 "header_image_url": "https://images.rapgenius.com/941e48ad2aeb21c41eb5bf3801348647.1000x1000x1.jpg",
 "id": 591746,
 "instrumental": false,
 "lyrics_owner_id": 1307971,
 "lyrics_state": "complete",
 "lyrics_updated_at": 1615243289,
 "path": "/Rachel-platten-fight-song-lyrics",
 "pyongs_count": 110,
 "song_art_image_thumbnail_url": "https://images.genius.com/2d5b75db354ffed81a37e89467d1d0a0.180x180x1.png",
 "song_art_image_url": "https://images.genius.com/2d5b75db354ffed81a37e89467d1d0a0.180x180x1.png",
 "song_art_primary_color": null,
 "song_art_secondary_color": null,
 "song_art_text_color": null,
 "stats": {
  "unreviewed_annotations": 0,
  "hot": false,
  "pageviews": 555860
 },
 "title": "Fight Song",
 "title_with_featured": "Fight Song",
 "updated_by_human_at": 1615243289,
 "url": "https://genius.com/Rachel-platten-fight-song-lyrics",
 "primary_artist": {
  "_type": "artist",
  "api_path": "/artists/271204",
  "header_image_url": "https://images.genius.com/867b073442936b5cba55f3817228770c.640x360x1.jpg",
  "id": 271204,
  "image_url": "https://images.genius.com/9821312157a2cd261654580b3d87aa69.413x413x1.jpg",
  "index_character": "r",
  "is_meme_verified": false,
  "is_verified": false,
  "name": "Rachel Platten",
  "slug": "Rachel-platten",
  "url": "https://genius.com/artists/Rachel-platten"
 },
 "artist": "Rachel Platten",
 "lyrics": "[Verse 1]\nLike a small boat on the ocean\nSending big waves into motion\nLike how a single word\nCan make a heart open\nI might only have one match\nBut I can make an explosion\n\n[Pre-Chorus]\nAnd all those things I didn't say\nWrecking balls inside my brain\nI will scream them loud tonight\nCan you hear my voice this time?\n\n[Chorus]\nThis is my fight song\nTake back my life song\nProve I'm alright song\nMy power's turned on\nStarting right now, I'll be strong\nI'll play my fight song\nAnd I don't really care\nIf nobody else believes\n'Cause I've still got\nA lot of fight left in me\n[Verse 2]\nLosing friends and I'm chasing sleep\nEverybody's worried about me\nIn too deep, say I'm in too deep (In too deep)\nAnd it's been two years, I miss my home\nBut there's a fire burning in my bones\nStill believe\nYeah, I still believe\n\n[Pre-Chorus]\nAnd all those things I didn't say\nWrecking balls inside my brain\nI will scream them loud tonight\nCan you hear my voice this time?\n\n[Chorus]\nThis is my fight song\nTake back my life song\nProve I'm alright song\nMy power's turned on\nStarting right now, I'll be strong\nI'll play my fight song\nAnd I don't really care\nIf nobody else believes\n'Cause I've still got\nA lot of fight left in me\nA lot of fight left in me\n[Bridge]\nLike a small boat on the ocean\nSending big waves into motion\nLike how a single word\nCan make a heart open\nI might only have one match\nBut I can make an explosion\n\n[Chorus]\nThis is my fight song (Hey!)\nTake back my life song (Hey!)\nProve I'm alright song (Hey!)\nMy power's turned on\nStarting right now, I'll be strong (I'll be strong)\nI'll play my fight song\nAnd I don't really care\nIf nobody else believes\n'Cause I've still got\nA lot of fight left in me\n\n[Outro]\nNo, I've still got a lot of fight left in me"
}