{
 "_type": "song",
 "annotation_count": 13,
 "api_path": "/songs/573451",
 "full_title": "Post to Be by\u00a0Omarion (Ft.\u00a0Chris\u00a0Brown & Jhen\u00e9\u00a0Aiko)",
 "header_image_thumbnail_url": "https://images.rapgenius.com/789c089521943942ca355efc462f1205.300x300x1.jpg",
 "header_image_url": "https://images.rapgenius.com/789c089521943942ca355efc462f1205.1000x1000x1.jpg",
 "id": 573451,
 "instrumental": false,
 "lyrics_owner_id": 409643,
 "lyrics_state": "complete",
 "lyrics_updated_at": 1614735132,
 "path": "/Omarion-post-to-be-lyrics",
 "pyongs_count": 489,
 "song_art_image_thumbnail_url": "https://images.rapgenius.com/789c089521943942ca355efc462f1205.300x300x1.jpg",
 "song_art_image_url": "https://images.rapgenius.com/789c089521943942ca355efc462f1205.1000x1000x1.jpg",
 "song_art_primary_color": null,
 "song_art_secondary_color": null,
 "song_art_text_color": null,
 "stats": {
  "unreviewed_annotations": 0,
  "hot": false,
  "pageviews": 1324180
 },
 "title": "Post to Be",
 "title_with_featured": "Post to Be (Ft.\u00a0Chris\u00a0Brown & Jhen\u00e9\u00a0Aiko)",
 "updated_by_human_at": 1614735132,
 "url": "https://genius.com/Omarion-post-to-be-lyrics",
 "primary_artist": {
  "_type": "artist",
  "api_path": "/artists/2052",
  "header_image_url": "https://images.genius.com/1fa11439c1929c7ec50419d4baa4d3b0.794x794x1.jpg",
  "id": 2052,
  "image_url": "https://images.genius.com/1fa11439c1929c7ec50419d4baa4d3b0.794x794x1.jpg",
  "index_character": "o",
  "is_meme_verified": false,
  "is_verified": true,
  "name": "Omarion",
  "slug": "Omarion",
  "url": "https://genius.com/artists/Omarion",
  "iq": 558
 },
 "artist": "Omarion",
 "lyrics": "[Intro: Omarion&Chris Brown]\nOmarion\nBreezy\nAnd your chick, your chick\n(Mustard on the beat, ho)\nYeah\n\n[Chorus: Omarion, Chris Brown & Both]\nIf your chick come close to me\nShe ain't goin' home when she 'posed to be (No)\nI'm gettin' money like I'm 'posed to be\nI'm gettin' money like I'm 'posed to be, ooh\nAll my niggas close to me\nAnd all them other niggas where they 'posed to be, ooh\nThe hoes go for me\nHave your chick send a pic, like, \"Pose for me\" (Ooh)\nThat's how it 'posed to be (Ah, ah)\nYeah, yeah, that's how it 'posed to be (Ah, ah, ah, ah, ah)\nOoh, yeah, that's how it 'posed to be (Ah, ah)\nEverything good like it's 'posed to be (Ah, ah, ah, ah)\n\n[Verse 1: Omarion]\nPull up to the club and it go up (Go up)\nMake your girl fall in love when I show up (Woop, woop)\nIt's not my fault she wanna know me (Hey)\nShe told me you was just a homie (Hahaha)\nShe came down like she knew me (Hey)\nGave it up like a groupie (True)\nAnd that's facts, no printer (No printer)\nCold nigga turn the summer to the winter\nShe saved me in her phone as \"Bestie\"\nBut I had her screaming, \"Oh\"\nYour girl wasn't supposed to text me (Nope)\nYou wanna know how I know what I know? (Hey)\n[Chorus: Omarion, Chris Brown & Both]\nIf your chick come close to me\nShe ain't goin' home when she 'posed to be (Aw, yeah, no)\nI'm gettin' money like I'm 'posed to be (Yeah, yeah)\nI'm gettin' money like I'm 'posed to be, ooh\nAll my niggas close to me\nAnd all them other niggas where they 'posed to be, ooh\nThe hoes go for me\nHave your chick send a pic, like, \"Pose for me\"\nOoh, that's how it post to be (Ah, ah)\nYeah, yeah, that's how it 'posed to be (Ah, ah, ah, ah, ah)\nYeah, yeah, that's how it 'posed to be (Ah, ah)\nEverything good like it's 'posed to be (Ooh, ah, ah, ah, ah)\n\n[Verse 2: Chris Brown]\nGot your girl in my section, finna go up (Go up)\nA nigga smokin' loud, I'm 'bout to roll up (Roll up)\nShe ain't never got high like this with a guy like this\nOnce she pop it, tell her, \"Hol' up\" (Hol' up)\nBetter believe she gon' leave with a real nigga\nI dick her down, can't put it down like I do (Like I do)\nI get to bustin', no discussion, gotta deal with it\nTeam us, we ain't worried about you, oh\nMurder she wrote, yeah, yeah\nWhen I hit it, I'ma kill it, I'ma get it like (Get it)\nMurder she wrote\nYou wanna know how I know what I know? (Oh)\n[Verse 3: Jhen\u00e9 Aiko]\nIf your dude come close to me\nHe gon' want to ride off in a Ghost with me (I'll make him do it)\nI might let your boy chauffeur me\nBut he gotta eat the booty like groceries\nBut he gotta get rid of these hoes from me\nI might have that nigga sailin' his soul for me\nOoh, that's how it 'posed to be\nIf he wants me to expose the freak\nOoh, that's how it 'posed to be\nOoh, that's how it 'posed to be\nOoh, that's how it 'posed to be\nEverything good like it 'posed to be, ooh\n\n[Chorus: Omarion, Chris Brown, Omarion & Jhene Aiko]\nIf your chick come close to me (If she come close to me)\nShe ain't going home when she 'posed to be (Oh, yeah, hey, hey)\nOh, yeah, I'm gettin' money like I'm 'posed to be ('Posed to be)\nI'm gettin' money like I'm 'posed to be (Gettin' money)\nOoh, all my niggas close to me (All my niggas close to me)\nAnd all them other niggas where they 'posed to be (Yeah, yeah, yeah)\nOoh, the hoes go for me\nHave your chick send a pic, like, \"Pose for me\" (Ooh, girl)\nOoh, that's how it 'posed to be (Ooh, yeah, ah, ah, ah, ah)\nYeah, that's how it 'posed to be (Ooh, woah)\nOoh, yeah, that's how it 'posed to be (Ooh, hey, ah, ah, ah, ah)\nEverything good like it's 'posed to be\n[Bridge: Chris Brown & Omarion, Chris Brown & Omarion]\nShe 'bout to ride out with me\nAnd I don't even know her name (Her name)\nBut I know that she your girl, yeah (Your girl, your girl, yeah)\nShe chose up, are you mad or nah?\nBruh, don't be mad about it\nThese chicks be for everybody\n\n[Outro: Omarion, Chris Brown & Jhen\u00e9 Aiko]\nOmarion\nC Breezy\nI'll make him do it"
}