{
 "_type": "song",
 "annotation_count": 9,
 "api_path": "/songs/491416",
 "full_title": "Honey, I'm Good. by\u00a0Andy\u00a0Grammer",
 "header_image_thumbnail_url": "https://images.genius.com/42cf8c0cd8dc81240e559e132ce3c723.300x300x1.jpg",
 "header_image_url": "https://images.genius.com/42cf8c0cd8dc81240e559e132ce3c723.1000x1000x1.jpg",
 "id": 491416,
 "instrumental": false,
 "lyrics_owner_id": 93685,
 "lyrics_state": "complete",
 "lyrics_updated_at": 1584914171,
 "path": "/Andy-grammer-honey-im-good-lyrics",
 "pyongs_count": 57,
 "song_art_image_thumbnail_url": "https://images.rapgenius.com/8442ebafa43f2e2165346dbd527581d2.300x300x1.png",
 "song_art_image_url": "https://images.rapgenius.com/8442ebafa43f2e2165346dbd527581d2.1000x1000x1.png",
 "song_art_primary_color": null,
 "song_art_secondary_color": null,
 "song_art_text_color": null,
 "stats": {
  "unreviewed_annotations": 0,
  "hot": false,
  "pageviews": 89157
 },
 "title": "Honey, I\u2019m Good.",
 "title_with_featured": "Honey, I'm Good.",
 "updated_by_human_at": 1558065905,
 "url": "https://genius.com/Andy-grammer-honey-im-good-lyrics",
 "primary_artist": {
  "_type": "artist",
  "api_path": "/artists/37893",
  "header_image_url": "https://images.genius.com/d68146c5458d08d346e15e70ab825731.1000x607x1.png",
  "id": 37893,
  "image_url": "https://images.genius.com/c4edc711774659f4c21b7541af8012ef.1000x1000x1.jpg",
  "index_character": "a",
  "is_meme_verified": false,
  "is_verified": true,
  "name": "Andy Grammer",
  "slug": "Andy-grammer",
  "url": "https://genius.com/artists/Andy-grammer",
  "iq": 968
 },
 "artist": "Andy Grammer",
 "lyrics": "[Intro]\nNah, nah, honey, I'm good\nI could have another but I probably should not\nI got somebody at home, home, home, home\n[Verse 1]\nIt's been a long night here and a long night there\nAnd these long, long legs are damn near everywhere\nHold up now\nYou look good, I will not lie\nBut if you ask where I'm staying tonight, I gotta be like\n[Chorus]\nOh baby, nah baby\nYou got me all wrong, baby\nMy baby's already got all of my love\nSo nah, nah, honey, I'm good\nI could have another but I probably should not\nI got somebody at home and if I stay I might not leave alone\nNah, honey, I'm good\nI could have another but I probably should not\nI gotta bid you adieu, to another I will stay true\nI will stay true, I will stay true\n[Verse 2]\nNow, better men than me have failed\nDrinking from that unholy grail\nNow check it out\nI got her and she got me and you got that ass\nBut I kindly gotta be like\n[Chorus]\nOh baby, nah baby\nYou got me all wrong, baby\nMy baby's already got all of my love\nSo nah, nah, honey, I'm good\nI could have another but I probably should not\nI got somebody at home and if I stay I might not leave alone\nNah, honey, I'm good\nI could have another but I probably should not\nI gotta bid you adieu, to another I will stay true\nI will stay true, I will stay true\n\n[Bridge]\nOh, I'm sure you, sure you will make somebody's night\nBut oh, I assure you, assure you it sure as hell's not mine\n\n[Chorus]\nOh no, honey, I'm good\nI could have another but I probably should not\nI got somebody at home and if I stay I might not leave alone\nNah, honey, I'm good\nI could have another but I probably should not\nI gotta bid you adieu, to another I will stay true\nNah, nah, honey, I'm good\nI could have another but I probably should not\nI got somebody at home and if I stay I might not leave alone\nNah, honey, I'm good\nI could have another but I probably should not\nI gotta bid you adieu, to another I will stay true\nI will stay true, I will stay true, I will stay true"
}