{
 "_type": "song",
 "annotation_count": 2,
 "api_path": "/songs/336227",
 "full_title": "I'm Not the Only One by\u00a0Sam\u00a0Smith",
 "header_image_thumbnail_url": "https://images.genius.com/e03b262e483619f35f7dfc6653cb2d93.300x300x1.jpg",
 "header_image_url": "https://images.genius.com/e03b262e483619f35f7dfc6653cb2d93.820x820x1.jpg",
 "id": 336227,
 "instrumental": false,
 "lyrics_owner_id": 322579,
 "lyrics_state": "complete",
 "lyrics_updated_at": 1615170196,
 "path": "/Sam-smith-im-not-the-only-one-lyrics",
 "pyongs_count": 418,
 "song_art_image_thumbnail_url": "https://images.genius.com/11763cabd4d79487bd14cf0876c75a8d.300x300x1.jpg",
 "song_art_image_url": "https://images.genius.com/11763cabd4d79487bd14cf0876c75a8d.1000x1000x1.jpg",
 "song_art_primary_color": null,
 "song_art_secondary_color": null,
 "song_art_text_color": null,
 "stats": {
  "unreviewed_annotations": 0,
  "concurrents": 2,
  "hot": false,
  "pageviews": 1080696
 },
 "title": "I\u2019m Not the Only One",
 "title_with_featured": "I'm Not the Only One",
 "updated_by_human_at": 1615170196,
 "url": "https://genius.com/Sam-smith-im-not-the-only-one-lyrics",
 "primary_artist": {
  "_type": "artist",
  "api_path": "/artists/43383",
  "header_image_url": "https://images.genius.com/541b4856051d5c2de6ad6ce41feeb53a.790x395x1.jpg",
  "id": 43383,
  "image_url": "https://images.genius.com/2b8fe4aaac3815fc8e9e76f98b54095b.1000x1000x1.jpg",
  "index_character": "s",
  "is_meme_verified": false,
  "is_verified": false,
  "name": "Sam Smith",
  "slug": "Sam-smith",
  "url": "https://genius.com/artists/Sam-smith"
 },
 "artist": "Sam Smith",
 "lyrics": "[Verse 1]\nYou and me, we made a vow\nFor better or for worse\nI can't believe you let me down\nBut the proof's in the way it hurts\nFor months on end I've had my doubts\nDenying every tear\nI wish this would be over now\nBut I know that I still need you here\n\n[Chorus]\nYou say I'm crazy\n'Cause you don't think I know what you've done\nBut when you call me baby\nI know I'm not the only one\n\n[Verse 2]\nYou've been so unavailable\nNow, sadly, I know why\nYour heart is unobtainable\nEven though Lord knows you kept mine\n\n[Chorus]\nYou say I'm crazy\n'Cause you don't think I know what you've done\nBut when you call me baby\nI know I'm not the only one\n[Bridge]\nI have loved you for many years\nMaybe I am just not enough\nYou've made me realise my deepest fear\nBy lying and tearing us up\n\n[Chorus]\nYou say I'm crazy\n'Cause you don't think I know what you've done\nBut when you call me baby\nI know I'm not the only one\n\nYou say I'm crazy\n'Cause you don't think I know what you've done\nBut when you call me baby\nI know I'm not the only one\n\n[Outro]\nI know I'm not the only one\nI know I'm not the only one\nAnd I know, and I know, and I know, and I know, and I know, and I know, know\nI know I'm not the only one"
}