{
 "_type": "song",
 "annotation_count": 16,
 "api_path": "/songs/542390",
 "full_title": "Style by\u00a0Taylor\u00a0Swift",
 "header_image_thumbnail_url": "https://images.genius.com/d022400aad4680759c278a348d5aaa9b.300x300x1.png",
 "header_image_url": "https://images.genius.com/d022400aad4680759c278a348d5aaa9b.1000x1000x1.png",
 "id": 542390,
 "instrumental": false,
 "lyrics_owner_id": 258143,
 "lyrics_state": "complete",
 "lyrics_updated_at": 1616371097,
 "path": "/Taylor-swift-style-lyrics",
 "pyongs_count": 1011,
 "song_art_image_thumbnail_url": "https://images.genius.com/b9164869778f4f40230d599880b7bfc8.300x300x1.jpg",
 "song_art_image_url": "https://images.genius.com/b9164869778f4f40230d599880b7bfc8.1000x1000x1.jpg",
 "song_art_primary_color": null,
 "song_art_secondary_color": null,
 "song_art_text_color": null,
 "stats": {
  "unreviewed_annotations": 0,
  "concurrents": 2,
  "hot": false,
  "pageviews": 953768
 },
 "title": "Style",
 "title_with_featured": "Style",
 "updated_by_human_at": 1616371097,
 "url": "https://genius.com/Taylor-swift-style-lyrics",
 "primary_artist": {
  "_type": "artist",
  "api_path": "/artists/1177",
  "header_image_url": "https://images.genius.com/382ebc39e763a6d7b5fa7a2312d14905.1000x333x1.jpg",
  "id": 1177,
  "image_url": "https://images.genius.com/3c1f124fcbbc2857a95e513fb34cc5a8.400x400x1.jpg",
  "index_character": "t",
  "is_meme_verified": true,
  "is_verified": true,
  "name": "Taylor Swift",
  "slug": "Taylor-swift",
  "url": "https://genius.com/artists/Taylor-swift",
  "iq": 1540
 },
 "artist": "Taylor Swift",
 "lyrics": "[Verse 1]\nMidnight\nYou come and pick me up, no headlights\nLong drive\nCould end in burning flames or paradise\nFade into view, oh\nIt's been a while since I have even heard from you\n(Heard from you)\nAnd I should just tell you to leave, 'cause I\nKnow exactly where it leads, but I\nWatch us go 'round and 'round each time\n\n[Chorus]\nYou got that James Dean daydream look in your eye\nAnd I got that red lip classic thing that you like\nAnd when we go crashing down, we come back every time\n'Cause we never go out of style, we never go out of style\nYou got that long hair, slicked back, white t-shirt\nAnd I got that good girl faith and a tight little skirt\nAnd when we go crashing down, we come back every time\n'Cause we never go out of style, we never go out of style\n\n[Verse 2]\nSo it goes\nHe can't keep his wild eyes on the road (Mmm)\nTakes me home\nThe lights are off, he's taking off his coat (Mmm, yeah)\nI say, \"I heard, oh\nThat you've been out and about with some other girl\"\nSome other girl\nHe says, \"What you heard is true, but I\nCan't stop thinking 'bout you and I\"\nI said, \"I've been there too a few times\"\n[Chorus]\n'Cause you got that James Dean daydream look in your eye\nAnd I got that red lip classic thing that you like\nAnd when we go crashing down, we come back every time\n'Cause we never go out of style, we never go out of style\nYou got that long hair, slicked back, white t-shirt\nAnd I got that good girl faith and a tight little skirt\n(A tight little skirt)\nAnd when we go crashing down, we come back every time\n'Cause we never go out of style (we never go, we never go)\nWe never go out of style\n\n[Bridge]\nTake me home\nJust take me home\nYeah, just take me home\nOh-oh, whoa-oh, oh\n(Out of style)\n\n[Chorus]\nOh, you got that James Dean daydream look in your eye\nAnd I got that red lip classic thing that you like\nAnd when we go crashing down (And when we go)\nWe come back every time\n'Cause we never go out of style, we never go out of style"
}