{
 "_type": "song",
 "annotation_count": 1,
 "api_path": "/songs/3311530",
 "full_title": "See You Again by\u00a0Charlie\u00a0Puth & Wiz Khalifa, DLJ The Real (Ft.\u00a0DLJTheReal)",
 "header_image_thumbnail_url": "https://assets.genius.com/images/default_cover_image.png?1617031125",
 "header_image_url": "https://assets.genius.com/images/default_cover_image.png?1617031125",
 "id": 3311530,
 "instrumental": false,
 "lyrics_owner_id": 5296361,
 "lyrics_state": "complete",
 "lyrics_updated_at": 1510281420,
 "path": "/Charlie-puth-and-wiz-khalifa-dlj-the-real-see-you-again-lyrics",
 "pyongs_count": null,
 "song_art_image_thumbnail_url": "https://assets.genius.com/images/default_cover_image.png?1617031125",
 "song_art_image_url": "https://assets.genius.com/images/default_cover_image.png?1617031125",
 "song_art_primary_color": null,
 "song_art_secondary_color": null,
 "song_art_text_color": null,
 "stats": {
  "unreviewed_annotations": 1,
  "hot": false
 },
 "title": "See You Again",
 "title_with_featured": "See You Again (Ft.\u00a0DLJTheReal)",
 "updated_by_human_at": 1510281420,
 "url": "https://genius.com/Charlie-puth-and-wiz-khalifa-dlj-the-real-see-you-again-lyrics",
 "primary_artist": {
  "_type": "artist",
  "api_path": "/artists/1256740",
  "header_image_url": "https://assets.genius.com/images/default_avatar_300.png?1617031125",
  "id": 1256740,
  "image_url": "https://assets.genius.com/images/default_avatar_300.png?1617031125",
  "index_character": "c",
  "is_meme_verified": false,
  "is_verified": false,
  "name": "Charlie Puth & Wiz Khalifa, DLJ The Real",
  "slug": "Charlie-puth-and-wiz-khalifa-dlj-the-real",
  "url": "https://genius.com/artists/Charlie-puth-and-wiz-khalifa-dlj-the-real"
 },
 "artist": "Charlie Puth & Wiz Khalifa, DLJ The Real",
 "lyrics": "It's been a long day without you, my friend\nAnd I'll tell you all about it when I see you again\nWe've come a long way from where we began\nOh, I'll tell you all about it when I see you again\nWhen I see you again\n\nDang, who knew?\nAll the planes we flew\nGood things we've been through\nThat I'll be standing right here talking to you\n'Bout another path\nI know we loved to hit the road and laugh\nBut something told me that it wouldn't last\nHad to switch up\nLook at things different, see the bigger picture\nThose were the days\nHard work forever pays\nNow I see you in a better place (see you in a better place)\n\nUh\nHow can we not talk about family when family's all that we got?\nEverything I went through you were standing there by my side\nAnd now you gon' be with me for the last ride\n\nIt's been a long day without you, my friend\nAnd I'll tell you all about it when I see you again\nWe've come a long way from where we began\nOh, I'll tell you all about it when I see you again\nWhen I see you again\n(Aah oh, aah oh\nWooooh-oh-oh-oh-oh-oh)\nYeah\n\nFirst you both go out your way\nAnd the vibe is feeling strong\nAnd what's small turn to a friendship\nA friendship turn to a bond\nAnd that bond will never be broken\nThe love will never get lost\nAnd when brotherhood come first\nThen the line will never be crossed\nEstablished it on our own\nWhen that line had to be drawn\nAnd that line is what we reach\nSo remember me when I'm gone\n\nHow can we not talk about family when family's all that we got?\nEverything I went through you were standing there by my side\nAnd now you gon' be with me for the last ride\n\nSo let the light guide your way, yeah\nHold every memory as you go\nAnd every road you take, will always lead you home, home\n\nIt's been a long day without you, my friend\nAnd I'll tell you all about it when I see you again\nWe've come a long way from where we began\nOh, I'll tell you all about it when I see you again\nWhen I see you again\nAah oh, aah oh\nWooooh-oh-oh-oh-oh-oh\nYeah\n\nWhen I see you again\nSee you again\nWhen I see you again\n\nAah oh, aah oh\nWooooh-oh-oh-oh-oh-oh\nYeah\nWhen I see you again"
}