{
 "_type": "song",
 "annotation_count": 10,
 "api_path": "/songs/2263723",
 "full_title": "Hotline Bling by\u00a0Drake",
 "header_image_thumbnail_url": "https://images.genius.com/615f00c44861bf07488b9c262183fda0.300x300x1.png",
 "header_image_url": "https://images.genius.com/615f00c44861bf07488b9c262183fda0.1000x1000x1.png",
 "id": 2263723,
 "instrumental": false,
 "lyrics_owner_id": 744505,
 "lyrics_state": "complete",
 "lyrics_updated_at": 1602518526,
 "path": "/Drake-hotline-bling-lyrics",
 "pyongs_count": 617,
 "song_art_image_thumbnail_url": "https://images.genius.com/f3be0158d3a067a81b075686a3a2e63d.300x300x1.png",
 "song_art_image_url": "https://images.genius.com/f3be0158d3a067a81b075686a3a2e63d.1000x1000x1.png",
 "song_art_primary_color": null,
 "song_art_secondary_color": null,
 "song_art_text_color": null,
 "stats": {
  "unreviewed_annotations": 0,
  "hot": false,
  "pageviews": 6742580
 },
 "title": "Hotline Bling",
 "title_with_featured": "Hotline Bling",
 "updated_by_human_at": 1602518526,
 "url": "https://genius.com/Drake-hotline-bling-lyrics",
 "primary_artist": {
  "_type": "artist",
  "api_path": "/artists/130",
  "header_image_url": "https://images.genius.com/ff945138efd08fc1a649ceb92489bf4c.540x304x25.gif",
  "id": 130,
  "image_url": "https://images.genius.com/2946a6c564c58ffa0ea6f029d5c7d079.1000x1000x1.jpg",
  "index_character": "d",
  "is_meme_verified": false,
  "is_verified": false,
  "name": "Drake",
  "slug": "Drake",
  "url": "https://genius.com/artists/Drake"
 },
 "artist": "Drake",
 "lyrics": "[Intro]\nYou used to call me on my\nYou used to, you used to\nYeah\n\n[Chorus]\nYou used to call me on my cell phone\nLate-night when you need my love\nCall me on my cell phone\nLate-night when you need my love\nAnd I know when that hotline bling\nThat can only mean one thing\nI know when that hotline bling\nThat can only mean one thing\n\n[Verse 1]\nEver since I left the city, you\nGot a reputation for yourself now\nEverybody knows and I feel left out\nGirl, you got me down, you got me stressed out\n'Cause ever since I left the city, you\nStarted wearing less and goin' out more\nGlasses of champagne out on the dance floor\nHangin' with some girls I've never seen before\n\n[Chorus]\nYou used to call me on my cell phone\nLate-night when you need my love\nCall me on my cell phone\nLate-night when you need my love\nI know when that hotline bling\nThat can only mean one thing\nI know when that hotline bling\nThat can only mean one thing\n[Verse 2]\nEver since I left the city, you, you, you\nYou and me, we just don't get along\nYou make me feel like I did you wrong\nGoing places where you don't belong\nEver since I left the city, you\nYou got exactly what you asked for\nRunning out of pages in your passport\nHangin' with some girls I've never seen before\n\n[Chorus]\nYou used to call me on my cell phone\nLate-night when you need my love\nCall me on my cell phone\nLate-night when you need my love\nAnd I know when that hotline bling\nThat can only mean one thing\nI know when that hotline bling\nThat can only mean one thing\n\n[Bridge]\nThese days, all I do is\nWonder if you're bendin' over backwards for someone else\nWonder if you're rolling up a Backwoods for someone else\nDoing things I taught you, gettin' nasty for someone else\nYou don't need no one else\nYou don't need nobody else, no\nWhy you never alone?\nWhy you always touching road?\nUsed to always stay at home\nBe a good girl, you was in the zone\nYeah, you should just be yourself\nRight now, you're someone else\n[Chorus]\nYou used to call me on my cell phone\nLate-night when you need my love\nCall me on my cell phone\nLate-night when you need my love\nAnd I know when that hotline bling\nThat can only mean one thing\nI know when that hotline bling\nThat can only mean one thing\n\n[Outro]\nEver since I left the city\u2026\n[Produced by Nineteen85]"
}