{
 "_type": "song",
 "annotation_count": 5,
 "api_path": "/songs/554208",
 "full_title": "Hey Mama by\u00a0David\u00a0Guetta (Ft.\u00a0Afrojack, Bebe\u00a0Rexha & Nicki\u00a0Minaj)",
 "header_image_thumbnail_url": "https://images.genius.com/ba323986c7c36f64fea2f5fb06c73a44.300x300x1.jpg",
 "header_image_url": "https://images.genius.com/ba323986c7c36f64fea2f5fb06c73a44.1000x1000x1.jpg",
 "id": 554208,
 "instrumental": false,
 "lyrics_owner_id": 879608,
 "lyrics_state": "complete",
 "lyrics_updated_at": 1611947143,
 "path": "/David-guetta-hey-mama-lyrics",
 "pyongs_count": 166,
 "song_art_image_thumbnail_url": "https://images.rapgenius.com/60b28fd3bf008fc9da4f90854d1d9e69.300x300x1.png",
 "song_art_image_url": "https://images.rapgenius.com/60b28fd3bf008fc9da4f90854d1d9e69.1000x1000x1.png",
 "song_art_primary_color": null,
 "song_art_secondary_color": null,
 "song_art_text_color": null,
 "stats": {
  "unreviewed_annotations": 0,
  "hot": false,
  "pageviews": 423069
 },
 "title": "Hey Mama",
 "title_with_featured": "Hey Mama (Ft.\u00a0Afrojack, Bebe\u00a0Rexha & Nicki\u00a0Minaj)",
 "updated_by_human_at": 1615396844,
 "url": "https://genius.com/David-guetta-hey-mama-lyrics",
 "primary_artist": {
  "_type": "artist",
  "api_path": "/artists/2578",
  "header_image_url": "https://images.genius.com/c80db06e48b742f85575a0e64350a60b.941x624x1.jpg",
  "id": 2578,
  "image_url": "https://images.genius.com/65d304cb93bbe53967e0642c105f8c4e.886x886x1.jpg",
  "index_character": "d",
  "is_meme_verified": false,
  "is_verified": false,
  "name": "David Guetta",
  "slug": "David-guetta",
  "url": "https://genius.com/artists/David-guetta"
 },
 "artist": "David Guetta",
 "lyrics": "[Intro: Alan Lomax]\nBe my woman, girl, I'll be your man\nBe my woman, girl, I'll be your man\n\n[Verse 1: Nicki Minaj]\n(Yo) Yes, I'll be your woman, yes, I'll be your baby\nYes, I'll be whatever that you tell me when you're ready\nYes, I'll be your girl, forever your lady\nYou ain't ever gotta worry, I'm down for you baby (Uh)\n\n[Pre-Chorus: Nicki Minaj]\nBest believe that, when you need that\nI'll provide that, you will always have it\nI'll be on deck, keep it in check\nWhen you need that, I'mma let you have it\n\n[Chorus: Bebe Rexha]\nBeating my drum like \"dum di di day\"\nI like the dirty rhythm you play\nI wanna hear you calling my name\nLike \"hey mama, mama, hey mama, ma\"\nBanging the drum like \"dum di di day\"\nI know you want it in the worst way\nI wanna hear you calling my name\nLike \"hey mama, mama, hey mama, ma\"\n[Post-Chorus: Alan Lomax]\nBe my woman, girl, I'll be your man\nBe my woman, girl, I'll be your man\n\n[Verse 2: Nicki Minaj]\nYes, I do the cooking, yes, I do the cleaning\nPlus, I keep the na-na real sweet for your eating\nYes you be the boss, and yes I be respecting\nWhatever that you tell me, cause it's game you be spitting, oh\n\n[Pre-Chorus: Nicki Minaj]\nBest believe that (Oh), when you need that (Oh-oh)\nI'll provide that, you will always have it\nI'll be on deck, keep it in check\nWhen you need that, I'mma let you have it\n\n[Chorus: Bebe Rexha]\nBeating my drum like \"dum di di day\"\nI like the dirty rhythm you play\nI wanna hear you calling my name\nLike \"hey mama, mama, hey mama, ma\"\nBanging the drum like \"dum di di day\"\nI know you want it in the worst way\nI wanna hear you calling my name\nLike \"hey mama, mama, hey mama, ma\"\n[Post-Chorus: Alan Lomax]\nBe my woman, girl, I'll be your man\nBe my woman, girl, I'll be your man\n\n[Verse 3: Nicki Minaj]\nWhole crew got the juice, yo' dick game the truth\nMy screams is the proof, them other dudes get the deuce\nWhen I speed in the coupe, leaving this interview\nIt ain't nothin' new, I been fuckin' with you\nNone of them bitches ain't taking you, just tell them to make a U\nHuh, that how it be, I come first like debuts, huh\nSo baby when you need that, give me that word\nI'm no good, I'll be bad for my baby\n\n[Bridge: Nicki Minaj]\nSo I make sure that he's getting his share\nSo I make sure that his baby take care\nSo I make sure I'm on my toes, on my knees\nKeep him pleased, rub him down, be a lady and a freak, oh\n\n[Chorus: Bebe Rexha]\nBeating my drum like \"dum di di day\"\nI like the dirty rhythm you play\nI wanna hear you calling my name\nLike \"hey mama, mama, hey mama, ma\"\nBanging the drum like \"dum di di day\"\nI know you want it in the worst way\nI wanna hear you calling my name\nLike \"hey mama, mama, hey mama, ma\"\n[Post-Chorus: Alan Lomax]\nBe my woman, girl, I'll be your man\nBe my woman, girl, I'll be your man"
}