{
 "_type": "song",
 "annotation_count": 25,
 "api_path": "/songs/503256",
 "full_title": "GDFR by\u00a0Flo\u00a0Rida (Ft.\u00a0Lookas & Sage\u00a0The Gemini)",
 "header_image_thumbnail_url": "https://images.genius.com/e96d949b0749ba1ba370b7ae116ce653.300x300x1.jpg",
 "header_image_url": "https://images.genius.com/e96d949b0749ba1ba370b7ae116ce653.1000x1000x1.jpg",
 "id": 503256,
 "instrumental": false,
 "lyrics_owner_id": 549398,
 "lyrics_state": "complete",
 "lyrics_updated_at": 1604828784,
 "path": "/Flo-rida-gdfr-lyrics",
 "pyongs_count": 99,
 "song_art_image_thumbnail_url": "https://images.genius.com/f97c584cc91be1bfc9ee29becd8ce019.300x300x1.jpg",
 "song_art_image_url": "https://images.genius.com/f97c584cc91be1bfc9ee29becd8ce019.1000x1000x1.jpg",
 "song_art_primary_color": null,
 "song_art_secondary_color": null,
 "song_art_text_color": null,
 "stats": {
  "unreviewed_annotations": 0,
  "hot": false,
  "pageviews": 172888
 },
 "title": "GDFR",
 "title_with_featured": "GDFR (Ft.\u00a0Lookas & Sage\u00a0The Gemini)",
 "updated_by_human_at": 1615056425,
 "url": "https://genius.com/Flo-rida-gdfr-lyrics",
 "primary_artist": {
  "_type": "artist",
  "api_path": "/artists/1081",
  "header_image_url": "https://images.genius.com/44e416652d99d5ed1cb096db255fc5ab.1000x333x1.jpg",
  "id": 1081,
  "image_url": "https://images.genius.com/0c53aacbe8eb21d44f3a7faf98e26f45.658x658x1.jpg",
  "index_character": "f",
  "is_meme_verified": false,
  "is_verified": false,
  "name": "Flo Rida",
  "slug": "Flo-rida",
  "url": "https://genius.com/artists/Flo-rida"
 },
 "artist": "Flo Rida",
 "lyrics": "[Chorus: Sage the Gemini]\nI know what you came here to see\nIf you're a freak, then you comin' home with me\nAnd I know what you came here to do\nNow bust it open, let me see you get loose\nIt's goin' down for real\nIt's goin' down for real\nIt's goin' down for real\n\n[Verse 1: Flo Rida]\nYo' girl just kissed a girl, I do bi chicks\nShake for a sheik, I'm throwin' these Emirates in the sky\nSpendin' this As-salamu alaykum, peace to M-O-N-E-Y\nI love my beaches, south beaches, surfboard in high tide\nI could just roll up 'cause I'm swole up\nSo that birthday cake get the cobra\nBugatti for real, I'm cold, bruh\nThat auto-biography rover\nGot the key to my city, it's over\nIt's no thots, only Anna Kournikova's\nI set records, ratchets hol' up (I set records, ratchets hol' up)\n\n[Chorus: Sage the Gemini]\nI know what you came here to see\nIf you're a freak, then you comin' home with me\nAnd I know what you came here to do\nNow bust it open, let me see you get loose\nIt's goin' down for real\nIt's goin' down for real\n(And they already know me)\nIt's goin' down for real\n[Verse 2: Sage the Gemini]\nIt's going down further than femurs\nGirls get wetter than Katrina\nYeah, my girl, you've never seen her\n'Cause my tints by limousines\nMy touch say it's the Midas\nWe the plus, your man a minus\nMy team blowin' on that slam\nMake you cough-cough, that's Bronchitis\nPut your hands up, oh\nIt's a stick up, no more makeup\nGet that ass on the floor\nLadies, put your lipstick up\nDouble entendre, double entendre\nWhile you're hatin', I get money\nThen I double up tonkers\n\n[Chorus: Sage the Gemini]\nI know what you came here to see\nIf you're a freak, then you comin' home with me\nAnd I know what you came here to do\nNow bust it open, let me see you get loose\nIt's goin' down for real\nIt's goin' down for real\nIt's goin' down for real\nIt's goin' down for real\nIt's goin' down for real\n[Bridge: Flo Rida]\nLift it, drop it, shake it, pop it\nLift it, drop it, shake it, pop it\nLift it, drop it, shake it, pop it\nLift it, drop it, shake it\n\n[Outro: Sage The Gemini]\nIt's goin' down for real\nIt's goin' down for real\nIt's goin' down for real\nIt's goin' down for real\nIt's goin' down for real"
}