{
 "_type": "song",
 "annotation_count": 7,
 "api_path": "/songs/2286779",
 "full_title": "What Do You Mean? by\u00a0Justin\u00a0Bieber",
 "header_image_thumbnail_url": "https://images.genius.com/ff429a6c7bf8e73717ad263f800f1cf7.300x300x1.jpg",
 "header_image_url": "https://images.genius.com/ff429a6c7bf8e73717ad263f800f1cf7.1000x1000x1.jpg",
 "id": 2286779,
 "instrumental": false,
 "lyrics_owner_id": 672397,
 "lyrics_state": "complete",
 "lyrics_updated_at": 1603904008,
 "path": "/Justin-bieber-what-do-you-mean-lyrics",
 "pyongs_count": 82,
 "song_art_image_thumbnail_url": "https://images.genius.com/bf99a05378bcbd8522b117dffd1fc4b0.300x300x1.jpg",
 "song_art_image_url": "https://images.genius.com/bf99a05378bcbd8522b117dffd1fc4b0.1000x1000x1.jpg",
 "song_art_primary_color": null,
 "song_art_secondary_color": null,
 "song_art_text_color": null,
 "stats": {
  "unreviewed_annotations": 0,
  "hot": false,
  "pageviews": 1155370
 },
 "title": "What Do You Mean?",
 "title_with_featured": "What Do You Mean?",
 "updated_by_human_at": 1615051205,
 "url": "https://genius.com/Justin-bieber-what-do-you-mean-lyrics",
 "primary_artist": {
  "_type": "artist",
  "api_path": "/artists/357",
  "header_image_url": "https://images.genius.com/be2c60bdfb3ea6844a46cc5873c75b89.1000x563x1.jpg",
  "id": 357,
  "image_url": "https://images.genius.com/8c95afb142e16e2e053b4384514dc339.938x938x1.png",
  "index_character": "j",
  "is_meme_verified": true,
  "is_verified": true,
  "name": "Justin Bieber",
  "slug": "Justin-bieber",
  "url": "https://genius.com/artists/Justin-bieber",
  "iq": 1533
 },
 "artist": "Justin Bieber",
 "lyrics": "[Intro]\n\n[Chorus]\nWhat do you mean? Oh, oh\nWhen you nod your head yes, but you wanna say no\nWhat do you mean? Hey, yeah\nWhen you don't want me to move, but you tell me to go\nWhat do you mean? Oh, what do you mean?\nSaid you're runnin' outta time, what do you mean?\nOh, oh, oh, what do you mean?\nBetter make up your mind, what do you mean?\n\n[Verse 1]\nYou\u2019re so indecisive of what I'm sayin'\nTryna catch the beat, make up your heart\nDon't know if you're happy or complainin'\nDon't want for us to end, where do I start?\n\n[Pre-Chorus]\nFirst you wanna go to the left, then you wanna turn right (Right)\nWanna argue all day, makin' love all night (All night)\nFirst you're up, then you\u2019re down, and then between ('Tween)\nOh, I really wanna know\n\n[Chorus]\nWhat do you mean? Oh, oh\nWhen you nod your head yes, but you wanna say no\nWhat do you mean? Hey, yeah\nWhen you don't want me to move, but you tell me to go\nWhat do you mean? Oh, what do you mean?\nSaid you're runnin' outta time, what do you mean?\nOh, oh, oh, what do you mean? Better make up your mind\nWhat do you mean?\n[Verse 2]\nYou\u2019re overprotective when I'm leavin'\nTryna compromise, but I can\u2019t win\nYou wanna make a point, but you keep preachin'\nYou had me from the start, won't let this end\n\n[Pre-Chorus]\nFirst you wanna go to the left, then you wanna turn right\n(Turn right)\nWanna argue all day, makin' love all night (All night)\nFirst you're up, then you\u2019re down, and then between ('Tween)\nOh, I really wanna know\n\n[Chorus]\nWhat do you mean? Oh, oh (Yeah, yeah, yeah, yeah)\nWhen you nod your head yes, but you wanna say no\nWhat do you mean? (Oh, what do you mean?) Hey, yeah\nWhen you don't want me to move, but you tell me to go\nWhat do you mean? (I wanna know, ooh)\nOh, what do you mean? (Ooh)\nSaid you're runnin' outta time, what do you mean? (Oh, baby)\nOh, oh, oh, what do you mean? Better make up your mind\nWhat do you mean? (Don't be so selfish, baby, yeah, yeah) Oh, oh\nWhen you nod your head yes, but you wanna say no\nWhat do you mean? (You're so confusin', baby) Hey, yeah\nWhen you don't want me to move (Hey), but you tell me to go\nWhat do you mean? (Be more straightforward)\nOh, what do you mean? (Hey, ah, ah, ah)\nSaid you're runnin' outta time, what do you mean? (Hey, ah, ah, ah)\nOh, oh, oh, what do you mean? Better make up your mind\nWhat do you mean?"
}