{
 "_type": "song",
 "annotation_count": 12,
 "api_path": "/songs/451776",
 "full_title": "Photograph by\u00a0Ed\u00a0Sheeran",
 "header_image_thumbnail_url": "https://images.genius.com/589abbcd8bb2eb07890163dad463811e.300x300x1.jpg",
 "header_image_url": "https://images.genius.com/589abbcd8bb2eb07890163dad463811e.1000x1000x1.jpg",
 "id": 451776,
 "instrumental": false,
 "lyrics_owner_id": 672397,
 "lyrics_state": "complete",
 "lyrics_updated_at": 1611481281,
 "path": "/Ed-sheeran-photograph-lyrics",
 "pyongs_count": 269,
 "song_art_image_thumbnail_url": "https://images.genius.com/949b16e98087014f363749af9776258d.300x300x1.jpg",
 "song_art_image_url": "https://images.genius.com/949b16e98087014f363749af9776258d.600x600x1.jpg",
 "song_art_primary_color": null,
 "song_art_secondary_color": null,
 "song_art_text_color": null,
 "stats": {
  "unreviewed_annotations": 0,
  "hot": false,
  "pageviews": 1258104
 },
 "title": "Photograph",
 "title_with_featured": "Photograph",
 "updated_by_human_at": 1612804184,
 "url": "https://genius.com/Ed-sheeran-photograph-lyrics",
 "primary_artist": {
  "_type": "artist",
  "api_path": "/artists/12418",
  "header_image_url": "https://images.genius.com/9b501d1e2fedb6654f9f7f078a14679d.1000x667x1.jpg",
  "id": 12418,
  "image_url": "https://images.genius.com/1ff6b6189e1a78e497e09c90c1f6692e.1000x1000x1.jpg",
  "index_character": "e",
  "is_meme_verified": true,
  "is_verified": true,
  "name": "Ed Sheeran",
  "slug": "Ed-sheeran",
  "url": "https://genius.com/artists/Ed-sheeran",
  "iq": 1300
 },
 "artist": "Ed Sheeran",
 "lyrics": "[Verse 1]\nLoving can hurt, loving can hurt sometimes\nBut it's the only thing that I know\nWhen it gets hard, you know it can get hard sometimes\nIt is the only thing that makes us feel alive\n\n[Pre-Chorus]\nWe keep this love in a photograph\nWe made these memories for ourselves\nWhere our eyes are never closing\nOur hearts were never broken\nAnd time's forever frozen, still\n\n[Chorus]\nSo you can keep me\nInside the pocket of your ripped jeans\nHolding me close until our eyes meet\nYou won't ever be alone, wait for me to come home\n\n[Verse 2]\nLoving can heal, loving can mend your soul\nAnd it's the only thing that I know, know\nI swear it will get easier, remember that with every piece of ya\nAnd it's the only thing to take with us when we die\n\n[Pre-Chorus]\nWe keep this love in a photograph\nWe made these memories for ourselves\nWhere our eyes are never closing\nOur hearts were never broken\nAnd time's forever frozen, still\n[Chorus]\nSo you can keep me\nInside the pocket of your ripped jeans\nHolding me close until our eyes meet\nYou won't ever be alone\nAnd if you hurt me, that's okay, baby\nOnly words bleed inside these pages, you just hold me\nAnd I won't ever let you go\nWait for me to come home\n\n[Bridge]\nWait for me to come home\nWait for me to come home\nWait for me to come home\n\n[Chorus]\nOh, you can fit me\nInside the necklace you got when you were 16\nNext to your heartbeat where I should be\nKeep it deep within your soul\nAnd if you hurt me, that's okay, baby\nOnly words bleed inside these pages\nYou just hold me\nAnd I won't ever let you go\n\n[Outro]\nWhen I'm away, I will remember how you kissed me\nUnder the lamppost back on Sixth street\nHearing you whisper through the phone\n\"Wait for me to come home\""
}