{
 "_type": "song",
 "annotation_count": 8,
 "api_path": "/songs/655148",
 "full_title": "Somebody by\u00a0Natalie\u00a0La Rose (Ft.\u00a0Jeremih)",
 "header_image_thumbnail_url": "https://images.genius.com/e1ddda2be702382927e4b67039188369.300x300x1.png",
 "header_image_url": "https://images.genius.com/e1ddda2be702382927e4b67039188369.1000x1000x1.png",
 "id": 655148,
 "instrumental": false,
 "lyrics_owner_id": 104344,
 "lyrics_state": "complete",
 "lyrics_updated_at": 1502035868,
 "path": "/Natalie-la-rose-somebody-lyrics",
 "pyongs_count": 250,
 "song_art_image_thumbnail_url": "https://images.genius.com/e1ddda2be702382927e4b67039188369.300x300x1.png",
 "song_art_image_url": "https://images.genius.com/e1ddda2be702382927e4b67039188369.1000x1000x1.png",
 "song_art_primary_color": null,
 "song_art_secondary_color": null,
 "song_art_text_color": null,
 "stats": {
  "unreviewed_annotations": 0,
  "hot": false,
  "pageviews": 584848
 },
 "title": "Somebody",
 "title_with_featured": "Somebody (Ft.\u00a0Jeremih)",
 "updated_by_human_at": 1584916598,
 "url": "https://genius.com/Natalie-la-rose-somebody-lyrics",
 "primary_artist": {
  "_type": "artist",
  "api_path": "/artists/298881",
  "header_image_url": "https://images.genius.com/884867305575b88f9c485346be5f3828.1000x721x1.jpg",
  "id": 298881,
  "image_url": "https://images.genius.com/a564cb36b266c8ed4100ec1908ea2d13.1000x1000x1.jpg",
  "index_character": "n",
  "is_meme_verified": false,
  "is_verified": false,
  "name": "Natalie La Rose",
  "slug": "Natalie-la-rose",
  "url": "https://genius.com/artists/Natalie-la-rose"
 },
 "artist": "Natalie La Rose",
 "lyrics": "[Intro]\nCome on\nNatalie La Rose\n\n[Chorus: Jeremih]\nI wanna rock with somebody\nI wanna take shots with somebody\nI wanna leave with somebody\nAnd we ain't gonna tell nobody, we ain't gonna tell nobody\n\n[Verse 1: Natalie La Rose]\nWalk in, everybody knows what's good\nBut some gonna hate, what's new?\nWe just do our thing, no time to waste\nAlways play it cool\n\n[Pre-Chorus: Natalie La Rose (Jeremih)]\nAnd at the end of the night when the lights go out\nWill we turn down? Oh no we won't\n(We ain't never turnin' down, we ain't never turnin' down)\nAnd when they try to make us leave\nWe turn and say we never going home\n(And you know just what I wanna do)\n\n[Chorus: Jeremih]\nI wanna rock with somebody\nI wanna take shots with somebody\nI wanna leave with somebody\nAnd we ain't gotta tell nobody, we ain't gotta tell nobody\n[Verse 2: Natalie La Rose]\nWalk in, everybody know what's good\nWe're our only plug\nBring us everything we think we need\nTonight is goin' up\nTonight is goin' up\n\n[Pre-Chorus: Natalie La Rose (Jeremih)]\nAnd at the end of the night when the lights go out\nWill we turn down? Oh no we won't\n(We ain't never turnin' down, we ain't never turnin' down)\nAnd when they try to make us leave\nWe turn and say we never going home\n(And you know just what I wanna do)\n\n[Chorus: Jeremih]\nI wanna rock with somebody\nI wanna take shots with somebody\nI wanna leave with somebody\nAnd we ain't gotta tell nobody, we ain't gotta tell nobody\n\n[Bridge: Natalie La Rose]\nIn the club like what\nWe be in the party in the club like what\nAnd the club like\nWe be in the city going dumb like what\nIn the club like what\nWe be in the party in the club like what\nWe be in the city going dumb like what\nWe be in the party in the club like what\n[Pre-Chorus: Natalie La Rose (Jeremih)]\nAnd at the end of the night when the lights go out\nWill we turn down? Oh no we won't\n(We ain't never turnin' down, we ain't never turnin' down)\nAnd when they try to make us leave\nWe turn and say we never going home\n(And you know just what I wanna do)\n\n[Chorus: Jeremih]\nI wanna rock with somebody\nI wanna take shots with somebody\nI wanna leave with somebody\nAnd we ain't gotta tell nobody, we ain't gotta tell nobody"
}