{
 "_type": "song",
 "annotation_count": 9,
 "api_path": "/songs/690706",
 "full_title": "FourFiveSeconds by\u00a0Rihanna,\u00a0Kanye West & Paul McCartney",
 "header_image_thumbnail_url": "https://images.rapgenius.com/d089b5cb08798b4281306ddeb6ca0379.300x300x1.jpg",
 "header_image_url": "https://images.rapgenius.com/d089b5cb08798b4281306ddeb6ca0379.1000x1000x1.jpg",
 "id": 690706,
 "instrumental": false,
 "lyrics_owner_id": 599242,
 "lyrics_state": "complete",
 "lyrics_updated_at": 1594430681,
 "path": "/Rihanna-kanye-west-and-paul-mccartney-fourfiveseconds-lyrics",
 "pyongs_count": 1238,
 "song_art_image_thumbnail_url": "https://images.rapgenius.com/d089b5cb08798b4281306ddeb6ca0379.300x300x1.jpg",
 "song_art_image_url": "https://images.rapgenius.com/d089b5cb08798b4281306ddeb6ca0379.1000x1000x1.jpg",
 "song_art_primary_color": null,
 "song_art_secondary_color": null,
 "song_art_text_color": null,
 "stats": {
  "unreviewed_annotations": 0,
  "hot": false,
  "pageviews": 1350951
 },
 "title": "FourFiveSeconds",
 "title_with_featured": "FourFiveSeconds",
 "updated_by_human_at": 1594430682,
 "url": "https://genius.com/Rihanna-kanye-west-and-paul-mccartney-fourfiveseconds-lyrics",
 "primary_artist": {
  "_type": "artist",
  "api_path": "/artists/1586713",
  "header_image_url": "https://images.genius.com/b597c8d83bab47d54052f1583a0f6df2.480x270x1.jpg",
  "id": 1586713,
  "image_url": "https://images.genius.com/5f91005227cb1dd45bb0583fa34566d1.1000x1000x1.jpg",
  "index_character": "r",
  "is_meme_verified": false,
  "is_verified": false,
  "name": "Rihanna, Kanye West & Paul McCartney",
  "slug": "Rihanna-kanye-west-and-paul-mccartney",
  "url": "https://genius.com/artists/Rihanna-kanye-west-and-paul-mccartney"
 },
 "artist": "Rihanna, Kanye West & Paul McCartney",
 "lyrics": "[Verse 1: Rihanna]\nI think I've had enough\nI might get a little drunk\nI say what's on my mind\nI might do a little time\n'Cause all of my kindness\nIs taken for weakness\n\n[Chorus: Rihanna]\nNow I'm four, five seconds from wildin'\nAnd we got three more days 'til Friday\nI'm just tryna make it back home by Monday mornin'\nI swear I wish somebody would tell me\nOoh, that's all I want\n[Verse 2: Kanye West & Paul McCartney]\nWoke up an optimist\nSun was shinin', I'm positive\nWe can run\nThen I heard you was talkin' trash\nI'm on a mystery\nHold me back, I'm 'bout to spaz\n\n[Chorus: Rihanna & Kanye West]\nYeah, I'm 'bout four, five seconds from wildin'\nAnd we got three more days \u2018til Friday\nI\u2019m tryna make it back home by Monday mornin'\nI swear I wish somebody would try me\nOoh, that\u2019s all I want\n[Bridge: Rihanna]\nAnd I know that you're up tonight\nThinkin', \"How could I be so selfish?\"\nBut you called 'bout a thousand times\nWondering where I've been\nNow I know that you're up tonight\nThinkin', \"How could I be so reckless?\"\nBut I just can't apologize\nI hope you can understand, yeah\n\n[Verse 3: Kanye West with Rihanna]\nIf I go to jail tonight\nPromise you'll pay my bail\nSee they want to buy my pride\nBut that just ain't up for sale\nSee all of my kindness (mhm)\nIs taken for weakness\n\n[Chorus: Rihanna & Kanye West]\nNow I'm four, five seconds from wildin'\nAnd we got three more days 'til Friday\nI'm tryna make it back home by Monday mornin'\nI swear I wish somebody would tell me\nOoh, that's all I want\nFour, five seconds from wildin'\nAnd we got three more days 'til Friday\nJust tryna make it back home by Monday mornin'\nI swear I wish somebody would tell me\n'Cause that's all I want\n[Video directed by Inez and Vinoodh]"
}