{
 "_type": "song",
 "annotation_count": 14,
 "api_path": "/songs/653082",
 "full_title": "My Way by\u00a0Fetty\u00a0Wap (Ft.\u00a0Monty)",
 "header_image_thumbnail_url": "https://images.rapgenius.com/9c8a5d29bb96fb9fcaae3635f78087e1.300x300x1.jpg",
 "header_image_url": "https://images.rapgenius.com/9c8a5d29bb96fb9fcaae3635f78087e1.500x500x1.jpg",
 "id": 653082,
 "instrumental": false,
 "lyrics_owner_id": 1004167,
 "lyrics_state": "complete",
 "lyrics_updated_at": 1616688339,
 "path": "/Fetty-wap-my-way-lyrics",
 "pyongs_count": 766,
 "song_art_image_thumbnail_url": "https://images.rapgenius.com/9c8a5d29bb96fb9fcaae3635f78087e1.300x300x1.jpg",
 "song_art_image_url": "https://images.rapgenius.com/9c8a5d29bb96fb9fcaae3635f78087e1.500x500x1.jpg",
 "song_art_primary_color": null,
 "song_art_secondary_color": null,
 "song_art_text_color": null,
 "stats": {
  "unreviewed_annotations": 0,
  "concurrents": 2,
  "hot": false,
  "pageviews": 2213478
 },
 "title": "My Way",
 "title_with_featured": "My Way (Ft.\u00a0Monty)",
 "updated_by_human_at": 1616688339,
 "url": "https://genius.com/Fetty-wap-my-way-lyrics",
 "primary_artist": {
  "_type": "artist",
  "api_path": "/artists/216609",
  "header_image_url": "https://images.genius.com/6f9786819f1b74337c108e2bb78a715c.1000x333x1.jpg",
  "id": 216609,
  "image_url": "https://images.genius.com/2db490b018326cc845af1b3dbb102cde.834x834x1.jpg",
  "index_character": "f",
  "is_meme_verified": true,
  "is_verified": true,
  "name": "Fetty Wap",
  "slug": "Fetty-wap",
  "url": "https://genius.com/artists/Fetty-wap",
  "iq": 100
 },
 "artist": "Fetty Wap",
 "lyrics": "[Intro: Fetty Wap]\nAyy, yeah, baby\nSquaaa, ayy, ayy\n\n[Hook: Fetty Wap]\nBaby, won't you come my way?\nGot something I want to say\nCannot keep you out my brain\nBut first off I'ma start by sayin' this, ayy\nAll headshots if you think you could take my bitch, ayy\nAnd I'm too turnt, when I shoot, swear I won't miss, ayy\nBa-Baby, won't you come my way?\nBaby, won't you come my way?\n\n[Verse 1: Fetty Wap]\nBa-Ba-Baby\nThis is something you should know\nI don't ever chase no hoes\nI spotted you, you had that glow\nWatch me pull out all this dough\nTake you where you want to go\nFlexin' on your ex, I know\nHe ain't ever take you out\nBarely even left your house\nHow dare that nigga run his mouth\nWhen his pockets in a drought?\nThe last single he put out\nDidn't even make it out\nAnd he dumb as hell and I swear his ass don't think, ayy\nIf he disrespect, two shots and I won't blink, ayy\nNever really cared what the fuck these niggas think, ayy\nI got deep pockets, I swear my shit's on sink, ayy\nAnd he mad as fuck, big ZooWap all she sing, ayy\nAnd he mad as fuck, big ZooWap in her dreams, ayy\nWell, he mad as fuck, when they sex she scream for me, ayy\nBig ZooWap what these niggas should be, ayy\n[Hook: Fetty Wap]\nBaby, won't you come my way?\nGot something I want to say\nCannot keep you out my brain\nBut first off I'ma start by sayin' this, ayy\nAll headshots if you think you could take my bitch, ayy\nAnd I'm too turnt, when I shoot, swear I won't miss, ayy\nBa-Baby, won't you come my way?\nBaby, won't you come my way?\n\n[Verse 2: Monty]\nOh, baby girl, you can stay the night 'til the morn'\nAll this ice on my arm, what you like, what you want?\nAnd I might put you on, bitch, it's mine can't you see?\nAnd I rock seventeen, all these knots in my jeans\nMe and Zoo turnin' up, got your boo in the cut\nAnd she sue cause it's looking like the roof going up\nCounting all this bread, I don't talk to feds\nTry and take my bitch, you gonna take two to the head\nCause baby you the baddest, all this money, I'ma cash it\nAnd I'm swervin' all in traffic\nWhile I'm trapping out the mansion\nAnd I'm moving through the tri-state\nDo two-hundred on the highway\nAnd I'm swerving in my i8\nBaby, you should come my way\nSquad!"
}