{
 "_type": "song",
 "annotation_count": 15,
 "api_path": "/songs/658724",
 "full_title": "Flex (Ooh, Ooh, Ooh) by\u00a0Rich\u00a0Homie Quan",
 "header_image_thumbnail_url": "https://images.rapgenius.com/eea7016e5f41811cfeea788ea4bf432d.300x300x1.jpg",
 "header_image_url": "https://images.rapgenius.com/eea7016e5f41811cfeea788ea4bf432d.1000x1000x1.jpg",
 "id": 658724,
 "instrumental": false,
 "lyrics_owner_id": 282633,
 "lyrics_state": "complete",
 "lyrics_updated_at": 1540577015,
 "path": "/Rich-homie-quan-flex-ooh-ooh-ooh-lyrics",
 "pyongs_count": 348,
 "song_art_image_thumbnail_url": "https://images.rapgenius.com/eea7016e5f41811cfeea788ea4bf432d.300x300x1.jpg",
 "song_art_image_url": "https://images.rapgenius.com/eea7016e5f41811cfeea788ea4bf432d.1000x1000x1.jpg",
 "song_art_primary_color": null,
 "song_art_secondary_color": null,
 "song_art_text_color": null,
 "stats": {
  "unreviewed_annotations": 0,
  "hot": false,
  "pageviews": 1090277
 },
 "title": "Flex (Ooh, Ooh, Ooh)",
 "title_with_featured": "Flex (Ooh, Ooh, Ooh)",
 "updated_by_human_at": 1571582927,
 "url": "https://genius.com/Rich-homie-quan-flex-ooh-ooh-ooh-lyrics",
 "primary_artist": {
  "_type": "artist",
  "api_path": "/artists/24823",
  "header_image_url": "https://images.genius.com/5808c8b5468abf71c48f8162bcf1520d.650x430x1.jpg",
  "id": 24823,
  "image_url": "https://images.genius.com/334dc3565e640f1df6f809a163903cad.1000x1000x1.jpg",
  "index_character": "r",
  "is_meme_verified": false,
  "is_verified": true,
  "name": "Rich Homie Quan",
  "slug": "Rich-homie-quan",
  "url": "https://genius.com/artists/Rich-homie-quan",
  "iq": 1225
 },
 "artist": "Rich Homie Quan",
 "lyrics": "[Produced by DJ Spinz & Nitti]\n\n[Intro]\nHey, oh, there it is, there it is, there it is\nThere it is, there it is (Rich Homie, baby!)\n\n[Hook]\nWalked in, thirty thousand in my pocket\nHad them niggas just like, \"Ooh, ooh, ooh\"\n50,000 dollars on your bitch, wanna fuck me\nGot her screamin' like, \"Ooh, ooh, ooh, ooh\"\nCause I got a check, nigga wanna flex\nI ain't gotta flex, boy I got it, ooh, ooh, ooh, ooh\nGive that ho some x, she gon' wanna sex every nigga in the set\nAnd now she screamin' like \"Ooh, ooh, ooh\"\n\n[Verse 1]\n(How much you made?) Made two million dollars off a mixtape\nAnd I'm fucking like, ooh, ooh, ooh\nThey try to drop me with a case but you know I had done skated\nI was singing like, ooh, ooh, ohh\nBoy, I know my role and I play it\nIf you heard that I'm talking, then I said it\n(Quan where you at?) At the top of the loft nigga, I stay\nI'm a bad boy but I don't wear big clothes like Ma$e\nIn the club and a nigga get it boppin'\nAnd that ho, she want a free drink, tell the bitch to get up off me\nI'm the nigga to get it poppin', her hair short like Dennis Rodman\nAt the Clearport nigga, we flying, when I landed, boy I\n[Hook]\nWalked in, thirty thousand in my pocket\nHad them niggas just like, \"Ooh, ooh, ooh\"\n$50,000 on your bitch, wanna fuck me\nGot her screamin' like, \"Ooh, ooh, ooh, ooh\"\nCause I got a check, nigga wanna flex\nI ain't gotta flex, boy I got it, ooh, ooh, ooh, ooh\nGive that ho some x, she gon' wanna sex every nigga in the set\nAnd now she screamin' like, \"Ooh, ooh, ooh\"\n\n[Verse 2]\n(How much you made?) $100,000 just in two days\n(Guess what?) I don't fuck with niggas cause they two-faced\n(That's right, that's right)\nI only fuck with bitches for their toupee (Their top, nigga)\nThese Givenchys, I ain't worried about no new Jays\nKnow this bitch who got a sack and she always got my back\nSo I love that shit the most\nI'm her big dog and she my cat, and she love it from the back\nCall her green cause she on go (Green light)\nI wear glasses cause I know these niggas watchin'\nThey mad cause they cannot stop me\nBoy stopping is not a option, I can't help it cause I got it\nDon't waste time, I got six watches\nTalkin' Rolex, yeah, I bought 'em\nNow I'm at the top, started from the bottom, then I\n[Hook]\nWalked in, thirty thousand in my pocket\nHad them niggas just like, \"Ooh, ooh, ooh\"\n$50,000 on your bitch, wanna fuck me\nGot her screamin' like, \"Ooh, ooh, ooh, ooh\"\nCause I got a check, nigga wanna flex\nI ain't gotta flex, boy I got it, ooh, ooh, ooh, ooh\nGive that ho some x, she gon wanna sex every nigga in the set\nAnd now she screamin' like, \"Ooh, ooh, ooh\"\n\n[Outro]\n(How much you made?) $100,000\n(How much, how much you made?) $100,000\n(How much, how much you made?)\nMade two million dollars off a mixtape, had them folks like, \"Ooh, ooh, ooh\"\nHey, get at me"
}