{
 "_type": "song",
 "annotation_count": 11,
 "api_path": "/songs/508933",
 "full_title": "Sugar by\u00a0Maroon\u00a05",
 "header_image_thumbnail_url": "https://images.genius.com/fe0c39a154636ba3d302610ec3fa904e.300x300x1.png",
 "header_image_url": "https://images.genius.com/fe0c39a154636ba3d302610ec3fa904e.920x920x1.png",
 "id": 508933,
 "instrumental": false,
 "lyrics_owner_id": 483257,
 "lyrics_state": "complete",
 "lyrics_updated_at": 1615847707,
 "path": "/Maroon-5-sugar-lyrics",
 "pyongs_count": 262,
 "song_art_image_thumbnail_url": "https://images.genius.com/073cdc6c10881352c0e8546ad28247c8.300x300x1.jpg",
 "song_art_image_url": "https://images.genius.com/073cdc6c10881352c0e8546ad28247c8.600x600x1.jpg",
 "song_art_primary_color": null,
 "song_art_secondary_color": null,
 "song_art_text_color": null,
 "stats": {
  "unreviewed_annotations": 0,
  "concurrents": 2,
  "hot": false,
  "pageviews": 471770
 },
 "title": "Sugar",
 "title_with_featured": "Sugar",
 "updated_by_human_at": 1615851004,
 "url": "https://genius.com/Maroon-5-sugar-lyrics",
 "primary_artist": {
  "_type": "artist",
  "api_path": "/artists/13539",
  "header_image_url": "https://images.genius.com/dd99997ae884d898f17ca4f6e648bc22.1000x333x1.jpg",
  "id": 13539,
  "image_url": "https://images.genius.com/6780ce1add3af75c73929a8f6630e099.900x900x1.jpg",
  "index_character": "m",
  "is_meme_verified": false,
  "is_verified": false,
  "name": "Maroon 5",
  "slug": "Maroon-5",
  "url": "https://genius.com/artists/Maroon-5"
 },
 "artist": "Maroon 5",
 "lyrics": "[Verse 1]\nI'm hurting baby, I'm broken down\nI need your loving, loving I need it now\nWhen I'm without you, I'm something weak\nYou got me begging, begging I'm on my knees\n\n[Pre-Chorus]\nI don't wanna be needing your love\nI just wanna be deep in your love\nAnd it's killing me when you're away\nOoh baby\n'Cause I really don't care where you are\nI just wanna be there where you are\nAnd I gotta get one little taste\n\n[Chorus]\nSugar, yes please\nWon't you come and put it down on me?\nI'm right here, 'cause I need\nLittle love, a little sympathy\nYeah, you show me good loving, make it alright\nNeed a little sweetness in my life\nYour sugar, yes please\nWon't you come and put it down on me?\n\n[Verse 2]\nBabe, my broken pieces, you pick them up\nDon't leave me hanging, hanging, come give me some\nWhen I'm without you, I'm so insecure\nYou are the one thing, one thing I'm living for\n[Pre-Chorus]\nI don't wanna be needing your love\nI just wanna be deep in your love\nAnd it's killing me when you're away\nOoh baby\n'Cause I really don't care where you are\nI just wanna be there where you are\nAnd I gotta get one little taste\n\n[Chorus]\nSugar, yes please\nWon't you come and put it down on me?\nI'm right here, 'cause I need\nLittle love, a little sympathy\nYeah, you show me good loving, make it alright\nNeed a little sweetness in my life\nYour sugar, yes please (Your sugar, yes please)\nWon't you come and put it down on me?\n\n[Bridge]\nYeah\nI want that red velvet\nI want that sugar sweet\nDon't let nobody touch it unless that somebody's me\nI gotta be a man, there ain't no other way\n'Cause girl you're hotter than a Southern California day\nNever wanna play no games, you don't gotta  be afraid\nDon't give me all that shy shit\nNo makeup on, that's my sugar\n[Chorus]\nSugar, yes please (Please)\nWon't you come and put it down on me? (Down on me)\nI'm right here, 'cause I need (I'm right here, 'cause I need)\nLittle love, a little sympathy\nYeah, you show me good loving, make it alright\nNeed a little sweetness in my life (Yeah)\nYour sugar, yes please (Your sugar, yes please)\nWon't you come and put it down on me? (Down on me)\n\n[Chorus]\nSugar, yes please\nWon't you come and put it down on me?\nI'm right here, 'cause I need (I'm right here, 'cause I need)\nLittle love, a little sympathy\nYeah, you show me good loving, make it alright\nNeed a little sweetness in my life\nYour sugar, yes please (Your sugar, yes please)\nWon't you come and put it down on me?\n(Down on me, down on me, ooh)"
}