{
 "_type": "song",
 "annotation_count": 23,
 "api_path": "/songs/731073",
 "full_title": "Nasty Freestyle by\u00a0T-Wayne",
 "header_image_thumbnail_url": "https://images.genius.com/f2d07907fd4abefec239e948f90275bf.300x300x1.png",
 "header_image_url": "https://images.genius.com/f2d07907fd4abefec239e948f90275bf.1000x1000x1.png",
 "id": 731073,
 "instrumental": false,
 "lyrics_owner_id": 1615030,
 "lyrics_state": "complete",
 "lyrics_updated_at": 1564191452,
 "path": "/T-wayne-nasty-freestyle-lyrics",
 "pyongs_count": 1339,
 "song_art_image_thumbnail_url": "https://images.genius.com/f2d07907fd4abefec239e948f90275bf.300x300x1.png",
 "song_art_image_url": "https://images.genius.com/f2d07907fd4abefec239e948f90275bf.1000x1000x1.png",
 "song_art_primary_color": null,
 "song_art_secondary_color": null,
 "song_art_text_color": null,
 "stats": {
  "unreviewed_annotations": 0,
  "hot": false,
  "pageviews": 2492730
 },
 "title": "Nasty Freestyle",
 "title_with_featured": "Nasty Freestyle",
 "updated_by_human_at": 1602436066,
 "url": "https://genius.com/T-wayne-nasty-freestyle-lyrics",
 "primary_artist": {
  "_type": "artist",
  "api_path": "/artists/81003",
  "header_image_url": "https://images.genius.com/2bf331d8eca875fc443bb56ec14210e9.1000x210x1.jpg",
  "id": 81003,
  "image_url": "https://images.genius.com/eb3a4aaddfb3b995b2174fd5e1eea0e0.400x400x1.jpg",
  "index_character": "t",
  "is_meme_verified": false,
  "is_verified": false,
  "name": "T-Wayne",
  "slug": "T-wayne",
  "url": "https://genius.com/artists/T-wayne"
 },
 "artist": "T-Wayne",
 "lyrics": "[Produced by 30 Roc]\n\n[Intro]\nYah, say Roro, you know what it is, right?\nWho Is Rickey Wayne?: The Mixtape\nYa feel me? Yah, ahem\n\n[Verse]\nFirst, let me hop out the muh fuckin' Porsche\nI don't want her if that ass don't sit like a horse\nI be ballin' on these niggas, got me feelin' like sports\nDash got so much wood I could build me a fort\nAin't too many things I ain't done yet\nI'm the king of this shit, crown by the toilet\nI'm just barely gettin' started, you already upset\nGot a tiger as a pet, I just took him to the vet\nHomie, I be makin' hits, I'm the rap Derek Jeter\nLet your bitch ride on me like she was on the feeder\nIf the pussy ain't good then I probably won't feed her\nLil homie, you can keep her cause I really don't need her\nI ain't worried 'bout features, homeboy, you's a peon\nToilet seat ass nigga, man, I swear you gettin' peed on\nMan, my jewelry so cold, I walk around with the heat on\nMy alarm clock set, just in case they wanna sleep on, ya dig?\nI'm a full-time player, hoppin' out in alligator\nSippin' lean and Now and Later, homie, I'll annihilate ya\nIf you think you wanna battle, you gon' have to pay some paper\nI just hit her and I quit her, I would never ever date her\nIt's a shame how I'm barely gettin' love in the city\nTravel to another town, you can bet they fuckin' with me\nI be killin' this shit, pray to God they forgive me\nThey said, \"when you blow up, don't forget me\", man\nI been on fire ever since they made the lighter\nMy boys will pull up on ya, homie, I ain't talkin' diapers\nWalk into your function, on point, I'm like a sniper\nMy girl bad like Dej Loaf so don't try her\nFlexin' all you want but homeboy, you ain't ready\nTen times sharper than Michael Myers' machete\nBeen about the money, I ain't worried 'bout the fame\n'Bout to have everybody sayin', \"Who Is Rickey Wayne?\"\nThat me..."
}