{
 "_type": "song",
 "annotation_count": 10,
 "api_path": "/songs/2158461",
 "full_title": "Cool for the Summer by\u00a0Demi\u00a0Lovato",
 "header_image_thumbnail_url": "https://images.genius.com/20cbb2145cbd313a6c34e143b909d777.300x300x1.jpg",
 "header_image_url": "https://images.genius.com/20cbb2145cbd313a6c34e143b909d777.1000x1000x1.jpg",
 "id": 2158461,
 "instrumental": false,
 "lyrics_owner_id": 672397,
 "lyrics_state": "complete",
 "lyrics_updated_at": 1616908421,
 "path": "/Demi-lovato-cool-for-the-summer-lyrics",
 "pyongs_count": 200,
 "song_art_image_thumbnail_url": "https://images.rapgenius.com/d294f6b5e6fac828e1b3e8c95f32db18.300x300x1.jpg",
 "song_art_image_url": "https://images.rapgenius.com/d294f6b5e6fac828e1b3e8c95f32db18.1000x1000x1.jpg",
 "song_art_primary_color": null,
 "song_art_secondary_color": null,
 "song_art_text_color": null,
 "stats": {
  "unreviewed_annotations": 0,
  "hot": false,
  "pageviews": 193968
 },
 "title": "Cool for the Summer",
 "title_with_featured": "Cool for the Summer",
 "updated_by_human_at": 1616908421,
 "url": "https://genius.com/Demi-lovato-cool-for-the-summer-lyrics",
 "primary_artist": {
  "_type": "artist",
  "api_path": "/artists/13531",
  "header_image_url": "https://images.genius.com/d65089f706b29f74d8d2880f16c6093f.600x200x1.jpg",
  "id": 13531,
  "image_url": "https://images.genius.com/ab29e4de6a09d6e6135d1028c843edc2.360x360x1.jpg",
  "index_character": "d",
  "is_meme_verified": false,
  "is_verified": true,
  "name": "Demi Lovato",
  "slug": "Demi-lovato",
  "url": "https://genius.com/artists/Demi-lovato",
  "iq": 323
 },
 "artist": "Demi Lovato",
 "lyrics": "[Verse 1]\nTell me what you want\nWhat you like\nIt's okay\nI'm a little curious too\nTell me if it's wrong, if it's right\nI don't care\nI can keep a secret, can you?\n\n[Pre-Chorus]\nGot my mind on your body and your body on my mind\nGot a taste for the cherry, I just need to take a bite\nDon't tell your mother\nKiss one another\nDie for each other\nWe're cool for the summer\n\n[Break]\nOoh-ooh-ooh-ooh-ooh\nOoh-ooh-ooh-ooh-ooh\n\n[Chorus]\nTake me down into your paradise\nDon't be scared, 'cause I'm your body type\nJust something that we wanna try\n'Cause you and I, we're cool for the summer\n[Verse 2]\nTell me if I won\nIf I did, what's my prize?\nI just wanna play with you too\nEven if they judge, fuck it, I'll do the time\nI just wanna have some fun with you\n\n[Pre-Chorus]\nGot my mind on your body and your body on my mind\nGot a taste for the cherry, I just need to take a bite\nDon't tell your mother\nKiss one another\nDie for each other\nWe're cool for the summer\n\n[Break]\nOoh-ooh-ooh-ooh-ooh\nOoh-ooh-ooh-ooh-ooh\n\n[Chorus]\nTake me down into your paradise\nDon't be scared, 'cause I'm your body type\nJust something that we wanna try (Try)\n'Cause you and I (You and I), we're cool for the summer\nWe're cool for the summer\nWe're cool for the summer\n[Interlude]\nShh...\nDon't tell your mother\n\n[Breakdown]\nGot my mind on your body and your body on my mind\nGot a taste for the cherry, I just need to take a bite\n\n[Chorus]\n(Take me down) Take me down into your paradise\n(Don't be scared) Don't be scared, 'cause I'm your body type\nJust something that we wanna try (Wanna try)\n'Cause you and I (You and I), we're cool for the summer\n\n[Outro]\n(Take me down) We're cool for the summer\n(Don't be scared), 'cause I'm your body type\n(Just something) Just something that we wanna try\n'Cause you and I (You and I), we're cool for the summer\nOoh-ooh-ooh-ooh-ooh\nWe're cool for the summer"
}