{
 "_type": "song",
 "annotation_count": 6,
 "api_path": "/songs/461944",
 "full_title": "I Don't Mind by\u00a0Usher (Ft.\u00a0Juicy\u00a0J)",
 "header_image_thumbnail_url": "https://images.genius.com/c9fded365316ca48c58bda15652d08ce.300x300x1.png",
 "header_image_url": "https://images.genius.com/c9fded365316ca48c58bda15652d08ce.300x300x1.png",
 "id": 461944,
 "instrumental": false,
 "lyrics_owner_id": 672397,
 "lyrics_state": "complete",
 "lyrics_updated_at": 1583648128,
 "path": "/Usher-i-dont-mind-lyrics",
 "pyongs_count": 183,
 "song_art_image_thumbnail_url": "https://images.genius.com/c9fded365316ca48c58bda15652d08ce.300x300x1.png",
 "song_art_image_url": "https://images.genius.com/c9fded365316ca48c58bda15652d08ce.300x300x1.png",
 "song_art_primary_color": null,
 "song_art_secondary_color": null,
 "song_art_text_color": null,
 "stats": {
  "unreviewed_annotations": 0,
  "hot": false,
  "pageviews": 442206
 },
 "title": "I Don\u2019t Mind",
 "title_with_featured": "I Don't Mind (Ft.\u00a0Juicy\u00a0J)",
 "updated_by_human_at": 1593612552,
 "url": "https://genius.com/Usher-i-dont-mind-lyrics",
 "primary_artist": {
  "_type": "artist",
  "api_path": "/artists/132",
  "header_image_url": "https://images.genius.com/c07331827d22a059fcdcd64d2d094137.1000x500x1.jpg",
  "id": 132,
  "image_url": "https://images.genius.com/0e7d15d3fb02a024b110ed8f6073eff0.512x512x1.jpg",
  "index_character": "u",
  "is_meme_verified": false,
  "is_verified": true,
  "name": "Usher",
  "slug": "Usher",
  "url": "https://genius.com/artists/Usher",
  "iq": 557
 },
 "artist": "Usher",
 "lyrics": "[Produced by Cirkut, Dr. Luke, & Rock City]\n\n[Intro: Usher]\nYeah\nUrsher, baby\nThis is for the A\n\n[Chorus: Usher]\nShawty, I don\u2019t mind\nIf you dance on a pole, that don\u2019t make you a ho\nShawty, I don\u2019t mind\nWhen you work until three, if you\u2019re leaving with me\nGo make that money, money, money\nYour money, money, money\n'Cause I know how it is, go and handle your biz\nAnd get that money, money, money\nYour money, money, money\nYou can take off your clothes, long as you coming home\nGirl, I don\u2019t mind\n\n[Verse 1: Usher]\nThe ballers in here tonight, they gon\u2019 buy a hundred bottles\nAs soon as you shake it I know they gon\u2019 make it colossal in here\n'Cause shawty you thinkin\u2019 them tricks that you do with your body\nGot all of these niggas they crowding around you like they seen Beyonce in here (she here, she here!)\nYou want your own and you need your own, baby, who am I to judge?\n'Cause how could I ever trip about it when I met you in the club?\nI make enough for the both of us, but you dance anyway\nYou know I was raised in the A\n[Chorus: Usher]\nShawty, I don\u2019t mind\nIf you dance on a pole, that don\u2019t make you a ho\nShawty, I don\u2019t mind\nWhen you work until three, if you\u2019re leaving with me\nGo make that money, money, money\nYour money, money, money\n'Cause I know how it is, go and handle your biz\nAnd get that money, money, money\nYour money, money, money\nYou can take off your clothes, long as you coming home\nGirl, I don\u2019t mind\n\n[Verse 2: Usher]\nWhen you get off of work I\u2019ll be ready to go in the \u2018Rari\nAnd when we get home we\u2019ll have us our own private party in here\nSo I don\u2019t worry at all about the things they do or say\nI love you anyway\nYou can twerk while in a split, you racking up them tips\nYour body rock and your booty poppin\u2019, I\u2019m proud to call you my bitch\nThey be lookin\u2019, but they can\u2019t touch you, shawty, I\u2019m the only one to get it\nSo just go ahead and keep doing what you doing\n\n[Chorus: Usher]\nShawty, I don\u2019t mind\nIf you dance on a pole, that don\u2019t make you a ho\nShawty, I don\u2019t mind\nWhen you work until three, if you\u2019re leaving with me\nGo make that money, money, money\nYour money, money, money\n'Cause I know how it is, go and handle your biz\nAnd get that money, money, money\nYour money, money, money\nYou can take off your clothes, long as you coming home\nGirl, I don\u2019t mind\n[Verse 3: Juicy J]\n(It's ya boy, Juicy J)\nI\u2019m just tryna cut her up, tryna bust a nut\nTryna take somebody bitch, turn her to a slut\nTryna fill my cup, tryna live it up\nThrow some hundreds on that ass, walk her out the club\n(Yeah, ho) Lap dance for the first date\nBet I threw a few bands, that\u2019s third base\nIt\u2019s okay if you work late\nWe can still party like it\u2019s your birthday\nWe can still party hard in your birthday suit\nKnock that pussy out the park like my name Babe Ruth\nShawty she just want a tip, I just want to see her strip\nIf you fuck me like you love me shawty you might get rich\nHave her own cake, her own place\nBlow her own gas, no Rolaid\nWhen we in the bed she like to roleplay\nTell her friend to join in both ways\n\n[Chorus: Usher]\nShawty, I don\u2019t mind\nIf you dance on a pole, that don\u2019t make you a ho\nShawty, I don\u2019t mind\nWhen you work until three, if you\u2019re leaving with me\nGo make that money, money, money\nYour money, money, money\n'Cause I know how it is, go and handle your biz\nAnd get that money, money, money\nYour money, money, money\nYou can take off your clothes, long as you coming home\nGirl, I don\u2019t mind"
}