{
 "_type": "song",
 "annotation_count": 13,
 "api_path": "/songs/551256",
 "full_title": "Wildest Dreams by\u00a0Taylor\u00a0Swift",
 "header_image_thumbnail_url": "https://images.genius.com/d022400aad4680759c278a348d5aaa9b.300x300x1.png",
 "header_image_url": "https://images.genius.com/d022400aad4680759c278a348d5aaa9b.1000x1000x1.png",
 "id": 551256,
 "instrumental": false,
 "lyrics_owner_id": 172030,
 "lyrics_state": "complete",
 "lyrics_updated_at": 1616853929,
 "path": "/Taylor-swift-wildest-dreams-lyrics",
 "pyongs_count": 258,
 "song_art_image_thumbnail_url": "https://images.genius.com/efe7f089b5f93d52c43d5fde651da844.300x300x1.jpg",
 "song_art_image_url": "https://images.genius.com/efe7f089b5f93d52c43d5fde651da844.1000x1000x1.jpg",
 "song_art_primary_color": null,
 "song_art_secondary_color": null,
 "song_art_text_color": null,
 "stats": {
  "unreviewed_annotations": 3,
  "concurrents": 3,
  "hot": false,
  "pageviews": 603342
 },
 "title": "Wildest Dreams",
 "title_with_featured": "Wildest Dreams",
 "updated_by_human_at": 1616853929,
 "url": "https://genius.com/Taylor-swift-wildest-dreams-lyrics",
 "primary_artist": {
  "_type": "artist",
  "api_path": "/artists/1177",
  "header_image_url": "https://images.genius.com/382ebc39e763a6d7b5fa7a2312d14905.1000x333x1.jpg",
  "id": 1177,
  "image_url": "https://images.genius.com/3c1f124fcbbc2857a95e513fb34cc5a8.400x400x1.jpg",
  "index_character": "t",
  "is_meme_verified": true,
  "is_verified": true,
  "name": "Taylor Swift",
  "slug": "Taylor-swift",
  "url": "https://genius.com/artists/Taylor-swift",
  "iq": 1540
 },
 "artist": "Taylor Swift",
 "lyrics": "[Intro]\n\n[Verse 1]\nHe said, \"Let's get out of this town\nDrive out of this city, away from the crowds\"\nI thought, \"Heaven can't help me now\"\nNothing lasts forever\nBut this is gonna take me down\n\n[Pre-Chorus 1]\nHe's so tall and handsome as hell\nHe's so bad, but he does it so well\nI can see the end as it begins\nMy one condition is\n\n[Chorus]\nSay you'll remember me\nStanding in a nice dress\nStaring at the sunset, babe\nRed lips and rosy cheeks\nSay you'll see me again\nEven if it's just in your\nWildest dreams, ah-aah, haa\nWildest dreams, ah-aah, haa\n\n[Verse 2]\nI said, \"No one has to know what we do\"\nHis hands are in my hair, his clothes are in my room\nAnd his voice is a familiar sound\nNothing lasts forever\nBut this is gettin' good now\n[Pre-Chorus 2]\nHe's so tall and handsome as hell\nHe's so bad, but he does it so well\nAnd when we've had our very last kiss\nMy last request, it is\n\n[Chorus]\nSay you'll remember me\nStanding in a nice dress\nStaring at the sunset, babe\nRed lips and rosy cheeks\nSay you'll see me again\nEven if it's just in your\nWildest dreams, ah-aah, haa (Ah-aah, haa)\nWildest dreams, ah-aah, haa\n\n[Bridge]\nYou'll see me in hindsight, tangled up with you all night\nBurnin' it down\nSomeday when you leave me, I'd bet these memories\nFollow you around\nYou'll see me in hindsight, tangled up with you all night\nBurning (Burning) it (It) down (Down)\nSomeday when you leave me, I'll bet these memories\nFollow (Follow) you (You) around (Around)\n(Follow you around)\n[Breakdown]\nSay you'll remember me\nStanding in a nice dress\nStaring at the sunset, babe\nRed lips and rosy cheeks\nSay you'll see me again\nEven if it's just pretend\n[Chorus]\nSay you'll remember me\nStanding in a nice dress\nStaring at the sunset, babe\nRed lips and rosy cheeks\nSay you'll see me again\nEven if it's just in your (Pretend, just pretend)\nWildest dreams, ah-aah, ha (Ah-aah-aah-aah-aah-hafhaa)\nIn your wildest dreams, ah-aah, haa\nEven if it's just in your\nWildest dreams, ah-aah, haa\nIn your wildest dreams, ah-aah, haa"
}