{
 "_type": "song",
 "annotation_count": 9,
 "api_path": "/songs/727353",
 "full_title": "You Know You Like It by\u00a0DJ\u00a0Snake & AlunaGeorge",
 "header_image_thumbnail_url": "https://images.genius.com/084ef04ef83fd64f9b2d9d756a7a471b.300x300x1.jpg",
 "header_image_url": "https://images.genius.com/084ef04ef83fd64f9b2d9d756a7a471b.1000x1000x1.jpg",
 "id": 727353,
 "instrumental": false,
 "lyrics_owner_id": 658112,
 "lyrics_state": "complete",
 "lyrics_updated_at": 1587685499,
 "path": "/Dj-snake-and-alunageorge-you-know-you-like-it-lyrics",
 "pyongs_count": 43,
 "song_art_image_thumbnail_url": "https://images.genius.com/084ef04ef83fd64f9b2d9d756a7a471b.300x300x1.jpg",
 "song_art_image_url": "https://images.genius.com/084ef04ef83fd64f9b2d9d756a7a471b.1000x1000x1.jpg",
 "song_art_primary_color": null,
 "song_art_secondary_color": null,
 "song_art_text_color": null,
 "stats": {
  "unreviewed_annotations": 4,
  "hot": false,
  "pageviews": 117064
 },
 "title": "You Know You Like It",
 "title_with_featured": "You Know You Like It",
 "updated_by_human_at": 1606352747,
 "url": "https://genius.com/Dj-snake-and-alunageorge-you-know-you-like-it-lyrics",
 "primary_artist": {
  "_type": "artist",
  "api_path": "/artists/1796949",
  "header_image_url": "https://assets.genius.com/images/default_avatar_300.png?1617031125",
  "id": 1796949,
  "image_url": "https://assets.genius.com/images/default_avatar_300.png?1617031125",
  "index_character": "d",
  "is_meme_verified": false,
  "is_verified": false,
  "name": "DJ Snake & AlunaGeorge",
  "slug": "Dj-snake-and-alunageorge",
  "url": "https://genius.com/artists/Dj-snake-and-alunageorge"
 },
 "artist": "DJ Snake & AlunaGeorge",
 "lyrics": "[Produced by DJ Snake and George Reid]\n\n[Verse 1: AlunaGeorge]\nSome people want me to be heads or tails\nI say no way, try again, another day\nI should be happy, not tipping the scales\nI just won't play letting my life get away\n\n[Pre-Hook: AlunaGeorge]\nI'm no fool, no, I'm not a follower\nI don't take things as they come\nIf they bring me down\nLife can be cruel if you're a dreamer\nI just wanna have some fun\nDon't tell me what could be done\n[Hook: AlunaGeorge]\nYou know you like it but it drives you insane\nYou know you like it but it drives you insane\nYou know you like it but you're scared of the shame\nWhat you want, what you gonna do?\nYou know you like it but it drives you insane\nFollow me cause you know that you wanna feel the same\nYou know you like it but it drives you insane\nWhat you want, what you gonna do?\nDrive you insane\nDrive you insane\n\n[Verse 2: AlunaGeorge]\nIf you wanna train me like an animal\nBetter keep your eye on my every move\nThere's no need to be, so damn cruel\nBaby you got nothing to prove\n\n[Pre-Hook: AlunaGeorge]\nI'm no fool, no, I'm not a follower\nI don't take things as they come\nIf they bring me down\nLife can be cruel if you're a dreamer\nI just wanna have some fun\nDon't tell me what could be done\n\n[Hook: AlunaGeorge]\nYou know you like it but it drives you insane\nYou know you like it but it drives you insane\nYou know you like it but you're scared of the shame\nWhat you want, what you gonna do?\nYou know you like it but it drives you insane\nFollow me cause you know that you wanna feel the same\nYou know you like it but it drives you insane\nWhat you want, what you gonna do?\nDrive you insane\nDrive you insane\nDrive you insane\nDrive you insane\nDrive you insane\nDrive you insane\nDrive you insane\nDrive you insane\nDrive you insane"
}