{
 "_type": "song",
 "annotation_count": 13,
 "api_path": "/songs/663713",
 "full_title": "Uma Thurman by\u00a0Fall\u00a0Out Boy",
 "header_image_thumbnail_url": "https://images.genius.com/a3690722bb32ba1c5c4da38b7d55be40.300x300x1.jpg",
 "header_image_url": "https://images.genius.com/a3690722bb32ba1c5c4da38b7d55be40.1000x1000x1.jpg",
 "id": 663713,
 "instrumental": false,
 "lyrics_owner_id": 1279550,
 "lyrics_state": "complete",
 "lyrics_updated_at": 1604661815,
 "path": "/Fall-out-boy-uma-thurman-lyrics",
 "pyongs_count": 134,
 "song_art_image_thumbnail_url": "https://images.genius.com/e3422d74d14e3d4fc5ffa96f3de2cb03.300x300x1.jpg",
 "song_art_image_url": "https://images.genius.com/e3422d74d14e3d4fc5ffa96f3de2cb03.300x300x1.jpg",
 "song_art_primary_color": null,
 "song_art_secondary_color": null,
 "song_art_text_color": null,
 "stats": {
  "unreviewed_annotations": 0,
  "hot": false,
  "pageviews": 393669
 },
 "title": "Uma Thurman",
 "title_with_featured": "Uma Thurman",
 "updated_by_human_at": 1604661813,
 "url": "https://genius.com/Fall-out-boy-uma-thurman-lyrics",
 "primary_artist": {
  "_type": "artist",
  "api_path": "/artists/7811",
  "header_image_url": "https://images.genius.com/137599f0e17abe68d83057040170c06f.1000x525x1.jpg",
  "id": 7811,
  "image_url": "https://images.genius.com/e1c483449158dcdf208ef1d462e3fb0b.1000x1000x1.jpg",
  "index_character": "f",
  "is_meme_verified": true,
  "is_verified": true,
  "name": "Fall Out Boy",
  "slug": "Fall-out-boy",
  "url": "https://genius.com/artists/Fall-out-boy",
  "iq": 24298
 },
 "artist": "Fall Out Boy",
 "lyrics": "[Intro]\nI can move mountains\nI can work a miracle, work a miracle\nOoh, oh, oh, I'll keep you like an oath\nMay nothing but death do us apart\n[Chorus]\nShe wants to dance like Uma Thurman\nBury me 'til I confess\nShe wants to dance like Uma Thurman\nAnd I can't get you out of my head\n\n[Verse 1]\nThe stench, the stench of summer sex\nAnd CK Eternity - oh Hell yes\nDivide me down to the smallest I can be\nPut your, put your v-v-v-venom in me\n\n[Pre-Chorus]\nI can move mountains\nI can work a miracle, work a miracle\nOoh, oh, oh, I'll keep you like an oath\nMay nothing but death do us apart\n[Chorus]\nShe wants to dance like Uma Thurman\nBury me 'til I confess\nShe wants to dance like Uma Thurman\nAnd I can't get you out of my head\n[Verse 2]\nThe blood, the blood, the blood of the lamb\nIs worth two lions but here I am\nAnd I slept in last night's clothes and tomorrow's dreams\nBut they're not quite what they seem\n\n[Pre-Chorus]\nI can move mountains\nI can work a miracle, work a miracle\nOoh, oh, oh, I'll keep you like an oath\nMay nothing but death do us apart\n[Bridge]\nYou'll find your way\nAnd may death find you alive\nTake me down the line\nIn Gem City we turn the tide\nYou'll find your way\nAnd may death find you alive\nTake me down the line\nIn Gem City we turn the tide\n[Chorus]\nShe wants to dance like Uma Thurman\nBury me 'til I confess\nShe wants to dance like Uma Thurman\nAnd I can't get you out of my head\n[Outro]\nI can move mountains\nI can work a miracle, work a miracle\nOoh, oh, oh I'll keep you like an oath\nMay nothing but death do us apart\nI can move mountains\nI can work a miracle, work a miracle\nOoh, oh, oh I'll keep you like an oath\nMay nothing but death do us apart"
}