{
 "_type": "song",
 "annotation_count": 14,
 "api_path": "/songs/587286",
 "full_title": "7/11 by\u00a0Beyonc\u00e9",
 "header_image_thumbnail_url": "https://images.rapgenius.com/09260b8ab9ecd3bd40855b4080c9b30d.300x169x1.jpg",
 "header_image_url": "https://images.rapgenius.com/09260b8ab9ecd3bd40855b4080c9b30d.1000x564x1.jpg",
 "id": 587286,
 "instrumental": false,
 "lyrics_owner_id": 172030,
 "lyrics_state": "complete",
 "lyrics_updated_at": 1604607373,
 "path": "/Beyonce-7-11-lyrics",
 "pyongs_count": 495,
 "song_art_image_thumbnail_url": "https://images.rapgenius.com/d277eb113dc2767c5c843fba1dbd39ce.300x300x1.png",
 "song_art_image_url": "https://images.rapgenius.com/d277eb113dc2767c5c843fba1dbd39ce.300x300x1.png",
 "song_art_primary_color": null,
 "song_art_secondary_color": null,
 "song_art_text_color": null,
 "stats": {
  "unreviewed_annotations": 0,
  "hot": false,
  "pageviews": 789255
 },
 "title": "7/11",
 "title_with_featured": "7/11",
 "updated_by_human_at": 1604868514,
 "url": "https://genius.com/Beyonce-7-11-lyrics",
 "primary_artist": {
  "_type": "artist",
  "api_path": "/artists/498",
  "header_image_url": "https://images.genius.com/757357d94ac77a4f6b5037b18bfcbe26.600x285x1.jpg",
  "id": 498,
  "image_url": "https://images.genius.com/1cb7ecd9471ac9814e14e6380db82e58.225x225x1.jpg",
  "index_character": "b",
  "is_meme_verified": false,
  "is_verified": false,
  "name": "Beyonc\u00e9",
  "slug": "Beyonce",
  "url": "https://genius.com/artists/Beyonce"
 },
 "artist": "Beyonc\u00e9",
 "lyrics": "[Pre-Chorus]\nShoulders sideways, smack it, smack it in the air\nLegs movin' side to side, smack it in the air\nLegs movin' side to side, smack you  in the air\nShoulders sideways, smack it, smack it in the air\nSmack it, smack it in the air, legs movin' side to side\nSmack it, smack it in the air; smack it, smack it in the air\n\n[Chorus]\nWave your hands side to side, put it in the air\nWave your hands side to side, put it in the air\nClap, clap, clap like you don't care\nSmack that, clap, clap, clap, like you don't care\n(I know you care)\n\n[Verse 1]\nClap, clap, clap, clap, clap it\nFoot up, my foot up, hold up now my foot up\nI'm spinnin' my foot up, foot up yeah my foot up\nI'm spinnin' my foot up, put my foot down yeah my hands up\nMy hands up, my hands up (flexin') flexin' while my hands up\nMy hands up, my hands up, I stand up with my hands up\nThen I put up, my hands up, I put up, my hands up\nI put up, my hands up then I'm spinnin' all my hands up (spinnin')\nSpinnin' while my hands up (spinnin') spinnin' while my hands up (spinnin')\nSpinnin' while my hands up then I'm tippin' all my hands up\nSpinnin', I'm spinnin', I'm spinnin' while my hands up\nI'm spinnin', I'm spinnin', I'm spinnin' while my hands up\n(Drank)\n[Bridge]\nHold that cup like alcohol, oh let go like alcohol\nHold that cup like alcohol, don't you drop that alcohol\nNever drop that alcohol, never drop that alcohol\nI know you thinkin' about alcohol, I know I'm thinkin' bout that alcohol\n\n[Verse 2]\nMan this here like rollin' dice, man this here like rollin' dice\nSeven eleven, seven eleven, seven twice, man seven twice\nMan it feel like rollin' dice, man this feel like rollin' dice\nMan it feel like rollin' dice, seven twice, seven twice\nGirl I'm tryna kick it with ya, girl I'm tryna kick it with ya\nMan I'm tryna kick it with ya, my feet up, I kick it with ya\nMan I swear I kick it with ya, girl I wanna kick it with ya\nMan I know I kick it with ya, yeah I spin around and I kick it with ya\n\n[Pre-Chorus]\nShoulders sideways, smack it, smack it in the air\nLegs movin' side to side, smack it in the air\nLegs movin' side to side, smack you  in the air\nShoulders sideways, smack it, smack it in the air\nSmack it, smack it in the air, legs movin' side to side\nSmack it, smack it in the air; smack it, smack it in the air\n\n[Chorus]\nWave your hands side to side, put it in the air\nWave your hands side to side, put it in the air\nClap, clap, clap like you don't care\nSmack that, clap, clap, clap, like you don't care\n(I know you care)\n[Outro]\nWave ya hands side to side\nWave ya hands side to side\nWave ya hands from side to side\nWave ya hands side to side\nOoh wee BB freaky deaky, think me see she pink bikini\nRock that kufi, dye dashiki, Nefertiti, edges kinky\nSweatin' out my blow out, sweatin' out my presses\nThis trick about to go off, mad cause I'm so fresh\nFresher than you, I'm fresher than you\nFresher than you, oh"
}