{
 "_type": "song",
 "annotation_count": 15,
 "api_path": "/songs/570363",
 "full_title": "The Heart Wants What It Wants by\u00a0Selena\u00a0Gomez",
 "header_image_thumbnail_url": "https://images.genius.com/c4c245d3851ee365007f90bd2828e835.300x300x1.jpg",
 "header_image_url": "https://images.genius.com/c4c245d3851ee365007f90bd2828e835.1000x1000x1.jpg",
 "id": 570363,
 "instrumental": false,
 "lyrics_owner_id": 814655,
 "lyrics_state": "complete",
 "lyrics_updated_at": 1613851189,
 "path": "/Selena-gomez-the-heart-wants-what-it-wants-lyrics",
 "pyongs_count": 295,
 "song_art_image_thumbnail_url": "https://images.genius.com/36f142ed5c94d77435f606271111c22e.300x300x1.png",
 "song_art_image_url": "https://images.genius.com/36f142ed5c94d77435f606271111c22e.1000x1000x1.png",
 "song_art_primary_color": null,
 "song_art_secondary_color": null,
 "song_art_text_color": null,
 "stats": {
  "unreviewed_annotations": 4,
  "hot": false,
  "pageviews": 555900
 },
 "title": "The Heart Wants What It Wants",
 "title_with_featured": "The Heart Wants What It Wants",
 "updated_by_human_at": 1615151911,
 "url": "https://genius.com/Selena-gomez-the-heart-wants-what-it-wants-lyrics",
 "primary_artist": {
  "_type": "artist",
  "api_path": "/artists/45372",
  "header_image_url": "https://images.genius.com/7c61463440964314742b6f452acd457b.1000x370x1.jpg",
  "id": 45372,
  "image_url": "https://images.genius.com/622e6858ce207990b4eb25cd9cdf8f8c.1000x1000x1.jpg",
  "index_character": "s",
  "is_meme_verified": true,
  "is_verified": true,
  "name": "Selena Gomez",
  "slug": "Selena-gomez",
  "url": "https://genius.com/artists/Selena-gomez",
  "iq": 11311
 },
 "artist": "Selena Gomez",
 "lyrics": "[Intro]\nWhat the heart wants\nWhat the heart wants\nWhat the heart wants (Wants, wants, wants)\n\n[Verse 1]\nYou got me sipping on something\nI can't compare to nothing I've ever known\nI'm hoping that after this fever I'll survive\nI know I'm acting a bit crazy\nStrung out, a little bit hazy\nHand over heart, I'm praying\nThat I'm gonna make it out alive\n\n[Pre-Chorus]\nThe bed's getting cold and you're not here\nThe future that we hold is so unclear\nBut I'm not alive until you call\nAnd I'll bet the odds against it all\nSave your advice, 'cause I won't hear\nYou might be right, but I don't care\nThere's a million reasons why I should give you up\n\n[Chorus]\nBut the heart wants what it wants\nThe heart wants what it wants\n[Verse 2]\nYou got me scattered in pieces\nShining like stars and screaming\nLighting me up like Venus\nBut then you disappear and make me wait\nAnd every second's like torture\nHeroin drip, no more so\nFinding a way to let go\nBaby, baby, no, I can't escape\n\n[Pre-Chorus]\nThe bed's getting cold and you're not here\nThe future that we hold is so unclear\nBut I'm not alive until you call\nAnd I'll bet the odds against it all\nSave your advice, 'cause I won't hear\nYou might be right, but I don't care\nThere's a million reasons why I should give you up\n\n[Chorus]\nBut the heart wants what it wants\nThe heart wants what it wants\nThe heart wants what it wants\nThe heart wants what it wants\n\n[Bridge]\nThis is a modern fairytale\nNo happy endings, no wind in our sails\nBut I can't imagine a life without\nBreathless moments\nBreaking me down, down, down, down\n[Pre-Chorus]\nThe bed's getting cold and you're not here\nThe future that we hold is so unclear\nBut I'm not alive until you call\nAnd I'll bet the odds against it all\nSave your advice, 'cause I won't hear\nYou might be right, but I don't care\nThere's a million reasons why I should give you up\n\n[Chorus]\nBut the heart wants what it wants\nThe heart wants what it wants\nThe heart wants what it wants\nThe heart wants what it wants\n\n[Outro]\nThe heart wants what it wants, baby\nThe heart wants what it wants, baby\nIt wants what it wants\nIt wants what it wants\nThe heart wants what it wants, baby\nThe heart wants what it wants, baby"
}