{
 "_type": "song",
 "annotation_count": 9,
 "api_path": "/songs/547812",
 "full_title": "Girl Crush by\u00a0Little\u00a0Big Town",
 "header_image_thumbnail_url": "https://images.genius.com/4a746ca09a92f4f63741fadb91391a33.300x300x1.jpg",
 "header_image_url": "https://images.genius.com/4a746ca09a92f4f63741fadb91391a33.1000x1000x1.jpg",
 "id": 547812,
 "instrumental": false,
 "lyrics_owner_id": 190012,
 "lyrics_state": "complete",
 "lyrics_updated_at": 1613240399,
 "path": "/Little-big-town-girl-crush-lyrics",
 "pyongs_count": 87,
 "song_art_image_thumbnail_url": "https://images.rapgenius.com/27c0f623ba9ec100d6ae3dce76dab8d9.300x300x1.jpg",
 "song_art_image_url": "https://images.rapgenius.com/27c0f623ba9ec100d6ae3dce76dab8d9.1000x1000x1.jpg",
 "song_art_primary_color": null,
 "song_art_secondary_color": null,
 "song_art_text_color": null,
 "stats": {
  "unreviewed_annotations": 0,
  "hot": false,
  "pageviews": 188878
 },
 "title": "Girl Crush",
 "title_with_featured": "Girl Crush",
 "updated_by_human_at": 1613240399,
 "url": "https://genius.com/Little-big-town-girl-crush-lyrics",
 "primary_artist": {
  "_type": "artist",
  "api_path": "/artists/62418",
  "header_image_url": "https://images.genius.com/760e45b3157bde002ad512edc36fc916.1000x333x1.jpg",
  "id": 62418,
  "image_url": "https://images.genius.com/0fc43933588220079638c9516ef1fd3e.400x400x1.jpg",
  "index_character": "l",
  "is_meme_verified": true,
  "is_verified": true,
  "name": "Little Big Town",
  "slug": "Little-big-town",
  "url": "https://genius.com/artists/Little-big-town",
  "iq": 3238
 },
 "artist": "Little Big Town",
 "lyrics": "[Verse 1]\nI got a girl crush, hate to admit it but\nI got a heart rush, ain't slowin' down\nI got it real bad, want everything she has\nThat smile and the midnight laugh she's givin' you now\n\n[Chorus]\nI wanna taste her lips, yeah, 'cause they taste like you\nI wanna drown myself in a bottle of her perfume\nI want her long blonde hair, I want her magic touch\nYeah, 'cause maybe then, you'd want me just as much\nI got a girl crush, I got a girl crush\n\n[Verse 2]\nI don't get no sleep, I don't get no peace\nThinkin' about her under your bed sheets\nThe way that she's whisperin', the way that she's pullin' you in\nLord knows I've tried, I can't get her off my mind\n\n[Chorus]\nI wanna taste her lips, yeah, 'cause they taste like you\nI wanna drown myself in a bottle of her perfume\nI want her long blonde hair, I want her magic touch\nYeah, 'cause maybe then, you'd want me just as much\nI got a girl crush\n[Outro]\nI got a girl crush, hate to admit it but\nI got a heart rush, it ain't slowin' down"
}