{
 "_type": "song",
 "annotation_count": 2,
 "api_path": "/songs/671181",
 "full_title": "Slow Motion by\u00a0Trey\u00a0Songz",
 "header_image_thumbnail_url": "https://images.genius.com/5c0ddcc7c20de4ee5025872728a6ea49.300x300x1.png",
 "header_image_url": "https://images.genius.com/5c0ddcc7c20de4ee5025872728a6ea49.1000x1000x1.png",
 "id": 671181,
 "instrumental": false,
 "lyrics_owner_id": 172030,
 "lyrics_state": "complete",
 "lyrics_updated_at": 1515519554,
 "path": "/Trey-songz-slow-motion-lyrics",
 "pyongs_count": 169,
 "song_art_image_thumbnail_url": "https://images.genius.com/ab7d4557e29531270443633ae07de033.300x300x1.jpg",
 "song_art_image_url": "https://images.genius.com/ab7d4557e29531270443633ae07de033.750x750x1.jpg",
 "song_art_primary_color": null,
 "song_art_secondary_color": null,
 "song_art_text_color": null,
 "stats": {
  "unreviewed_annotations": 0,
  "hot": false,
  "pageviews": 184117
 },
 "title": "Slow Motion",
 "title_with_featured": "Slow Motion",
 "updated_by_human_at": 1586594638,
 "url": "https://genius.com/Trey-songz-slow-motion-lyrics",
 "primary_artist": {
  "_type": "artist",
  "api_path": "/artists/326",
  "header_image_url": "https://images.genius.com/fec42cb7a6658894599556bbd1548c86.1000x995x1.jpg",
  "id": 326,
  "image_url": "https://images.genius.com/784d9135e67da7eb9bab97646a1d8aef.674x674x1.png",
  "index_character": "t",
  "is_meme_verified": false,
  "is_verified": false,
  "name": "Trey Songz",
  "slug": "Trey-songz",
  "url": "https://genius.com/artists/Trey-songz"
 },
 "artist": "Trey Songz",
 "lyrics": "[Verse 1]\nI know you got all dressed up for the club\nWaiting on a nigga come pick you up\nBaby, ooh, when I saw ya walking out the door\nOoh, I just knew ya needed something more\nNow whip it straight back to the crib, ay\nFinna give you something that you won't forget, no\nBaby, ooh, I just wanna get you out them clothes\nOoh, I just wanna see you dance in\n\n[Chorus]\nSlow motion\nWe can take, we can take, we can take our time, baby\nIn slow motion\nWe can take, we can take, we can take our time, stay here\nIn slow motion\n\n[Verse 2]\nSo shawty, let your hair down and take a sip\nGon' put this joint between your lips\nBaby, ooh, why don't you make yourself comfortable?\nOoh, while I go and put this tongue on you\nSo tell me when you ready, I'ma speed it up for you just for a second\nJust for a second, then I'ma slow it back down and keep it steady\nOoh baby, now that you are out them clothes\nOoh, I just wanna see you dance in\n[Chorus]\nSlow motion\nWe can take, we can take, we can take our time, baby\nIn slow motion\nWe can take, we can take, we can take our time, stay here\nIn slow motion\n\n[Bridge]\nOh darling, I just wanna get you out them clothes\nOh, I just wanna see you dance in slow motion\n\n[Chorus]\nSlow motion\nWe can take, we can take, we can take our time, baby\nIn slow motion\nWe can take, we can take, we can take our time, stay here"
}