{
 "_type": "song",
 "annotation_count": 22,
 "api_path": "/songs/542389",
 "full_title": "Blank Space by\u00a0Taylor\u00a0Swift",
 "header_image_thumbnail_url": "https://images.genius.com/d022400aad4680759c278a348d5aaa9b.300x300x1.png",
 "header_image_url": "https://images.genius.com/d022400aad4680759c278a348d5aaa9b.1000x1000x1.png",
 "id": 542389,
 "instrumental": false,
 "lyrics_owner_id": 172030,
 "lyrics_state": "complete",
 "lyrics_updated_at": 1617054443,
 "path": "/Taylor-swift-blank-space-lyrics",
 "pyongs_count": 991,
 "song_art_image_thumbnail_url": "https://images.genius.com/eb811cfbca7ffdc3527e156e85fd78af.300x300x1.png",
 "song_art_image_url": "https://images.genius.com/eb811cfbca7ffdc3527e156e85fd78af.1000x1000x1.png",
 "song_art_primary_color": null,
 "song_art_secondary_color": null,
 "song_art_text_color": null,
 "stats": {
  "unreviewed_annotations": 5,
  "hot": false,
  "pageviews": 1265087
 },
 "title": "Blank Space",
 "title_with_featured": "Blank Space",
 "updated_by_human_at": 1614017130,
 "url": "https://genius.com/Taylor-swift-blank-space-lyrics",
 "primary_artist": {
  "_type": "artist",
  "api_path": "/artists/1177",
  "header_image_url": "https://images.genius.com/382ebc39e763a6d7b5fa7a2312d14905.1000x333x1.jpg",
  "id": 1177,
  "image_url": "https://images.genius.com/3c1f124fcbbc2857a95e513fb34cc5a8.400x400x1.jpg",
  "index_character": "t",
  "is_meme_verified": true,
  "is_verified": true,
  "name": "Taylor Swift",
  "slug": "Taylor-swift",
  "url": "https://genius.com/artists/Taylor-swift",
  "iq": 1540
 },
 "artist": "Taylor Swift",
 "lyrics": "[Verse 1]\nNice to meet you, where you been?\nI could show you incredible things\nMagic, madness, heaven, sin\nSaw you there, and I thought\n\"Oh my God, look at that face\nYou look like my next mistake\nLove's a game, wanna play?\"\nAyy\n\n[Verse 2]\nNew money, suit and tie\nI can read you like a magazine\nAin't it funny? Rumors fly\nAnd I know you heard about me\nSo hey, let's be friends\nI'm dyin' to see how this one ends\nGrab your passport and my hand\nI can make the bad guys good for a weekend\n\n[Chorus]\nSo it's gonna be forever\nOr it's gonna go down in flames\nYou can tell me when it's over, mm\nIf the high was worth the pain\nGot a long list of ex-lovers\nThey'll tell you I'm insane\n'Cause you know I love the players\nAnd you love the game\n'Cause we're young and we're reckless\nWe'll take this way too far\nIt'll leave you breathless, hmm\nOr with a nasty scar\nGot a long list of ex-lovers\nThey'll tell you I'm insane\nBut I've got a blank space, baby\nAnd I'll write your name\n[Verse 3]\nCherry lips, crystal skies\nI could show you incredible things\nStolen kisses, pretty lies\nYou're the King, baby, I'm your Queen\nFind out what you want\nBe that girl for a month\nWait, the worst is yet to come\nOh, no\n\n[Verse 4]\nScreaming, crying, perfect storms\nI can make all the tables turn\nRose garden filled with thorns\nKeep you second guessin' like\n\"Oh my God, who is she?\"\nI get drunk on jealousy\nBut you'll come back each time you leave\n'Cause, darling, I'm a nightmare dressed like a daydream\n\n[Chorus]\nSo it's gonna be forever\nOr it's gonna go down in flames\nYou can tell me when it's over, mm\nIf the high was worth the pain\nGot a long list of ex-lovers\nThey'll tell you I'm insane\n'Cause you know I love the players\nAnd you love the game\n'Cause we're young and we're reckless\nWe'll take this way too far\nIt'll leave you breathless, hmm\nOr with a nasty scar\nGot a long list of ex-lovers\nThey'll tell you I'm insane\nBut I've got a blank space, baby\nAnd I'll write your name\n[Bridge]\nBoys only want love if it's torture\nDon't say I didn't, say I didn't warn ya\nBoys only want love if it's torture\nDon't say I didn't, say I didn't warn ya\n\n[Chorus]\nSo it's gonna be forever\nOr it's gonna go down in flames\nYou can tell me when it's over, mm\nIf the high was worth the pain\nGot a long list of ex-lovers\nThey'll tell you I'm insane\n'Cause you know I love the players\nAnd you love the game\n'Cause we're young and we're reckless\nWe'll take this way too far\nIt'll leave you breathless, hmm\nOr with a nasty scar\nGot a long list of ex-lovers\nThey'll tell you I'm insane\nBut I've got a blank space, baby\nAnd I'll write your name"
}