{
 "_type": "song",
 "annotation_count": 11,
 "api_path": "/songs/706298",
 "full_title": "Marvin Gaye by\u00a0Charlie\u00a0Puth (Ft.\u00a0Meghan\u00a0Trainor)",
 "header_image_thumbnail_url": "https://images.genius.com/c1f79fe87351aecb51a6c54f81c3241d.300x300x1.jpg",
 "header_image_url": "https://images.genius.com/c1f79fe87351aecb51a6c54f81c3241d.1000x1000x1.jpg",
 "id": 706298,
 "instrumental": false,
 "lyrics_owner_id": 93685,
 "lyrics_state": "complete",
 "lyrics_updated_at": 1611969738,
 "path": "/Charlie-puth-marvin-gaye-lyrics",
 "pyongs_count": 49,
 "song_art_image_thumbnail_url": "https://images.genius.com/6b2348f5c02f275a3d7a5e490eb6de60.300x300x1.png",
 "song_art_image_url": "https://images.genius.com/6b2348f5c02f275a3d7a5e490eb6de60.1000x1000x1.png",
 "song_art_primary_color": null,
 "song_art_secondary_color": null,
 "song_art_text_color": null,
 "stats": {
  "unreviewed_annotations": 0,
  "hot": false,
  "pageviews": 543579
 },
 "title": "Marvin Gaye",
 "title_with_featured": "Marvin Gaye (Ft.\u00a0Meghan\u00a0Trainor)",
 "updated_by_human_at": 1615654945,
 "url": "https://genius.com/Charlie-puth-marvin-gaye-lyrics",
 "primary_artist": {
  "_type": "artist",
  "api_path": "/artists/250301",
  "header_image_url": "https://images.genius.com/90e13a63c9c9866d49796383ba1cadf9.800x1000x1.jpg",
  "id": 250301,
  "image_url": "https://images.genius.com/d317abe1e8974c3aa2885333f29e1cf2.643x643x1.jpg",
  "index_character": "c",
  "is_meme_verified": false,
  "is_verified": true,
  "name": "Charlie Puth",
  "slug": "Charlie-puth",
  "url": "https://genius.com/artists/Charlie-puth",
  "iq": 10579
 },
 "artist": "Charlie Puth",
 "lyrics": "[Intro: Charlie Puth]\nLet's Marvin Gaye and get it on\nYou got the healing that I want\nJust like they say it in the song\nUntil the dawn, let's Marvin Gaye and get it on\n\n[Verse 1: Charlie Puth]\nWe got this king-size to ourselves\nDon't have to share with no one else\nDon't keep your secrets to yourself\nIt's Kama Sutra show and tell, yeah\n\n[Pre-Chorus: Charlie Puth]\nWhoa-oh-oh-oh\nThere's lovin' in your eyes that pulls me closer\n(Oh, it pulls me closer)\nIt's so subtle (It's so subtle), I'm in trouble (I'm in trouble)\nBut I'd love to be in trouble with you\n[Chorus: Charlie Puth with Meghan Trainor]\nLet's Marvin Gaye and get it on\nYou got the healin' that I want\nJust like they say it in the song\nUntil the dawn, let's Marvin Gaye and get it on\nYou've got to give it up to me\nI'm screaming, \"Mercy, mercy, please!\"\nJust like they say it in the song\nUntil the dawn, let's Marvin Gaye and get it on\n[Verse 2: Meghan Trainor]\nAnd when you leave me all alone\nI'm like a stray without a home\nI'm like a dog without a bone\nI just want you for my own\nI got to have you, babe\n\n[Pre-Chorus 2: Charlie Puth & Meghan Trainor]\nWhoa-oh-oh-oh\nThere's lovin' in your eyes that pulls me closer\n(Oh, it pulls me closer)\nIt's so subtle (It's so subtle), I'm in trouble (I'm in trouble)\nBut I'd rather be in trouble with you\n[Bridge: Charlie Puth with Meghan Trainor]\nLet's Marvin Gaye and get it on\nOoh, baby, got that healing that you want, yes\nLike they say it in the songs\nUntil the dawn, let's Marvin Gaye and get it on\n\n[Chorus: Charlie Puth & Meghan Trainor]\nLet's Marvin Gaye and get it on\nYou got the healin' that I want\nJust like they say it in the song\nUntil the dawn, let's Marvin Gaye and get it on, babe\nYou've got to give it up to me\nI'm screaming, \"Mercy, mercy, please!\"\nJust like they say it in the song\nUntil the dawn, let's Marvin Gaye and get it on\nJust like they say it in the song\nUntil the dawn, let's Marvin Gaye and get it on, ooh"
}