{
 "_type": "song",
 "annotation_count": 1,
 "api_path": "/songs/3190595",
 "full_title": "Reasons to Grind by\u00a0Nathan\u00a0Baya",
 "header_image_thumbnail_url": "https://assets.genius.com/images/default_cover_image.png?1617031125",
 "header_image_url": "https://assets.genius.com/images/default_cover_image.png?1617031125",
 "id": 3190595,
 "instrumental": false,
 "lyrics_owner_id": 4554149,
 "lyrics_state": "complete",
 "lyrics_updated_at": 1503781417,
 "path": "/Nathan-baya-reasons-to-grind-lyrics",
 "pyongs_count": null,
 "song_art_image_thumbnail_url": "https://assets.genius.com/images/default_cover_image.png?1617031125",
 "song_art_image_url": "https://assets.genius.com/images/default_cover_image.png?1617031125",
 "song_art_primary_color": null,
 "song_art_secondary_color": null,
 "song_art_text_color": null,
 "stats": {
  "unreviewed_annotations": 0,
  "hot": false
 },
 "title": "Reasons to Grind",
 "title_with_featured": "Reasons to Grind",
 "updated_by_human_at": 1579145852,
 "url": "https://genius.com/Nathan-baya-reasons-to-grind-lyrics",
 "primary_artist": {
  "_type": "artist",
  "api_path": "/artists/1124687",
  "header_image_url": "https://assets.genius.com/images/default_avatar_300.png?1617031125",
  "id": 1124687,
  "image_url": "https://assets.genius.com/images/default_avatar_300.png?1617031125",
  "index_character": "n",
  "is_meme_verified": false,
  "is_verified": false,
  "name": "Nathan Baya",
  "slug": "Nathan-baya",
  "url": "https://genius.com/artists/Nathan-baya"
 },
 "artist": "Nathan Baya",
 "lyrics": "You already know who it is\nSilento, Silento\nSilento\nGo on and do it for me\nNow watch me whip (kill it)\nNow watch me nae nae (okay)\nNow watch me whip, whip\nWatch me nae nae (watch me do it)\nNow watch me whip (kill it)\nWatch me nae nae (okay)\nNow watch me whip, whip\nWatch me nae nae (can you do it?)\nNow watch me\nOoh, watch me, watch me (yeah)\nOoh, watch me, watch me (yeah)\nOoh, watch me, watch me (yeah)\nOoh, ooh, ooh, ooh (okay, okay)\nOoh, watch me, watch me (yeah)\nOoh, watch me, watch me (yeah) (can you do it?)\nOoh, watch me, watch me (yeah) (can you do it?)\nOoh, ooh, ooh, ooh (okay)\nDo the stanky leg (stank)\nDo the stanky leg (stank, stank)\nDo the stanky leg (stank)\nDo the stanky leg (stank, stank)\nDo the stanky leg (stank)\nDo the stanky leg (stank, stank)\nDo the stanky leg (stank)\nDo the stanky leg (stank, stank)\nNow break your legs (break 'em)\nBreak your legs (break 'em)\nTell 'em, \"Break your legs\" (break 'em)\nBreak your legs (break 'em)\nGo on and break your legs (break 'em)\nBreak your legs (break 'em)\nGo on and break your legs (break 'em)\nBreak your legs (break 'em)\nNow watch me bop (bop), bop, bop (bop, bop)\nBop, bop, bop, bop, bop (bop, bop)\nNow watch me bop, bop, bop, bop, bop (bop, bop)\nBop, bop, bop, bop, bop (bop, bop)\nBop, bop\nNow watch me whip (ayy) (kill it)\nNow watch me nae nae (okay)\nNow watch me whip, whip\nWatch me nae nae (watch me do it)\nNow watch me whip (kill it)\nWatch me nae nae (okay)\nNow watch me whip, whip\nWatch me nae nae (can you do it?)\nNow watch me\nOoh, watch me, watch me (yeah)\nOoh, watch me, watch me (yeah)\nOoh, watch me, watch me (yeah)\nOoh, ooh, ooh, ooh (okay, okay)\nOoh, watch me, watch me (yeah)\nOoh, watch me, watch me (yeah)\nOoh, watch me, watch me (yeah)\nOoh, ooh, ooh, ooh (okay), crank that\nNow watch me you (Soulja)\nNow watch Superman (okay)\nNow watch me you (Soulja)\nNow watch Superman (okay)\nNow watch me you (Soulja)\nNow watch Superman (okay)\nNow watch me you (Soulja)\nNow watch Superman (okay)\nNow watch me duff, duff (duff 'em), duff (duff 'em)\nDuff (duff 'em), duff, duff, duff (duff 'em), duff (duff 'em), duff (hold on)\nNow watch me duff, duff (duff 'em), duff (duff 'em)\nDuff (duff 'em), duff, duff, duff (duff 'em), duff (duff 'em), duff\nNow watch me bop, bop (to the left), bop (bop, bop)\nBop (to the right), bop, bop, bop (to the left), bop, bop (to the right)\nNow watch me bop, bop (to the left), bop (bop, bop)\nBop (to the right), bop, bop, bop (to the left), bop, bop (to the right)\nNow watch me whip (ayy) (kill it)\nNow watch me nae nae (okay)\nNow watch me whip, whip\nWatch me nae nae (watch me do it)\nNow watch me whip (kill it)\nWatch me nae nae (okay)\nNow watch me whip, whip\nWatch me nae nae (can you do it?)\nNow watch me\nOoh, watch me, watch me (yeah)\nOoh, watch me, watch me (yeah)\nOoh, watch me, watch me (yeah)\nOoh, ooh, ooh, ooh (okay, okay)\nOoh, watch me, watch me (yeah)\nOoh, watch me, watch me (yeah)\nOoh, watch me, watch me (yeah)\nOoh, ooh, ooh, ooh (okay), crank that"}