{
 "_type": "song",
 "annotation_count": 2,
 "api_path": "/songs/183538",
 "full_title": "Lay Me Down by\u00a0Sam\u00a0Smith",
 "header_image_thumbnail_url": "https://images.genius.com/e03b262e483619f35f7dfc6653cb2d93.300x300x1.jpg",
 "header_image_url": "https://images.genius.com/e03b262e483619f35f7dfc6653cb2d93.820x820x1.jpg",
 "id": 183538,
 "instrumental": false,
 "lyrics_owner_id": 165288,
 "lyrics_state": "complete",
 "lyrics_updated_at": 1608407464,
 "path": "/Sam-smith-lay-me-down-lyrics",
 "pyongs_count": 253,
 "song_art_image_thumbnail_url": "https://images.genius.com/26ec573183df20cc3e9eeb067b363461.300x300x1.jpg",
 "song_art_image_url": "https://images.genius.com/26ec573183df20cc3e9eeb067b363461.1000x1000x1.jpg",
 "song_art_primary_color": null,
 "song_art_secondary_color": null,
 "song_art_text_color": null,
 "stats": {
  "unreviewed_annotations": 0,
  "hot": false,
  "pageviews": 749974
 },
 "title": "Lay Me Down",
 "title_with_featured": "Lay Me Down",
 "updated_by_human_at": 1608407465,
 "url": "https://genius.com/Sam-smith-lay-me-down-lyrics",
 "primary_artist": {
  "_type": "artist",
  "api_path": "/artists/43383",
  "header_image_url": "https://images.genius.com/541b4856051d5c2de6ad6ce41feeb53a.790x395x1.jpg",
  "id": 43383,
  "image_url": "https://images.genius.com/2b8fe4aaac3815fc8e9e76f98b54095b.1000x1000x1.jpg",
  "index_character": "s",
  "is_meme_verified": false,
  "is_verified": false,
  "name": "Sam Smith",
  "slug": "Sam-smith",
  "url": "https://genius.com/artists/Sam-smith"
 },
 "artist": "Sam Smith",
 "lyrics": "[Verse 1]\nYes I do, I believe\nThat one day I will be where I was\nRight there, right next to you\nAnd it's hard, the days just seem so dark\nThe moon, and the stars are nothing without you\nYour touch, your skin, where do I begin?\nNo words can explain the way I'm missing you\nDeny this emptiness, this hole that I'm inside\nThese tears, they tell their own story\n\n[Pre-Chorus]\nTold me not to cry when you were gone\nBut the feeling's overwhelming, it's much too strong\n\n[Chorus]\nCan I lay by your side, next to you, you?\nAnd make sure you're all right\nI'll take care of you\nI don't want to be here if I can't be with you tonight\n\n[Verse 2]\nI'm reaching out to you\nCan you hear my call?\nThis hurt that I've been through\nI'm missing you, missing you like crazy\n[Pre-Chorus]\nYou told me not to cry when you were gone\nBut the feeling's overwhelming, it's much too strong\n\n[Chorus]\nCan I lay by your side, next to you, you?\nAnd make sure you're all right\nI'll take care of you\nI don't want to be here if I can't be with you tonight\n\n[Bridge]\nLay me down tonight, lay me by your side\nLay me down tonight, lay me by your side\n\n[Outro]\nCan I lay by your side, next to you, you?"
}