{
 "_type": "song",
 "annotation_count": 28,
 "api_path": "/songs/494172",
 "full_title": "Tuesday by\u00a0\u200biLoveMakonnen (Ft.\u00a0Drake)",
 "header_image_thumbnail_url": "https://images.rapgenius.com/574b7d54f35a5851e45100d08ca48e56.300x300x1.jpg",
 "header_image_url": "https://images.rapgenius.com/574b7d54f35a5851e45100d08ca48e56.1000x1000x1.jpg",
 "id": 494172,
 "instrumental": false,
 "lyrics_owner_id": 314816,
 "lyrics_state": "complete",
 "lyrics_updated_at": 1593222023,
 "path": "/Ilovemakonnen-tuesday-lyrics",
 "pyongs_count": 815,
 "song_art_image_thumbnail_url": "https://images.rapgenius.com/574b7d54f35a5851e45100d08ca48e56.300x300x1.jpg",
 "song_art_image_url": "https://images.rapgenius.com/574b7d54f35a5851e45100d08ca48e56.1000x1000x1.jpg",
 "song_art_primary_color": null,
 "song_art_secondary_color": null,
 "song_art_text_color": null,
 "stats": {
  "unreviewed_annotations": 0,
  "hot": false,
  "pageviews": 1259271
 },
 "title": "Tuesday",
 "title_with_featured": "Tuesday (Ft.\u00a0Drake)",
 "updated_by_human_at": 1593222023,
 "url": "https://genius.com/Ilovemakonnen-tuesday-lyrics",
 "primary_artist": {
  "_type": "artist",
  "api_path": "/artists/182049",
  "header_image_url": "https://images.genius.com/ca7bb2f762dfeace4f4871e617ff4e4d.1000x630x1.jpg",
  "id": 182049,
  "image_url": "https://images.genius.com/6d51bda89697310601dbdbaf007aecec.680x680x1.jpg",
  "index_character": "i",
  "is_meme_verified": false,
  "is_verified": true,
  "name": "\u200biLoveMakonnen",
  "slug": "Ilovemakonnen",
  "url": "https://genius.com/artists/Ilovemakonnen",
  "iq": 6882
 },
 "artist": "\u200biLoveMakonnen",
 "lyrics": "[Intro]\nSonny Digital\nMetro Boomin want some more, nigga\n\n[Chorus: ILoveMakonnen]\nGot the club goin' up on a Tuesday\nGot your girl in the cut and she choosey\nClub goin' up on a Tuesday\nGot your girl in the cut and she choosey\nClub goin' up on a Tuesday\nGot your girl in the cut and she choosey\nClub goin' up on a Tuesday\nGot your girl in the cut and she choosey\n[Verse 1: Drake]\nSquad goin' up\nNobody flippin' packs now\nI just did three in a row\nThem shows is back-to-back to back now\nPut the world on our sound\nYou know PARTY and The Weeknd\nAin't got no motherfuckin' time\nTo party on the weekend\nTell Gelo bring the juice\nWe about to get lit\nFill the room up with some tings\nOne night off and this is it\nAlways workin' OT\nOvertime and out of town\nShit is crazy back home\nIt kills me that I'm not around\nI think we gettin' too deep\nShit I'm talkin' might be too true\nUpstairs I got Xans in an Advil bottle\nI don't take them shits but you do\nSo I got 'em for you\nI don't need the pills\nI'm just gon' have another drink\nAnd when I'm puttin' work in on a weekend\nI'll look back on this and think\nHow we had the club going up\n[Chorus: ILoveMakonnen]\nGoin' up on a Tuesday\nGot your girl in the cut and she choosey\nClub goin' up on a Tuesday\nGot your girl in the cut and she choosey\nClub goin' up on a Tuesday\nGot your girl in the cut and she choosey\nClub goin' up on a Tuesday\nGot your girl in the cut and she choosey\n\n[Verse 2: ILoveMakonnen]\nWorkin' Monday night\nOn the corner flippin' hard\nMade at least three thousand\nOn the boulevard\nI've been workin' graveyard\nShifts every other weekend\nAin't got no fuckin' time\nTo party on the weekend\nI've been flippin' in the house\nMakin' juggs on the highway\nI've been ridin' out of state\nMakin' money like my way\nI don't think that I should dance\nI'm just gon' have another drink\nI'm doin' my stance\nYou know my molly pink\nI got the loudest of the loud\nYou know my gas stink\nMy P.O. think I'm in the house\nDon't give a damn 'bout what she think\n[Chorus: ILoveMakonnen]\nGot the club goin' up on a Tuesday\nGot your girl in the cut and she choosey\nClub goin' up on a Tuesday\nGot your girl in the cut and she choosey\nClub goin' up on a Tuesday\nGot your girl in the cut and she choosey\nClub goin' up on a Tuesday\nGot your girl in the cut and she choosey\n\n[Bridge: ILoveMakonnen]\nIt ain't no way, no how\nI made it on my own\nI made my own style\nI don't think that I should stay\nYou know I gotta go\nBeen moving too fast\nDon't wanna take it slow\n\n[Chorus: ILoveMakonnen]\nGot the club goin' up on a Tuesday\nGot your girl in the cut and she choosey\nClub goin' up on a Tuesday\nGot your girl in the cut and she choosey\nClub goin' up on a Tuesday\nGot your girl in the cut and she choosey\nClub goin' up on a Tuesday\nGot your girl in the cut and she choosey\nClub goin' up on a Tuesday\nGot your girl in the cut and she choosey\nClub goin' up on a Tuesday\nGot your girl in the cut and she choosey\nGot the club goin' up"
}