{
 "_type": "song",
 "annotation_count": 10,
 "api_path": "/songs/639914",
 "full_title": "Earned It by\u00a0The\u00a0Weeknd",
 "header_image_thumbnail_url": "https://images.genius.com/64b47fbb930bab1c2d49a5a6437678c8.300x300x1.png",
 "header_image_url": "https://images.genius.com/64b47fbb930bab1c2d49a5a6437678c8.1000x1000x1.png",
 "id": 639914,
 "instrumental": false,
 "lyrics_owner_id": 263424,
 "lyrics_state": "complete",
 "lyrics_updated_at": 1597947902,
 "path": "/The-weeknd-earned-it-lyrics",
 "pyongs_count": 1155,
 "song_art_image_thumbnail_url": "https://images.rapgenius.com/13aa16c884349306d52d09ee477d33e9.300x300x1.jpg",
 "song_art_image_url": "https://images.rapgenius.com/13aa16c884349306d52d09ee477d33e9.1000x1000x1.jpg",
 "song_art_primary_color": null,
 "song_art_secondary_color": null,
 "song_art_text_color": null,
 "stats": {
  "unreviewed_annotations": 0,
  "hot": false,
  "pageviews": 1497092
 },
 "title": "Earned It",
 "title_with_featured": "Earned It",
 "updated_by_human_at": 1597947902,
 "url": "https://genius.com/The-weeknd-earned-it-lyrics",
 "primary_artist": {
  "_type": "artist",
  "api_path": "/artists/2358",
  "header_image_url": "https://images.genius.com/e7aef4529f05c3da2e21aec75a2861e9.1000x562x1.jpg",
  "id": 2358,
  "image_url": "https://images.genius.com/f0813e600d43b8b43c94e8ba1dde880a.640x640x1.png",
  "index_character": "w",
  "is_meme_verified": false,
  "is_verified": true,
  "name": "The Weeknd",
  "slug": "The-weeknd",
  "url": "https://genius.com/artists/The-weeknd",
  "iq": 6285
 },
 "artist": "The Weeknd",
 "lyrics": "[Intro]\nI'ma care for you\nI'ma care for you, you, you, you\n\n[Verse 1]\nYou make it look like it's magic (Oh yeah)\n'Cause I see nobody, nobody but you, you, you\nI'm never confused\nHey, hey\nI'm so used to bein' used\n\n[Pre-Chorus]\nSo I love when you call unexpected\n'Cause I hate when the moment's expected\nSo I'ma care for you, you, you\nI'ma care for you, you, you, you, yeah\n\n[Chorus]\n'Cause girl, you're perfect\nYou're always worth it\nAnd you deserve it\nThe way you work it\n'Cause girl, you earned it, yeah\nGirl, you earned it, yeah\n\n[Verse 2]\nYou know our love would be tragic (Oh yeah)\nSo you don't pay it, don't pay it no mind, mind, mind\nWe live with no lies\nHey, hey\nYou're my favorite kind of night\n[Pre-Chorus]\nSo I love when you call unexpected\n'Cause I hate when the moment's expected\nSo I'ma care for you, you, you\nI'ma care for you, you, you, you, yeah\n\n[Chorus]\n'Cause girl, you're perfect (Girl, you're perfect)\nYou're always worth it (Always worth it)\nAnd you deserve it (And you deserve it)\nThe way you work it (The way you work it)\n'Cause girl, you earned it, yeah (Earned it)\nGirl, you earned it, yeah\n\n[Verse 3]\nOn that lonely night (Lonely night)\nWe said it wouldn't be love\nBut we felt the rush (Fell in love)\nIt made us believe it was only us (Only us)\nConvinced we were broken inside, yeah, inside, yeah\n\n[Chorus]\n'Cause girl, you're perfect (Girl, you're perfect)\nYou're always worth it (You're always worth it)\nAnd you deserve it (And you deserve it)\nThe way you work it (The way you work it)\n'Cause girl, you earned it, yeah (You earned it)\nGirl, you earned it, yeah (You earned it)\n[Outro]\nNa-na-na-na-na\nOh-oh-oh\nYeah, yeah\n'Cause girl, you're perfect\nThe way you work it\nYou deserve it\nGirl, you deserve it\nGirl, you earned it, yeah, yeah"
}