{
 "_type": "song",
 "annotation_count": 9,
 "api_path": "/songs/668175",
 "full_title": "Heartbeat Song by\u00a0Kelly\u00a0Clarkson",
 "header_image_thumbnail_url": "https://images.genius.com/e969522da843e16e81c525d58b7585a9.300x300x1.jpg",
 "header_image_url": "https://images.genius.com/e969522da843e16e81c525d58b7585a9.1000x1000x1.jpg",
 "id": 668175,
 "instrumental": false,
 "lyrics_owner_id": 22533,
 "lyrics_state": "complete",
 "lyrics_updated_at": 1606629574,
 "path": "/Kelly-clarkson-heartbeat-song-lyrics",
 "pyongs_count": 39,
 "song_art_image_thumbnail_url": "https://images.genius.com/00e045a83895806ca1b8836a4a43a28b.300x300x1.jpg",
 "song_art_image_url": "https://images.genius.com/00e045a83895806ca1b8836a4a43a28b.1000x1000x1.jpg",
 "song_art_primary_color": null,
 "song_art_secondary_color": null,
 "song_art_text_color": null,
 "stats": {
  "unreviewed_annotations": 0,
  "hot": false,
  "pageviews": 32516
 },
 "title": "Heartbeat Song",
 "title_with_featured": "Heartbeat Song",
 "updated_by_human_at": 1606629574,
 "url": "https://genius.com/Kelly-clarkson-heartbeat-song-lyrics",
 "primary_artist": {
  "_type": "artist",
  "api_path": "/artists/11714",
  "header_image_url": "https://images.genius.com/e1c5d213c9830232ec86efe57067d209.1000x333x1.jpg",
  "id": 11714,
  "image_url": "https://images.genius.com/35d04c2c1d704c5c87bd5d9a393ae424.400x400x1.jpg",
  "index_character": "k",
  "is_meme_verified": false,
  "is_verified": false,
  "name": "Kelly Clarkson",
  "slug": "Kelly-clarkson",
  "url": "https://genius.com/artists/Kelly-clarkson"
 },
 "artist": "Kelly Clarkson",
 "lyrics": "[Intro]\nThis is my heartbeat song and I'm gonna play it\nBeen so long, I forgot how to turn it\nUp, up, up, up all night long\nOh, up, up all night long\n\n[Verse 1]\nYou, where the hell did you come from?\nYou're a different, different kind of fun\nAnd I'm so used to feeling numb\nNow I've got pins and needles on my tongue\nAnticipating what's to come\nLike a finger on a loaded gun\n\n[Pre-Chorus 1]\nI can feel it rising\nTemperature inside me\nHaven't felt it for a long time\n\n[Chorus]\nThis is my heartbeat song and I'm gonna play it\nBeen so long, I forgot how to turn it\nUp, up, up, up all night long\nOh, up, up all night long\nThis is my heartbeat song and I'm gonna play it\nTurned it on, but I know you can take it\nUp, up, up, up all night long\nOh, up, up all night long (All night long)\n[Verse 2]\nI, I wasn't even gonna go out\nBut I never would've had a doubt\nIf I'd have known where I'd be now\n\n[Pre-Chorus 2]\nYour hands on my hips\nAnd my kiss on your lips\nOh, I could do this for a long time\n\n[Chorus]\nThis is my heartbeat song and I'm gonna play it\nBeen so long, I forgot how to turn it\nUp, up, up, up all night long\nOh, up, up all night long\nThis is my heartbeat song and I'm gonna play it\nTurned it on, but I know you can take it\nUp, up, up, up all night long\nOh, up, up all night long, all night long\n\n[Bridge]\nUntil tonight, I only dreamed about you\nI can't believe I've ever breathed without you\nBaby, you make me feel alive and brand new\nBring it one more time (One more time)\n[Chorus]\nThis is my heartbeat song and I'm gonna play it\nBeen so long, I forgot how to turn it\nUp, up, up, up all night long\nOh, up, up all night long\nThis is my heartbeat song and I'm gonna play it\nTurned it on, but I know you can take it\nUp, up, up, up all night long\nOh, up, up all night long, all night long\nThis is my heartbeat song and I'm gonna play it\nBeen so long, I forgot how to turn it\nUp, up, up, up all night long\nOh, up, up all night long\nThis is my heartbeat song and I'm gonna play it\nTurned it on, but I know you can take it\nUp, up, up, up all night long\nOh, up, up all night long"
}