{
 "_type": "song",
 "annotation_count": 6,
 "api_path": "/songs/437873",
 "full_title": "Ghost by\u00a0Ella\u00a0Henderson",
 "header_image_thumbnail_url": "https://images.genius.com/34d721928fbe39b83dbc0c199ffd62aa.300x300x1.jpg",
 "header_image_url": "https://images.genius.com/34d721928fbe39b83dbc0c199ffd62aa.1000x1000x1.jpg",
 "id": 437873,
 "instrumental": false,
 "lyrics_owner_id": 7793,
 "lyrics_state": "complete",
 "lyrics_updated_at": 1588883508,
 "path": "/Ella-henderson-ghost-lyrics",
 "pyongs_count": 73,
 "song_art_image_thumbnail_url": "https://images.genius.com/2e90ad434da43fa830674e58dd716613.300x300x1.png",
 "song_art_image_url": "https://images.genius.com/2e90ad434da43fa830674e58dd716613.300x300x1.png",
 "song_art_primary_color": null,
 "song_art_secondary_color": null,
 "song_art_text_color": null,
 "stats": {
  "unreviewed_annotations": 2,
  "hot": false,
  "pageviews": 100496
 },
 "title": "Ghost",
 "title_with_featured": "Ghost",
 "updated_by_human_at": 1580150722,
 "url": "https://genius.com/Ella-henderson-ghost-lyrics",
 "primary_artist": {
  "_type": "artist",
  "api_path": "/artists/183925",
  "header_image_url": "https://images.genius.com/1c8d6ee0ae93a02f397423550dbd9542.714x1000x1.jpg",
  "id": 183925,
  "image_url": "https://images.genius.com/434e10c1a748d41e2eb765d34d1c4fb6.1000x1000x1.jpg",
  "index_character": "e",
  "is_meme_verified": false,
  "is_verified": false,
  "name": "Ella Henderson",
  "slug": "Ella-henderson",
  "url": "https://genius.com/artists/Ella-henderson"
 },
 "artist": "Ella Henderson",
 "lyrics": "[Chorus]\nI keep going to the river to pray\n'Cause I need something that can wash out the pain\nAnd at most, I'm sleeping all these demons away\nBut your ghost, the ghost of you\nIt keeps me awake\n\n[Verse 1]\nMy friends had you figured out\nYeah they saw what's inside of you\nYou tried hiding another you\nBut your evil was coming through\nThese eyes sitting on the wall\nThey watch every move I make\nBright light living in the shade\nYour cold heart makes my spirit shake\n\n[Pre-Chorus]\nI had to go through hell to prove I'm not insane\nHad to meet the devil just to know his name\nAnd that's when my love was burning\nYeah it's still burning\n\n[Chorus]\nI keep going to the river to pray\n'Cause I need something that can wash out the pain\nAnd at most, I'm sleeping all these demons away\nBut your ghost, the ghost of you\nIt keeps me awake\nI keep going to the river to pray\n'Cause I need something that can wash out the pain\nAnd at most, I'm sleeping all these demons away\nBut your ghost, the ghost of you\nIt keeps me awake\n[Verse 2]\nEach time that I think you go\nI turn around and you're creeping in\nAnd I let you under my skin\n'Cause I love living innocent\nOh, you never told me\nTrue love was gonna hurt\nTrue pain I don't deserve\nTruth is that I never learned\n\n[Chorus]\nI keep going to the river to pray\n'Cause I need something that can wash out the pain\nAnd at most, I'm sleeping all these demons away\nBut your ghost, the ghost of you\nIt keeps me awake\nI keep going to the river to pray\n'Cause I need something that can wash out the pain\nAnd at most, I'm sleeping all these demons away\nBut your ghost, the ghost of you\nIt keeps me awake\n\n[Bridge]\nGive up the ghost, give up the ghost\nGive up the ghost, stop the haunting baby\nGive up the ghost, give up the ghost\nGive up the ghost, no more haunting baby\nI keep going to the river...\n[Chorus]\nI keep going to the river to pray\n'Cause I need something that can wash out the pain\nAnd at most, I'm sleeping all these demons away\nBut your ghost, the ghost of you\nIt keeps me awake\nI keep going to the river to pray\n'Cause I need something that can wash out the pain\nAnd at most, I'm sleeping all these demons away\nBut your ghost, the ghost of you\nIt keeps me awake"
}