{
 "_type": "song",
 "annotation_count": 13,
 "api_path": "/songs/145970",
 "full_title": "Waves by\u00a0Mr.\u00a0Probz",
 "header_image_thumbnail_url": "https://images.genius.com/e0bcd622e30a93eab72fde125ffa168f.300x300x1.jpg",
 "header_image_url": "https://images.genius.com/e0bcd622e30a93eab72fde125ffa168f.500x500x1.jpg",
 "id": 145970,
 "instrumental": false,
 "lyrics_owner_id": 205409,
 "lyrics_state": "complete",
 "lyrics_updated_at": 1609085342,
 "path": "/Mr-probz-waves-lyrics",
 "pyongs_count": 290,
 "song_art_image_thumbnail_url": "https://images.genius.com/e0bcd622e30a93eab72fde125ffa168f.300x300x1.jpg",
 "song_art_image_url": "https://images.genius.com/e0bcd622e30a93eab72fde125ffa168f.500x500x1.jpg",
 "song_art_primary_color": null,
 "song_art_secondary_color": null,
 "song_art_text_color": null,
 "stats": {
  "unreviewed_annotations": 0,
  "hot": false,
  "pageviews": 1064020
 },
 "title": "Waves",
 "title_with_featured": "Waves",
 "updated_by_human_at": 1609085342,
 "url": "https://genius.com/Mr-probz-waves-lyrics",
 "primary_artist": {
  "_type": "artist",
  "api_path": "/artists/6996",
  "header_image_url": "https://images.genius.com/f00ac2c3f0708d773a5019a4d8ddd2ca.1000x668x1.jpg",
  "id": 6996,
  "image_url": "https://images.genius.com/e58ee2e5acc8094827e92e082524d7c3.1000x1000x1.jpg",
  "index_character": "m",
  "is_meme_verified": false,
  "is_verified": true,
  "name": "Mr. Probz",
  "slug": "Mr-probz",
  "url": "https://genius.com/artists/Mr-probz",
  "iq": 1330
 },
 "artist": "Mr. Probz",
 "lyrics": "[Verse 1]\nMy face above the water\nMy feet can't touch the ground\nTouch the ground, and it feels like\nI can see the sands on the horizon\nEverytime you are not around\n\n[Hook]\nI'm slowly drifting away (drifting away)\nWave after wave, wave after wave\nI'm slowly drifting (drifting away)\nAnd it feels like I'm drowning\nPulling against the stream\nPulling against the stream\n\n[Verse 2]\nI wish I could make it easy\nEasy to love me, love me\nBut still I reach, to find a way\nI'm stuck here in between\nI'm looking for the right words to say\n\n[Hook]\nI'm slowly drifting, drifting away\nWave after wave, wave after wave\nI'm slowly drifting (drifting away)\nAnd it feels like I'm drowning\nPulling against the stream\nPulling against the stream"
}