{
 "_type": "song",
 "annotation_count": 10,
 "api_path": "/songs/567753",
 "full_title": "Night Changes by\u00a0One\u00a0Direction",
 "header_image_thumbnail_url": "https://images.genius.com/31c7d09c4aa1b324bb911d0db72453a3.300x300x1.jpg",
 "header_image_url": "https://images.genius.com/31c7d09c4aa1b324bb911d0db72453a3.1000x1000x1.jpg",
 "id": 567753,
 "instrumental": false,
 "lyrics_owner_id": 1028280,
 "lyrics_state": "complete",
 "lyrics_updated_at": 1616075413,
 "path": "/One-direction-night-changes-lyrics",
 "pyongs_count": 189,
 "song_art_image_thumbnail_url": "https://images.rapgenius.com/a8c066965cd804df56261afe172cce2b.300x300x1.jpg",
 "song_art_image_url": "https://images.rapgenius.com/a8c066965cd804df56261afe172cce2b.1000x1000x1.jpg",
 "song_art_primary_color": null,
 "song_art_secondary_color": null,
 "song_art_text_color": null,
 "stats": {
  "unreviewed_annotations": 9,
  "concurrents": 2,
  "hot": false,
  "pageviews": 483492
 },
 "title": "Night Changes",
 "title_with_featured": "Night Changes",
 "updated_by_human_at": 1616075413,
 "url": "https://genius.com/One-direction-night-changes-lyrics",
 "primary_artist": {
  "_type": "artist",
  "api_path": "/artists/19657",
  "header_image_url": "https://images.genius.com/d556360ef2b1a2f6a80d526a9a957a80.1000x709x1.jpg",
  "id": 19657,
  "image_url": "https://images.genius.com/bc6a5168555725c9c4dc30f13d953276.224x224x1.jpg",
  "index_character": "o",
  "is_meme_verified": false,
  "is_verified": false,
  "name": "One Direction",
  "slug": "One-direction",
  "url": "https://genius.com/artists/One-direction"
 },
 "artist": "One Direction",
 "lyrics": "[Verse 1: Zayn  & Liam]\nGoing out tonight, changes into something red\nHer mother doesn't like that kind of dress\nEverything she never had, she's showing off\nDriving too fast, moon is breaking through her hair\nShe's heading for something that she won't forget\nHaving no regrets is all that she really wants\n\n[Chorus: Harry]\nWe're only getting older, baby\nAnd I've been thinking about it lately\nDoes it ever drive you crazy\nJust how fast the night changes?\nEverything that you've ever dreamed of\nDisappearing when you wake up\nBut there's nothing to be afraid of\nEven when the night changes, it will never change me and you\n\n[Verse 2: Louis & Niall]\nChasing her tonight, doubts are running 'round her head\nHe's waiting, hides behind a cigarette\nHeart is beating loud and she doesn't want it to stop\nMoving too fast, moon is lighting up her skin\nShe's falling, doesn't even know it yet\nHaving no regrets is all that she really wants\n[Chorus: Harry]\nWe're only getting older, baby\nAnd I've been thinking about it lately\nDoes it ever drive you crazy\nJust how fast the night changes?\nEverything that you've ever dreamed of\nDisappearing when you wake up\nBut there's nothing to be afraid of\nEven when the night changes, it will never change me and you\n\n[Bridge: Zayn]\nGoing out tonight, changes into something red, her mother doesn't like that kind of dress\nReminds her of the missing piece of innocence she lost\n\n[Chorus: Harry]\nWe're only getting older, baby\nAnd I've been thinking about it lately\nDoes it ever drive you crazy\nJust how fast the night changes?\nEverything that you've ever dreamed of\nDisappearing when you wake up\nBut there's nothing to be afraid of\nEven when the night changes\nIt will never change, baby, it will never change, baby\nIt will never change, me and you"
}