{
 "_type": "song",
 "annotation_count": 15,
 "api_path": "/songs/202955",
 "full_title": "Roar by\u00a0Katy\u00a0Perry",
 "header_image_thumbnail_url": "https://images.genius.com/58143694392abb8b2d6d8daa6abfdd7e.300x300x1.jpg",
 "header_image_url": "https://images.genius.com/58143694392abb8b2d6d8daa6abfdd7e.1000x1000x1.jpg",
 "id": 202955,
 "instrumental": false,
 "lyrics_owner_id": 70148,
 "lyrics_state": "complete",
 "lyrics_updated_at": 1609619678,
 "path": "/Katy-perry-roar-lyrics",
 "pyongs_count": 94,
 "song_art_image_thumbnail_url": "https://images.genius.com/f29f97569976a4075fb06a07d4a8c87f.300x300x1.jpg",
 "song_art_image_url": "https://images.genius.com/f29f97569976a4075fb06a07d4a8c87f.1000x1000x1.jpg",
 "song_art_primary_color": null,
 "song_art_secondary_color": null,
 "song_art_text_color": null,
 "stats": {
  "unreviewed_annotations": 0,
  "hot": false,
  "pageviews": 534436
 },
 "title": "Roar",
 "title_with_featured": "Roar",
 "updated_by_human_at": 1614876619,
 "url": "https://genius.com/Katy-perry-roar-lyrics",
 "primary_artist": {
  "_type": "artist",
  "api_path": "/artists/1195",
  "header_image_url": "https://images.genius.com/f4d50d18c2187c18885f28261c503d0f.1000x333x1.jpg",
  "id": 1195,
  "image_url": "https://images.genius.com/3f46986b4eb6ceeb06fd9d9166e5a248.900x900x1.jpg",
  "index_character": "k",
  "is_meme_verified": false,
  "is_verified": true,
  "name": "Katy Perry",
  "slug": "Katy-perry",
  "url": "https://genius.com/artists/Katy-perry",
  "iq": 149
 },
 "artist": "Katy Perry",
 "lyrics": "[Verse 1]\nI used to bite my tongue and hold my breath\nScared to rock the boat and make a mess\nSo I sat quietly, agreed politely\nI guess that I forgot I had a choice\nI let you push me past the breaking point\nI stood for nothing, so I fell for everything\n\n[Pre-Chorus]\nYou held me down, but I got up (Hey)\nAlready brushing off the dust\nYou hear my voice, your hear that sound\nLike thunder, gonna shake the ground\nYou held me down, but I got up (Hey)\nGet ready cause I had enough\nI see it all, I see it now\n[Chorus]\nI got the eye of the tiger, a fighter\nDancing through the fire\n'Cause I am a champion, and you\u2019re gonna hear me roar\nLouder, louder than a lion\n'Cause I am a champion, and you\u2019re gonna hear me roar\n\n[Post-Chorus]\nOh oh oh oh oh oh oh\nOh oh oh oh oh oh oh\nOh oh oh oh oh oh oh\nYou\u2019re gonna hear me roar\n[Verse 2]\nNow I\u2019m floating like a butterfly\nStinging like a bee, I earned my stripes\nI went from zero, to my own hero\n\n[Pre-Chorus]\nYou held me down, but I got up (Hey)\nAlready brushing off the dust\nYou hear my voice, you hear that sound\nLike thunder, gonna shake the ground\nYou held me down, but I got up (Got up)\nGet ready 'cause I've had enough\nI see it all, I see it now\n\n[Chorus]\nI got the eye of the tiger, a fighter\nDancing through the fire\n'Cause I am a champion, and you\u2019re gonna hear me roar\nLouder, louder than a lion\n'Cause I am a champion, and you\u2019re gonna hear me roar\n\n[Post-Chorus]\nOh oh oh oh oh oh oh\nOh oh oh oh oh oh oh\nOh oh oh oh oh oh oh\nYou\u2019re gonna hear me roar\nOh oh oh oh oh oh oh\nOh oh oh oh oh oh oh\n(You'll hear me roar)\nOh oh oh oh oh oh oh\nYou\u2019re gonna hear me roar\n[Bridge]\nRoar, roar, roar, roar, roar\n\n[Chorus]\nI got the eye of the tiger, a fighter\nDancing through the fire\n'Cause I am a champion, and you\u2019re gonna hear me roar\nOh, louder, louder than a lion\n'Cause I am a champion, and you\u2019re gonna hear me roar\n\n[Post-Chorus]\nOh oh oh oh oh oh oh\nOh oh oh oh oh oh oh\nOh oh oh oh oh oh oh (Yeah)\nYou\u2019re gonna hear me roar\nOh oh oh oh oh oh oh\nOh oh oh oh oh oh oh\n(You'll hear me roar)\nOh oh oh oh oh oh oh\nYou\u2019re gonna hear me roar\n[Video Directed by Grady Hall & Mark Kudsi]\n[Produced by Dr. Luke & Max Martin]"
}