{
 "_type": "song",
 "annotation_count": 10,
 "api_path": "/songs/135048",
 "full_title": "Still into You by\u00a0Paramore",
 "header_image_thumbnail_url": "https://images.genius.com/2f1f614cee5b5431a095fdb6796f44f8.300x300x1.jpg",
 "header_image_url": "https://images.genius.com/2f1f614cee5b5431a095fdb6796f44f8.326x326x1.jpg",
 "id": 135048,
 "instrumental": false,
 "lyrics_owner_id": 68632,
 "lyrics_state": "complete",
 "lyrics_updated_at": 1609052617,
 "path": "/Paramore-still-into-you-lyrics",
 "pyongs_count": 61,
 "song_art_image_thumbnail_url": "https://images.genius.com/2f1f614cee5b5431a095fdb6796f44f8.300x300x1.jpg",
 "song_art_image_url": "https://images.genius.com/2f1f614cee5b5431a095fdb6796f44f8.326x326x1.jpg",
 "song_art_primary_color": null,
 "song_art_secondary_color": null,
 "song_art_text_color": null,
 "stats": {
  "unreviewed_annotations": 0,
  "hot": false,
  "pageviews": 326701
 },
 "title": "Still into You",
 "title_with_featured": "Still into You",
 "updated_by_human_at": 1609052617,
 "url": "https://genius.com/Paramore-still-into-you-lyrics",
 "primary_artist": {
  "_type": "artist",
  "api_path": "/artists/22531",
  "header_image_url": "https://images.genius.com/c757b0ea8cc4b3e66c040bf7bcfb10dd.689x277x1.jpg",
  "id": 22531,
  "image_url": "https://images.genius.com/22545c6e90a9b7108be5302aeafaf09d.742x742x1.png",
  "index_character": "p",
  "is_meme_verified": false,
  "is_verified": false,
  "name": "Paramore",
  "slug": "Paramore",
  "url": "https://genius.com/artists/Paramore"
 },
 "artist": "Paramore",
 "lyrics": "[Verse 1]\nCan't count the years on one hand\nThat we've been together\nI need the other one to hold you\nMake you feel, make you feel better\nIt's not a walk in the park\nTo love each other\nBut when our fingers interlock\nCan't deny, can't deny you're worth it\n\n[Pre-Chorus]'\n'Cause after all this time, I'm still into you\n\n[Chorus]\nI should be over all the butterflies\nBut I'm into you (I'm into you)\nAnd baby even on our worst nights\nI'm into you (I'm into you)\nLet 'em wonder how we got this far\n'Cause I don't really need to wonder at all\nYeah, after all this time, I'm still into you\n\n[Verse 2]\nRecount the night that I first met your mother\nAnd on the drive back to my house\nI told you that, I told you that I loved ya\nYou felt the weight of the world\nFall off your shoulder\nAnd to your favorite song\nWe sang along to the start of forever\n[Pre-Chorus]\nAnd after all this time, I'm still into you\n\n[Chorus]\nI should be over all the butterflies\nBut I'm into you (I'm into you)\nAnd baby, even on our worst nights\nI'm into you (I'm into you)\nLet 'em wonder how we got this far\n'Cause I don't really need to wonder at all\nYeah, after all this time, I'm still into you\n\n[Bridge]\nWell, some things just, some things just make sense\nAnd one of those is you and I (Hey)\nSome things just, some things just make sense\nAnd even after all this time (Hey)\nI'm into you\nBaby, not a day goes by\nThat I'm not into you\n\n[Chorus]\nI should be over all the butterflies\nBut I'm into you (I'm into you)\nAnd baby, even on our worst nights\nI'm into you (I'm into you)\nLet 'em wonder how we got this far\n'Cause I don't really need to wonder at all\nYeah, after all this time, I'm still into you\n[Outro]\nI'm still into you\nI'm still into you"
}