{
 "_type": "song",
 "annotation_count": 6,
 "api_path": "/songs/90551",
 "full_title": "Locked Out of Heaven by\u00a0Bruno\u00a0Mars",
 "header_image_thumbnail_url": "https://images.genius.com/89e7ab54960155be53766ef542e735db.300x300x1.jpg",
 "header_image_url": "https://images.genius.com/89e7ab54960155be53766ef542e735db.1000x1000x1.jpg",
 "id": 90551,
 "instrumental": false,
 "lyrics_owner_id": 47098,
 "lyrics_state": "complete",
 "lyrics_updated_at": 1612667649,
 "path": "/Bruno-mars-locked-out-of-heaven-lyrics",
 "pyongs_count": 73,
 "song_art_image_thumbnail_url": "https://images.genius.com/c7224af542bc9b7ba8c530ba1bab039b.300x300x1.png",
 "song_art_image_url": "https://images.genius.com/c7224af542bc9b7ba8c530ba1bab039b.1000x1000x1.png",
 "song_art_primary_color": null,
 "song_art_secondary_color": null,
 "song_art_text_color": null,
 "stats": {
  "unreviewed_annotations": 2,
  "concurrents": 2,
  "hot": false,
  "pageviews": 549805
 },
 "title": "Locked Out of Heaven",
 "title_with_featured": "Locked Out of Heaven",
 "updated_by_human_at": 1612667649,
 "url": "https://genius.com/Bruno-mars-locked-out-of-heaven-lyrics",
 "primary_artist": {
  "_type": "artist",
  "api_path": "/artists/500",
  "header_image_url": "https://images.genius.com/25d38ffc3fd6a36ac71a08ff6ed90fa2.1000x666x1.jpg",
  "id": 500,
  "image_url": "https://images.genius.com/edca1a867127a07d29f959070b1a2a5f.838x838x1.png",
  "index_character": "b",
  "is_meme_verified": true,
  "is_verified": true,
  "name": "Bruno Mars",
  "slug": "Bruno-mars",
  "url": "https://genius.com/artists/Bruno-mars",
  "iq": 250
 },
 "artist": "Bruno Mars",
 "lyrics": "[Intro]\n(One, two, one, two, three)\nAw, yeah yeah\nAw, yeah yeah yeah yeah, ooh!\nAw, yeah yeah\nAw, yeah yeah yeah yeah, ooh!\n\n[Verse 1]\nNever had much faith in love or miracles (ooh!)\nNever wanna put my heart on the line (ooh!)\nBut swimming in your water's something spiritual (ooh!)\nI'm born again every time you spend the night (ooh!)\n\n[Pre-Chorus]\n'Cause your sex takes me to paradise\nYeah, your sex takes me to paradise\nAnd it shows, yeah, yeah, yeah\n\n[Chorus]\n'Cause you make me feel like\nI've been locked out of heaven\nFor too lo-o-ong, for too lo-o-ong\nYeah, you make me feel like\nI've been locked out of heaven\nFor too lo-o-ong, for too lo-o-ong\n[Post-Chorus]\nAw, yeah, yeah, yeah, yeah, ooh!\nAw, yeah, yeah\nAw, yeah, yeah, yeah, yeah, ooh!\n\n[Verse 2]\nYou bring me to my knees, you make me testify (ooh!)\nYou can make a sinner change his ways (ooh!)\nOpen up your gates cause I can't wait to see the light (ooh!)\nAnd right there is where I wanna stay (ooh!)\n\n[Pre-Chorus]\n'Cause your sex takes me to paradise\nYeah, your sex takes me to paradise\nAnd it shows, yeah, yeah, yeah\n\n[Chorus]\n'Cause you make me feel like\nI've been locked out of heaven\nFor too lo-o-ong, for too lo-o-ong\nYeah, you make me feel like\nI've been locked out of heaven\nFor too lo-o-ong, for too lo-o-ong\n\n[Bridge]\nOh-oh-oh-oh, yeah, yeah, yeah\nCan I just stay here?\nSpend the rest of my days here?\nOh-oh-oh-oh, yeah, yeah, yeah\nCan I just stay here?\nSpend the rest of my days here?\n[Chorus]\n'Cause you make me feel like\nI've been locked out of heaven\nFor too lo-o-ong, for too lo-o-ong\nYeah, you make me feel like\nI've been locked out of heaven\nFor too lo-o-ong, for too lo-o-ong\n\n[Outro]\nAw, yeah, yeah, yeah, yeah, ooh!\nAw, yeah, yeah\nAw, yeah, yeah, yeah, yeah, ooh!"
}