{
 "_type": "song",
 "annotation_count": 8,
 "api_path": "/songs/92021",
 "full_title": "Ho Hey by\u00a0\u200bThe\u00a0Lumineers",
 "header_image_thumbnail_url": "https://images.genius.com/1493996256b7af4e09af90c743a57bac.300x300x1.jpg",
 "header_image_url": "https://images.genius.com/1493996256b7af4e09af90c743a57bac.1000x1000x1.jpg",
 "id": 92021,
 "instrumental": false,
 "lyrics_owner_id": 143531,
 "lyrics_state": "complete",
 "lyrics_updated_at": 1600570629,
 "path": "/The-lumineers-ho-hey-lyrics",
 "pyongs_count": 53,
 "song_art_image_thumbnail_url": "https://images.genius.com/225d6cb0fef34cc080a51fefb2384c8b.300x304x1.jpg",
 "song_art_image_url": "https://images.genius.com/225d6cb0fef34cc080a51fefb2384c8b.599x607x1.jpg",
 "song_art_primary_color": null,
 "song_art_secondary_color": null,
 "song_art_text_color": null,
 "stats": {
  "unreviewed_annotations": 0,
  "hot": false,
  "pageviews": 235569
 },
 "title": "Ho Hey",
 "title_with_featured": "Ho Hey",
 "updated_by_human_at": 1607109058,
 "url": "https://genius.com/The-lumineers-ho-hey-lyrics",
 "primary_artist": {
  "_type": "artist",
  "api_path": "/artists/26076",
  "header_image_url": "https://images.genius.com/d84c8da2409ee5b0755736761739fa18.1000x165x1.png",
  "id": 26076,
  "image_url": "https://images.genius.com/0cae0f480a91b8253a271926c381cc3c.300x300x1.png",
  "index_character": "t",
  "is_meme_verified": true,
  "is_verified": true,
  "name": "\u200bThe Lumineers",
  "slug": "The-lumineers",
  "url": "https://genius.com/artists/The-lumineers",
  "iq": 4185
 },
 "artist": "\u200bThe Lumineers",
 "lyrics": "[Intro]\nHo!\nHey!\nHo!\nHey!\nHo!\n\n[Verse 1]\nI been trying to do it right (Hey!)\nI been living a lonely life (Ho!)\nI been sleepin' here instead (Hey!)\nI been sleepin' in my bed (Ho!)\nSleepin' in my bed (Hey! Ho! Ho!)\n\n[Verse 2]\nSo show me family (Hey!)\nAll the blood that I will bleed (Ho!)\nI don't know where I belong (Hey!)\nI don't know where I went wrong (Ho!)\nBut I can write a song (Hey!)\n\n[Hook]\n(One, two, three)\nI belong with you, you belong with me\nYou're my sweetheart\nI belong with you, you belong with me\nYou're my sweet..\n[Interlude]\nHo!\nHey! (C'mon girl)\nHo!\nHey, hey!\nHo!\n\n[Verse 3]\nI don't think you're right for him (Hey!)\nThink of what it might have been if we (Ho!)\nTook a bus to Chinatown (Hey!)\nI'd be standin' on Canal (Ho!)\nAnd Bowery (Hey! Ho!)\nAnd she'd be standin' next to me (Hey!)\n\n[Hook]\nI belong with you, you belong with me\nYou're my sweetheart\nI belong with you, you belong with me\nYou're my sweetheart\n\n[Bridge]\nLove, we need it now\nLet's hope for some\n'Cause oh, we're bleedin' out\n[Outro]\nI belong with you, you belong with me\nYou're my sweetheart\nI belong with you, you belong with me\nYou're my sweet\u2026\nHo!\nHey!\nHo!\nHey!"
}