{
 "_type": "song",
 "annotation_count": 13,
 "api_path": "/songs/97160",
 "full_title": "Stay by\u00a0Rihanna (Ft.\u00a0Mikky\u00a0Ekko)",
 "header_image_thumbnail_url": "https://images.genius.com/4fdaed37a6f53b920224e85ed1e9043c.300x300x1.jpg",
 "header_image_url": "https://images.genius.com/4fdaed37a6f53b920224e85ed1e9043c.1000x1000x1.jpg",
 "id": 97160,
 "instrumental": false,
 "lyrics_owner_id": 113967,
 "lyrics_state": "complete",
 "lyrics_updated_at": 1588398627,
 "path": "/Rihanna-stay-lyrics",
 "pyongs_count": 209,
 "song_art_image_thumbnail_url": "https://images.genius.com/dd6f6559ac537baf036183b8c36ad845.300x300x1.png",
 "song_art_image_url": "https://images.genius.com/dd6f6559ac537baf036183b8c36ad845.600x600x1.png",
 "song_art_primary_color": null,
 "song_art_secondary_color": null,
 "song_art_text_color": null,
 "stats": {
  "unreviewed_annotations": 0,
  "hot": false,
  "pageviews": 1619100
 },
 "title": "Stay",
 "title_with_featured": "Stay (Ft.\u00a0Mikky\u00a0Ekko)",
 "updated_by_human_at": 1616642792,
 "url": "https://genius.com/Rihanna-stay-lyrics",
 "primary_artist": {
  "_type": "artist",
  "api_path": "/artists/89",
  "header_image_url": "https://images.genius.com/8353714f907477857490bd7411edb550.600x468x1.jpg",
  "id": 89,
  "image_url": "https://images.genius.com/a23400b7447be0fb91c3c4c839c6efe7.442x442x1.jpg",
  "index_character": "r",
  "is_meme_verified": true,
  "is_verified": true,
  "name": "Rihanna",
  "slug": "Rihanna",
  "url": "https://genius.com/artists/Rihanna",
  "iq": 2125
 },
 "artist": "Rihanna",
 "lyrics": "[Verse 1: Rihanna]\nAll along it was a fever\nA cold sweat, hot-headed believer\nI threw my hands in the air, said, \"Show me something\"\nHe said, \u201cIf you dare, come a little closer\u201d\n\n[Pre-Chorus: Rihanna]\nRound and around and around and around we go\nOh now, tell me now, tell me now, tell me now you know\n\n[Chorus: Rihanna]\nNot really sure how to feel about it\nSomething in the way you move\nMakes me feel like I can't live without you\nAnd it takes me all the way\nI want you to stay\n[Verse 2: Mikky Ekko]\nIt's not much of a life you're living\nIt's not just something you take, it's given\n\n[Pre-Chorus: Mikky Ekko]\nRound and around and around and around we go\nOh, now tell me now, tell me now, tell me now you know\n\n[Chorus: Mikky Ekko]\nNot really sure how to feel about it\nSomething in the way you move\nMakes me feel like I can't live without you\nAnd it takes me all the way\nAnd I want you to stay\n[Bridge: Rihanna & Mikky Ekko]\nOoh, the reason I hold on\nOoh, 'cause I need this hole gone\nFunny you're the broken one\nBut I'm the only one who needed saving\n'Cause when you never see the light\nIt's hard to know which one of us is caving\n\n[Chorus: Rihanna & Mikky Ekko]\nNot really sure how to feel about it\nSomething in the way you move\nMakes me feel like I can't live without you\nAnd it takes me all the way\nI want you to stay\n\n[Outro: Rihanna & Mikky Ekko]\nStay\nI want you to stay\nOoh"
}