{
 "_type": "song",
 "annotation_count": 1,
 "api_path": "/songs/2218813",
 "full_title": "Get Lucky (Daft Punk feat. Pharrell Williams Cover) by\u00a0Gmpresents (Ft.\u00a0Jocelyn\u00a0Scofield)",
 "header_image_thumbnail_url": "https://assets.genius.com/images/default_cover_image.png?1617031125",
 "header_image_url": "https://assets.genius.com/images/default_cover_image.png?1617031125",
 "id": 2218813,
 "instrumental": false,
 "lyrics_owner_id": 269182,
 "lyrics_state": "complete",
 "lyrics_updated_at": 1481041637,
 "path": "/Gmpresents-get-lucky-daft-punk-feat-pharrell-williams-cover-lyrics",
 "pyongs_count": null,
 "song_art_image_thumbnail_url": "https://assets.genius.com/images/default_cover_image.png?1617031125",
 "song_art_image_url": "https://assets.genius.com/images/default_cover_image.png?1617031125",
 "song_art_primary_color": null,
 "song_art_secondary_color": null,
 "song_art_text_color": null,
 "stats": {
  "unreviewed_annotations": 0,
  "hot": false
 },
 "title": "Get Lucky (Daft Punk feat. Pharrell Williams Cover)",
 "title_with_featured": "Get Lucky (Daft Punk feat. Pharrell Williams Cover) (Ft.\u00a0Jocelyn\u00a0Scofield)",
 "updated_by_human_at": 1481041653,
 "url": "https://genius.com/Gmpresents-get-lucky-daft-punk-feat-pharrell-williams-cover-lyrics",
 "primary_artist": {
  "_type": "artist",
  "api_path": "/artists/454616",
  "header_image_url": "https://assets.genius.com/images/default_avatar_300.png?1617031125",
  "id": 454616,
  "image_url": "https://assets.genius.com/images/default_avatar_300.png?1617031125",
  "index_character": "g",
  "is_meme_verified": false,
  "is_verified": false,
  "name": "Gmpresents",
  "slug": "Gmpresents",
  "url": "https://genius.com/artists/Gmpresents"
 },
 "artist": "Gmpresents",
 "lyrics": "Like the legend of the phoenix, huh\nAll ends with beginnings\nWhat keeps the planets spinning, ah\nThe force from the beginning, huh, love\n\nWe've come too far\nTo give up who we are\nSo let's raise the bar\nAnd our cups to the stars\n\nShe's up all night to the sun\nI'm up all night to get some\nShe's up all night for good fun\nI'm up all night to get lucky\n\nWe're up all night to the sun\nWe're up all night to get some\nWe're up all night for good fun\n\nGet lucky!\nSkate backwards!\n\nWe've come too far\nTo give up who we are\nSo let's raise the bar\nAnd our cups to the stars\nShe's up all night to the sun\nI'm up all night to get some\nShe's up all night for good fun\nI'm up all night to get lucky\n\nWe're up all night to the sun\nWe're up all night to get some\nWe're up all night for good fun\nWe're up all night to get lucky\n\nWe're up all night to get lucky\nWe're up all night to get lucky\nWe're up all night to get lucky\nWe're up all night to get lucky\n\nUp all night to get lucky\nUp all night to get lucky\nUp all night to get lucky"
}