{
 "_type": "song",
 "annotation_count": 15,
 "api_path": "/songs/114153",
 "full_title": "Royals by\u00a0Lorde",
 "header_image_thumbnail_url": "https://images.genius.com/00e76b85bbba1a02d8317c3bd950a4c6.300x300x1.jpg",
 "header_image_url": "https://images.genius.com/00e76b85bbba1a02d8317c3bd950a4c6.1000x1000x1.jpg",
 "id": 114153,
 "instrumental": false,
 "lyrics_owner_id": 182154,
 "lyrics_state": "complete",
 "lyrics_updated_at": 1608098494,
 "path": "/Lorde-royals-lyrics",
 "pyongs_count": 412,
 "song_art_image_thumbnail_url": "https://images.genius.com/4efbd80d0ef8dfdc0e5657bf5fb78f6d.300x300x1.jpg",
 "song_art_image_url": "https://images.genius.com/4efbd80d0ef8dfdc0e5657bf5fb78f6d.1000x1000x1.jpg",
 "song_art_primary_color": null,
 "song_art_secondary_color": null,
 "song_art_text_color": null,
 "stats": {
  "unreviewed_annotations": 0,
  "concurrents": 3,
  "hot": false,
  "pageviews": 1912630
 },
 "title": "Royals",
 "title_with_featured": "Royals",
 "updated_by_human_at": 1614554426,
 "url": "https://genius.com/Lorde-royals-lyrics",
 "primary_artist": {
  "_type": "artist",
  "api_path": "/artists/36944",
  "header_image_url": "https://images.genius.com/729038175e5bdf1f399e5877565672e7.1000x676x1.jpg",
  "id": 36944,
  "image_url": "https://images.genius.com/a2fd0bb1affd9235323dfed76a982644.393x393x1.png",
  "index_character": "l",
  "is_meme_verified": true,
  "is_verified": true,
  "name": "Lorde",
  "slug": "Lorde",
  "url": "https://genius.com/artists/Lorde",
  "iq": 8517
 },
 "artist": "Lorde",
 "lyrics": "[Verse 1]\nI've never seen a diamond in the flesh\nI cut my teeth on wedding rings in the movies\nAnd I'm not proud of my address\nIn a torn-up town, no postcode envy\n\n[Pre-Chorus]\nBut every song's like\nGold teeth, Grey Goose, trippin' in the bathroom\nBloodstains, ball gowns, trashin' the hotel room\nWe don't care\nWe're driving Cadillacs in our dreams\nBut everybody's like\nCristal, Maybach, diamonds on your timepiece\nJet planes, islands, tigers on a gold leash\nWe don't care\nWe aren't caught up in your love affair\n\n[Chorus]\nAnd we'll never be royals (Royals)\nIt don't run in our blood\nThat kind of luxe just ain't for us\nWe crave a different kind of buzz\nLet me be your ruler (Ruler)\nYou can call me queen bee\nAnd baby, I'll rule (I'll rule, I'll rule, I'll rule)\nLet me live that fantasy\n[Verse 2]\nMy friends and I, we've cracked the code\nWe count our dollars on the train to the party\nAnd everyone who knows us knows\nThat we're fine with this, we didn't come from money\n\n[Pre-Chorus]\nBut every song's like\nGold teeth, Grey Goose, trippin' in the bathroom\nBloodstains, ball gowns, trashin' the hotel room\nWe don't care\nWe're driving Cadillacs in our dreams\nBut everybody's like\nCristal, Maybach, diamonds on your timepiece\nJet planes, islands, tiger's on a gold leash\nWe don't care\nWe aren't caught up in your love affair\n[Chorus]\nAnd we'll never be royals (Royals)\nIt don't run in our blood\nThat kind of luxe just ain't for us\nWe crave a different kind of buzz\nLet me be your ruler (Ruler)\nYou can call me queen bee\nAnd baby, I'll rule (I'll rule, I'll rule, I'll rule)\nLet me live that fantasy\n[Bridge]\n(Oh, oh-oh)\nWe're bigger than we ever dreamed\nAnd I'm in love with being queen\n(Oh, oh-oh)\nLife is great without a care\nWe aren't caught up in your love affair\n\n[Chorus]\nAnd we'll never be royals (Royals)\nIt don't run in our blood\nThat kind of luxe just ain't for us\nWe crave a different kind of buzz\nLet me be your ruler (Ruler)\nYou can call me queen bee\nAnd baby, I'll rule (I'll rule, I'll rule, I'll rule)\nLet me live that fantasy\n[Produced by Joel Little]\n[Video by Joel Kefali]"
}