{
 "_type": "song",
 "annotation_count": 11,
 "api_path": "/songs/92224",
 "full_title": "I Knew You Were Trouble. by\u00a0Taylor\u00a0Swift",
 "header_image_thumbnail_url": "https://images.genius.com/39c5a56643928367a04f0738da68bf7f.300x300x1.png",
 "header_image_url": "https://images.genius.com/39c5a56643928367a04f0738da68bf7f.1000x1000x1.png",
 "id": 92224,
 "instrumental": false,
 "lyrics_owner_id": 69498,
 "lyrics_state": "complete",
 "lyrics_updated_at": 1612010960,
 "path": "/Taylor-swift-i-knew-you-were-trouble-lyrics",
 "pyongs_count": 95,
 "song_art_image_thumbnail_url": "https://images.genius.com/fbab78d5e0cfec2335760e4c4dd427a6.300x300x1.jpg",
 "song_art_image_url": "https://images.genius.com/fbab78d5e0cfec2335760e4c4dd427a6.1000x1000x1.jpg",
 "song_art_primary_color": null,
 "song_art_secondary_color": null,
 "song_art_text_color": null,
 "stats": {
  "unreviewed_annotations": 2,
  "hot": false,
  "pageviews": 298355
 },
 "title": "I Knew You Were Trouble.",
 "title_with_featured": "I Knew You Were Trouble.",
 "updated_by_human_at": 1612010960,
 "url": "https://genius.com/Taylor-swift-i-knew-you-were-trouble-lyrics",
 "primary_artist": {
  "_type": "artist",
  "api_path": "/artists/1177",
  "header_image_url": "https://images.genius.com/382ebc39e763a6d7b5fa7a2312d14905.1000x333x1.jpg",
  "id": 1177,
  "image_url": "https://images.genius.com/3c1f124fcbbc2857a95e513fb34cc5a8.400x400x1.jpg",
  "index_character": "t",
  "is_meme_verified": true,
  "is_verified": true,
  "name": "Taylor Swift",
  "slug": "Taylor-swift",
  "url": "https://genius.com/artists/Taylor-swift",
  "iq": 1540
 },
 "artist": "Taylor Swift",
 "lyrics": "[Intro]\n\n[Verse 1]\nOnce upon a time, a few mistakes ago\nI was in your sights, you got me alone\nYou found me, you found me, you found me\nI guess you didn't care, and I guess I liked that\nAnd when I fell hard, you took a step back\nWithout me, without me, without me\n\n[Pre-Chorus]\nAnd he's long gone, when he's next to me\nAnd I realize the blame is on me\n\n[Chorus]\n'Cause I knew you were trouble when you walked in\nSo, shame on me now\nFlew me to places I'd never been\n'Til you put me down, oh\nI knew you were trouble when you walked in\nSo, shame on me now\nFlew me to places I'd never been\nNow I'm lying on the cold hard ground\nOh, oh-oh\nTrouble, trouble, trouble\nOh, oh-oh\nTrouble, trouble, trouble\n[Verse 2]\nNo apologies, he'll never see you cry\nPretends he doesn't know\nThat he's the reason why\nYou're drowning, you're drowning\nYou're drowning\nAnd I heard you moved on\nFrom whispers on the street\nA new notch in your belt is all I'll ever be\nAnd now I see, now I see\nNow I see\n\n[Pre-Chorus]\nHe was long gone when he met me\nAnd I realize the joke is on me, hey!\n\n[Chorus]\nI knew you were trouble when you walked in (oh)\nSo, shame on me now\nFlew me to places I'd never been\n'Til you put me down, oh\nI knew you were trouble when you walked in\nSo, shame on me now\nFlew me to places I'd never been (Yeah)\nNow I'm lying on the cold hard ground\nOh, oh-oh (Yeah)\nTrouble, trouble, trouble\nOh, oh-oh\nTrouble, trouble, trouble\n[Bridge]\nAnd the saddest fear\nComes creeping in\nThat you never loved me\nOr her, or anyone, or anything, yeah!\n\n[Chorus]\nI knew you were trouble when you walked in\nSo, shame on me now\nFlew me to places I'd never been (Never been)\n'Til you put me down, oh\nI knew you were trouble when you walked in\n(Knew it right there)\nSo, shame on me now (Knew it right there)\nFlew me to places I'd never been (Ooh)\nNow I'm lying on the cold hard ground\nOh, oh-oh\nTrouble, trouble, trouble (Oh)\nOh, oh-oh\nTrouble, trouble, trouble\n\n[Outro]\nI knew you were trouble when you walked in\nTrouble, trouble, trouble\nI knew you were trouble when you walked in\nTrouble, trouble, trouble\n[Outro]"
}