{
 "_type": "song",
 "annotation_count": 16,
 "api_path": "/songs/160600",
 "full_title": "We Can't Stop by\u00a0Miley\u00a0Cyrus",
 "header_image_thumbnail_url": "https://images.genius.com/baecc6f9cba44e3e9030d2403584e6c6.300x300x1.jpg",
 "header_image_url": "https://images.genius.com/baecc6f9cba44e3e9030d2403584e6c6.1000x1000x1.jpg",
 "id": 160600,
 "instrumental": false,
 "lyrics_owner_id": 229704,
 "lyrics_state": "complete",
 "lyrics_updated_at": 1613524293,
 "path": "/Miley-cyrus-we-cant-stop-lyrics",
 "pyongs_count": 208,
 "song_art_image_thumbnail_url": "https://images.genius.com/de2e4b47b17c6420ff34390f5531f0bb.300x300x1.png",
 "song_art_image_url": "https://images.genius.com/de2e4b47b17c6420ff34390f5531f0bb.1000x1000x1.png",
 "song_art_primary_color": null,
 "song_art_secondary_color": null,
 "song_art_text_color": null,
 "stats": {
  "unreviewed_annotations": 0,
  "hot": false,
  "pageviews": 706257
 },
 "title": "We Can\u2019t Stop",
 "title_with_featured": "We Can't Stop",
 "updated_by_human_at": 1613524293,
 "url": "https://genius.com/Miley-cyrus-we-cant-stop-lyrics",
 "primary_artist": {
  "_type": "artist",
  "api_path": "/artists/805",
  "header_image_url": "https://images.genius.com/e7b1ea1f85517432fa841b0902f48239.1000x333x1.jpg",
  "id": 805,
  "image_url": "https://images.genius.com/01e4f909d7e2e8fafd4eeeb64c3a8acd.1000x1000x1.png",
  "index_character": "m",
  "is_meme_verified": false,
  "is_verified": false,
  "name": "Miley Cyrus",
  "slug": "Miley-cyrus",
  "url": "https://genius.com/artists/Miley-cyrus"
 },
 "artist": "Miley Cyrus",
 "lyrics": "[Intro]\nIt's our party, we can do what we want\nIt's our party, we can say what we want\nIt's our party, we can love who we want\nWe can kiss who we want\nWe can screw who we want\nIt's our party, we can do what we want\nIt's our party, we can say what we want\nIt's our party, we can love who we want\nWe can kiss who we want\nWe can screw who we want\n\n[Verse 1]\nRed cups and sweaty bodies everywhere\nHands in the air like we don't care\n'Cause we came to have so much fun now\nBet somebody here might get some now\nIf you're not ready to go home\nCan I get a \"Hell no\"? (Hell no)\n'Cause we gonna go all night\nTill we see the sunlight, alright (Hey, hey, hey)\n\n[Pre-Chorus]\nSo la-da-di-da-di, we like to party\nDancing with Molly\nDoing whatever we want\nThis is our house\nThis is our rules\n[Chorus]\nAnd we can't stop\nAnd we won't stop\nCan't you see it's we who own the night?\nCan't you see it's we who 'bout that life?\nAnd we can't stop\nAnd we won't stop\nWe run things, things don't run we\nDon't take nothing from nobody, yeah, yeah\n\n[Post-Chorus]\nIt's our party, we can do what we want\nIt's our party, we can say what we want\nIt's our party, we can love who we want\nWe can kiss who we want\nWe can screw who we want\n\n[Verse 2]\nTo my homegirls here with the big butt\nShaking it like we at a strip club\nRemember only God can judge ya\nForget the haters, 'cause somebody loves ya\nAnd everyone in line in the bathroom\nTryna get a line in the bathroom\nWe all so turned up here\nGetting turned up, yeah, yeah, yeah, yeah\n[Pre-Chorus]\nSo la-da-di-da-di, we like to party\nDancing with Molly\nDoing whatever we want\nThis is our house\nThis is our rules\n\n[Chorus]\nAnd we can't stop\nAnd we won't stop\nCan't you see it's we who own the night?\nCan't you see it's we who 'bout that life?\nAnd we can't stop\nAnd we won't stop\nWe run things, things don't run we\nDon't take nothing from nobody, yeah, yeah\n\n[Post-Chorus]\nIt's our party, we can do what we want\nIt's our party, we can say what we want\nIt's our party, we can love who we want\nWe can kiss who we want\nWe can screw who we want\n\n[Bridge]\nIt's our party, we can do what we want to!\nIt's our house, we can love who we want to!\nIt's our song, we can sing if we want to!\nIt's my mouth, I can say what I want to\nYeah! Yeah! Yeah! Ehh!\n[Chorus]\nAnd we can't stop (Yeah)\nAnd we won't stop (Oh)\nCan't you see it's we who own the night?\nCan't you see it's we who 'bout that life?\nAnd we can't stop\nAnd we won't stop\nWe run things, things don't run we\nDon't take nothing from nobody, yeah, yeah\nYeah, yeah\n\n[Outro]\nWe can do what we want to\nWe can do what we want to"
}