{
 "_type": "song",
 "annotation_count": 9,
 "api_path": "/songs/209747",
 "full_title": "Wrecking Ball by\u00a0Miley\u00a0Cyrus",
 "header_image_thumbnail_url": "https://images.genius.com/baecc6f9cba44e3e9030d2403584e6c6.300x300x1.jpg",
 "header_image_url": "https://images.genius.com/baecc6f9cba44e3e9030d2403584e6c6.1000x1000x1.jpg",
 "id": 209747,
 "instrumental": false,
 "lyrics_owner_id": 149650,
 "lyrics_state": "complete",
 "lyrics_updated_at": 1587657609,
 "path": "/Miley-cyrus-wrecking-ball-lyrics",
 "pyongs_count": 162,
 "song_art_image_thumbnail_url": "https://images.genius.com/ed2348ca01b47d18605b14e75ea18ea3.300x300x1.jpg",
 "song_art_image_url": "https://images.genius.com/ed2348ca01b47d18605b14e75ea18ea3.1000x1000x1.jpg",
 "song_art_primary_color": null,
 "song_art_secondary_color": null,
 "song_art_text_color": null,
 "stats": {
  "unreviewed_annotations": 0,
  "hot": false,
  "pageviews": 941882
 },
 "title": "Wrecking Ball",
 "title_with_featured": "Wrecking Ball",
 "updated_by_human_at": 1605271019,
 "url": "https://genius.com/Miley-cyrus-wrecking-ball-lyrics",
 "primary_artist": {
  "_type": "artist",
  "api_path": "/artists/805",
  "header_image_url": "https://images.genius.com/e7b1ea1f85517432fa841b0902f48239.1000x333x1.jpg",
  "id": 805,
  "image_url": "https://images.genius.com/01e4f909d7e2e8fafd4eeeb64c3a8acd.1000x1000x1.png",
  "index_character": "m",
  "is_meme_verified": false,
  "is_verified": false,
  "name": "Miley Cyrus",
  "slug": "Miley-cyrus",
  "url": "https://genius.com/artists/Miley-cyrus"
 },
 "artist": "Miley Cyrus",
 "lyrics": "[Verse 1]\nWe clawed, we chained, our hearts in vain\nWe jumped, never asking why\nWe kissed, I fell under your spell\nA love no one could deny\n\n[Pre-Chorus]\nDon't you ever say I just walked away\nI will always want you\nI can't live a lie, running for my life\nI will always want you\n\n[Chorus]\nI came in like a wrecking ball\nI never hit so hard in love\nAll I wanted was to break your walls\nAll you ever did was wreck me\nYeah, you, you wreck me\n\n[Verse 2]\nI put you high up in the sky\nAnd now, you're not coming down\nIt slowly turned, you let me burn\nAnd now, we're ashes on the ground\n[Pre-Chorus]\nDon't you ever say I just walked away\nI will always want you\nI can't live a lie, running for my life\nI will always want you\n[Chorus]\nI came in like a wrecking ball\nI never hit so hard in love\nAll I wanted was to break your walls\nAll you ever did was wreck me\nI came in like a wrecking ball\nYeah, I just closed my eyes and swung\nLeft me crashing in a blazing fall\nAll you ever did was wreck me\nYeah, you, you wreck me\n\n[Bridge]\nI never meant to start a war\nI just wanted you to let me in\nAnd instead of using force\nI guess I should've let you win\nI never meant to start a war\nI just wanted you to let me in\nI guess I should've let you win\n\n[Interlude]\nDon't you ever say I just walked away\nI will always want you\n\n[Chorus]\nI came in like a wrecking ball\nI never hit so hard in love\nAll I wanted was to break your walls\nAll you ever did was wreck me\nI came in like a wrecking ball\nYeah, I just closed my eyes and swung\nLeft me crashing in a blazing fall\nAll you ever did was wreck me\nYeah, you, you wreck me\nYeah, you, you wreck me"
}