{
 "_type": "song",
 "annotation_count": 11,
 "api_path": "/songs/175844",
 "full_title": "Wake Me Up by\u00a0Avicii",
 "header_image_thumbnail_url": "https://images.genius.com/9aba4740bce2f5f1f9bf3f4027e2e4e3.300x300x1.jpg",
 "header_image_url": "https://images.genius.com/9aba4740bce2f5f1f9bf3f4027e2e4e3.1000x1000x1.jpg",
 "id": 175844,
 "instrumental": false,
 "lyrics_owner_id": 70148,
 "lyrics_state": "complete",
 "lyrics_updated_at": 1616503222,
 "path": "/Avicii-wake-me-up-lyrics",
 "pyongs_count": 163,
 "song_art_image_thumbnail_url": "https://images.genius.com/458e6b68cac89d7f94a082f21fddf25c.300x300x1.png",
 "song_art_image_url": "https://images.genius.com/458e6b68cac89d7f94a082f21fddf25c.1000x1000x1.png",
 "song_art_primary_color": null,
 "song_art_secondary_color": null,
 "song_art_text_color": null,
 "stats": {
  "unreviewed_annotations": 4,
  "hot": false,
  "pageviews": 778759
 },
 "title": "Wake Me Up",
 "title_with_featured": "Wake Me Up",
 "updated_by_human_at": 1616503222,
 "url": "https://genius.com/Avicii-wake-me-up-lyrics",
 "primary_artist": {
  "_type": "artist",
  "api_path": "/artists/17491",
  "header_image_url": "https://images.genius.com/4bf9a84e560db90a8bbfba4ff7899917.1000x370x1.jpg",
  "id": 17491,
  "image_url": "https://images.genius.com/fc4d076d368a2dc637f7a44cb8feb132.1000x1000x1.jpg",
  "index_character": "a",
  "is_meme_verified": true,
  "is_verified": true,
  "name": "Avicii",
  "slug": "Avicii",
  "url": "https://genius.com/artists/Avicii",
  "iq": 675
 },
 "artist": "Avicii",
 "lyrics": "[Verse 1]\nFeeling my way through the darkness\nGuided by a beating heart\nI can't tell where the journey will end\nBut I know where to start\nThey tell me I'm too young to understand\nThey say I'm caught up in a dream\nWell life will pass me by if I don't open up my eyes\nWell that's fine by me\n\n[Chorus]\nSo wake me up when it's all over\nWhen I'm wiser and I'm older\nAll this time I was finding myself\nAnd I didn't know\ufeff I was lost\nSo wake me up when it's all over\nWhen I'm wiser and I'm older\nAll this time I was finding myself\nAnd I didn't know \ufeffI was lost\n\n[Instrumental Break]\n\n[Verse 2]\nI tried carrying the weight of the world\nBut I only have two hands\nI hope I get the chance to travel the world\nBut I don't have any plans\nWish that I could stay forever this young\nNot afraid to close my eyes\nLife's a game\ufeff made for everyone\nAnd love is the prize\n[Chorus]\nSo wake me up when it's all over\nWhen I'm wiser and I'm older\nAll this time I was finding myself\nAnd I didn't know\ufeff I was lost\nSo wake me up when it's all over\nWhen I'm wiser and I'm older\nAll this time I was finding myself\nAnd I didn't know I was lost\n\n[Outro]\nI didn't know I was lost\nI didn't know I was lost\nI didn't know I was lost\nI didn't know, I didn't know, I didn't know"
}