{
 "_type": "song",
 "annotation_count": 24,
 "api_path": "/songs/131845",
 "full_title": "Blurred Lines by\u00a0Robin\u00a0Thicke (Ft.\u00a0Pharrell\u00a0Williams & T.I.)",
 "header_image_thumbnail_url": "https://images.genius.com/981e3a856eeffaf37bb4e06e6504435a.300x300x1.jpg",
 "header_image_url": "https://images.genius.com/981e3a856eeffaf37bb4e06e6504435a.1000x1000x1.jpg",
 "id": 131845,
 "instrumental": false,
 "lyrics_owner_id": 80927,
 "lyrics_state": "complete",
 "lyrics_updated_at": 1614267996,
 "path": "/Robin-thicke-blurred-lines-lyrics",
 "pyongs_count": 107,
 "song_art_image_thumbnail_url": "https://images.genius.com/9560c0e529a49435ba74380fc8eb6902.300x300x1.png",
 "song_art_image_url": "https://images.genius.com/9560c0e529a49435ba74380fc8eb6902.1000x1000x1.png",
 "song_art_primary_color": null,
 "song_art_secondary_color": null,
 "song_art_text_color": null,
 "stats": {
  "unreviewed_annotations": 0,
  "concurrents": 2,
  "hot": false,
  "pageviews": 4461973
 },
 "title": "Blurred Lines",
 "title_with_featured": "Blurred Lines (Ft.\u00a0Pharrell\u00a0Williams & T.I.)",
 "updated_by_human_at": 1614662745,
 "url": "https://genius.com/Robin-thicke-blurred-lines-lyrics",
 "primary_artist": {
  "_type": "artist",
  "api_path": "/artists/459",
  "header_image_url": "https://images.genius.com/b56317bc1d197bb45f2cd39a0e4d50af.1000x666x1.jpg",
  "id": 459,
  "image_url": "https://images.genius.com/f60f5538c32bc296764034e3b43258be.396x396x1.jpg",
  "index_character": "r",
  "is_meme_verified": true,
  "is_verified": true,
  "name": "Robin Thicke",
  "slug": "Robin-thicke",
  "url": "https://genius.com/artists/Robin-thicke",
  "iq": 2906
 },
 "artist": "Robin Thicke",
 "lyrics": "[Intro: Pharrell & Robin Thicke]\nEverybody get up\nEverybody get up\nHey, hey, hey\nHey, hey, hey (Uh)\nHey, hey, hey (Ha-ha! Woo!)\nTune me up\n\n[Verse 1: Robin Thicke]\nIf you can't hear what I'm trying to say (Hey girl, come here!)\nIf you can't read from the same page (Hey)\nMaybe I'm going deaf (Hey, hey, hey)\nMaybe I'm going blind (Hey, hey, hey)\nMaybe I'm out of my mind (Hey, hey, hey)\nEverybody get up\n\n[Pre-Chorus: Robin Thicke]\nOkay, now he was close\nTried to domesticate you\nBut you're an animal\nBaby, it's in your nature (Meow)\nJust let me liberate you (Hey, hey, hey)\nYou don't need no takers (Hey, hey, hey)\nThat man is not your maker (Hey, hey, hey)\nAnd that's why I'm gon' take a (Everybody get up)\n[Chorus: Robin Thicke]\nGood girl\nI know you want it (Hey)\nI know you want it\nI know you want it\nYou're a good girl\nCan't let it get past me\nYou're far from plastic (Alright)\nTalkin' 'bout getting blasted\nI hate these blurred lines\nI know you want it (Hey)\nI know you want it (Oh yeah)\nI know you want it\nBut you're a good girl\nThe way you grab me\nMust wanna get nasty\nGo ahead, get at me\nEverybody get up (Come on!)\n\n[Verse 2: Robin Thicke]\nWhat do they make dreams for (Why?)\nWhen you got them jeans on? (Why?)\nWhat do we need steam for?\nYou the hottest bitch in this place\nI feel so lucky (Hey, hey, hey)\nYou wanna hug me (Hey, hey, hey)\nWhat rhymes with hug me? (Hey, hey, hey)\nHey! (Everybody get up)\n[Pre-Chorus: Robin Thicke]\nOkay, now he was close\nTried to domesticate you\nBut you're an animal\nBaby, it's in your nature (Uh-huh)\nJust let me liberate you (Hey, hey, hey) (Uh-huh)\nYou don't need no takers (Hey, hey, hey) (Uh-huh)\nThat man is not your maker (Hey, hey, hey) (Uh-huh)\nAnd that's why I'm gon' take a (Everybody get up)\n\n[Chorus: Robin Thicke]\nGood girl\nI know you want it\nI know you want it (Hey)\nI know you want it\nYou're a good girl\nCan't let it get past me (Hey)\nYou're far from plastic (Oh)\nTalkin' 'bout getting blasted (Everybody get up)\nI hate these blurred lines (Hate them lines)\nI know you want it (I hate them lines)\nI know you want it (I hate them lines)\nI know you want it\nBut you're a good girl (Good girl)\nThe way you grab me\nMust wanna get nasty\nGo ahead, get at me (Everybody get up)\n[Verse 3: T.I.]\nHustle Gang, homie\nLet go\nAy say Rob, let me holla at 'em real quick\nOne thing I ask of you\nLet me be the one you back that ass up to (Come on!)\nGo from Malibu to Paris, boo (Yeah)\nHad a bitch, but she ain't bad as you\nSo, hit me up when you pass through\nI'll give you something big enough to tear your ass in two\nSwag on 'em even when you dress casual\nI mean, it's almost unbearable (Everybody get up)\nIn a hundred years not dare would I\nPull a Pharcyde, let you pass me by\nNothin' like your last guy, he too square for you\nHe don't smack that ass and pull your hair like that\nSo I'm just watchin' and waitin'\nFor you to salute the true big pimpin' (Okay)\nNot many women can refuse this pimpin'\nI'm a nice guy, but don't get it confused, get pimpin' (Everybody get up)\n\n[Breakdown: Robin Thicke]\nShake your rump\nGet down, get up-a\nDo it like it hurt, like it hurt\nWhat, you don't like work?\nHey! (Everybody get up)\n\n[Verse 4: Robin Thicke]\nBaby, can you breathe?\nI got this from Jamaica\nIt always works for me\nDakota to Decatur (Uh-huh)\nNo more pretending (Hey, hey, hey) (Uh-huh)\n'Cause now you're winning (Hey, hey, hey) (Uh-huh)\nHere's our beginning (Hey, hey, hey) (Uh-huh)\nI always wanted a\n\n[Chorus: Robin Thicke]\nYou're a good girl (Everybody get up)\nI know you want it (Hey)\nI know you want it\nI know you want it\nYou're a good girl\nCan't let it get past me (Oh yeah)\nYou're far from plastic (Alright)\nTalkin' 'bout getting blasted\nI hate these blurred lines (Everybody get up)\nI know you want it (Hey)\nI know you want it (Oh yeah)\nI know you want it\nBut you're a good girl\nThe way you grab me\nMust wanna get nasty (Hey)\nGo ahead, get at me\n\n[Outro: Pharrell & Robin Thicke]\nEverybody get up\nEverybody get up\nHey, hey, hey\nHey, hey, hey\nHey, hey, hey"
}