{
 "_type": "song",
 "annotation_count": 25,
 "api_path": "/songs/109287",
 "full_title": "Suit & Tie by\u00a0Justin\u00a0Timberlake (Ft.\u00a0JAY-Z)",
 "header_image_thumbnail_url": "https://images.genius.com/3d926f784c114e856660ac01440c13c3.300x300x1.jpg",
 "header_image_url": "https://images.genius.com/3d926f784c114e856660ac01440c13c3.1000x1000x1.jpg",
 "id": 109287,
 "instrumental": false,
 "lyrics_owner_id": 7,
 "lyrics_state": "complete",
 "lyrics_updated_at": 1567828517,
 "path": "/Justin-timberlake-suit-and-tie-lyrics",
 "pyongs_count": 66,
 "song_art_image_thumbnail_url": "https://images.genius.com/4c9c17aaf0bae80b96f30809c847ed35.300x300x1.png",
 "song_art_image_url": "https://images.genius.com/4c9c17aaf0bae80b96f30809c847ed35.300x300x1.png",
 "song_art_primary_color": null,
 "song_art_secondary_color": null,
 "song_art_text_color": null,
 "stats": {
  "unreviewed_annotations": 1,
  "hot": false,
  "pageviews": 1053264
 },
 "title": "Suit & Tie",
 "title_with_featured": "Suit & Tie (Ft.\u00a0JAY-Z)",
 "updated_by_human_at": 1608547562,
 "url": "https://genius.com/Justin-timberlake-suit-and-tie-lyrics",
 "primary_artist": {
  "_type": "artist",
  "api_path": "/artists/334",
  "header_image_url": "https://images.genius.com/aa6dfaa347c15f7c3b5a4c768beb5465.1000x563x1.jpg",
  "id": 334,
  "image_url": "https://images.genius.com/d33775ee78f5b76308d1e024eb2c5867.1000x1000x1.jpg",
  "index_character": "j",
  "is_meme_verified": false,
  "is_verified": true,
  "name": "Justin Timberlake",
  "slug": "Justin-timberlake",
  "url": "https://genius.com/artists/Justin-timberlake",
  "iq": 521
 },
 "artist": "Justin Timberlake",
 "lyrics": "[Intro: Justin Timberlake & Timbaland]\nOoh-oh\nI be on my suit and tie, shit tied, shit tied\nI be on my suit and tie, shit tied, shit\nCan I show you a few things?\nA few things, a few things, little baby\n\u2018Cause I be on my suit and tie, shit tied, shit\nI be on my suit and tie, shit tied, shit\nLet me show you a few things\nLet me show you a few things\nWait a minute\nYou ready, JT?\n\n[Verse 1: Justin Timberlake]\nI can't wait 'til I get you on the floor, good-lookin'\nGoing hot, so hot, just like an oven\nAnd ow! Burned myself, but just had to touch it\nAnd it's so so fine, and it's all mine\nHey, baby, we don't mind all the watching (High)\n\u2018Cause if they study close, real close\nThey might learn something\nShe ain't nothing but a little doozy when she does it\nShe's so fire tonight\n\n[Chorus: Justin Timberlake]\nAnd as long as I've got my suit and tie\nI'ma leave it all on the floor tonight\nAnd you got fixed up to the nines\nLet me show you a few things (Show you a few things)\nAll pressed up in black and white\nAnd you're dressed in that dress I like\nLove is swinging in the air tonight\nLet me show you a few things (Show you a few things)\nLet me show you a few things\nShow you a few things about love\nNow we\u2019re in the swing of love\nLet me show you a few things\nShow you a few things\nShow you a few things about love, hey\n[Verse 2: Justin Timberlake]\nStop, let me get a good look at it\nSo thick, now I know why they call it a fatty\nAnd ow!\nShit so sick got a hit and picked up a habit\nThat's alright, \u2018cause you're all mine (You're all mine)\nGo on and show 'em who you call daddy\nI guess they're just mad\n\u2018Cause, girl, they wish they had it\nMy killer, my Thriller, yeah, you're a classic\nAnd you're all mine, tonight\n\n[Chorus: Justin Timberlake]\nAnd as long as I've got my suit and tie\nI'ma leave it all on the floor tonight\nAnd you got fixed up to the nines\nLet me show you a few things\nAll pressed up in black and white\nAnd you're dressed in that dress I like\nLove is swinging in the air tonight\nLet me show you a few things\nLet me show you a few things\nShow you a few things about love\nNow we\u2019re in the swing of love\nLet me show you a few things\nShow you a few things about love, hey\n[Interlude: Justin Timberlake]\nGet out your seat, Hov!\n\n[Verse 3: JAY-Z]\nUh!\nAll black at the white shows\nWhite shoes at the black shows\nGreen card for the Cuban linx\nY'all sit back and enjoy the light show\nNothing exceeds like excess\nStoute got gout from having the best of the best\nIs this what it's all about? I'm at the rest-\n\u2026aurant with my rant disturbing the guests\nYears of distress, tears on the dress\nTry to hide her face with some makeup sex\nUh!\nThis is truffle season\nTom Ford tuxedos for no reason\nAll Saints for my angel, Alexander Wang too\nAss-tight denim and some Dunks\nI'll show you how to do this young, uh!\nNo papers, catch vapors\nGet high, out Vegas\nD'USS\u00c9's on doubles, ain't looking for trouble\nYou just got good genes so a nigga tryna cuff you\nTell your mother that I love her \u2018cause I love you\nTell your father we go farther as a couple\nThey ain't lose a daughter, got a son\nI show you how to do this, huh! Uh\n[Chorus: Justin Timberlake]\nAnd as long as I've got my suit and tie\nI'ma leave it all on the floor tonight\nAnd you got fixed up to the nines\nLet me show you a few things (Show you a few things)\nAll pressed up in black and white\nAnd you're dressed in that dress I like\nLove is swinging in the air tonight\nLet me show you a few things (Show you a few things)\nLet me show you a few things (A few things)\nShow you a few things about love, love, love\nLet me show you a few things (A few things)\nShow you a few things about love, hey\nOw!\n\n[Outro: Justin Timberlake]"
}