{
 "_type": "song",
 "annotation_count": 1,
 "api_path": "/songs/3644860",
 "full_title": "Who Run It/Bring It Back/Look Alive (Megamix) by\u00a0Finny\u00a0Music",
 "header_image_thumbnail_url": "https://images.genius.com/1740b5437d81c2fc1213ce8b033503ad.300x300x1.jpg",
 "header_image_url": "https://images.genius.com/1740b5437d81c2fc1213ce8b033503ad.1000x1000x1.jpg",
 "id": 3644860,
 "instrumental": false,
 "lyrics_owner_id": 4350665,
 "lyrics_state": "complete",
 "lyrics_updated_at": 1528505865,
 "path": "/Finny-music-who-run-it-bring-it-back-look-alive-megamix-lyrics",
 "pyongs_count": null,
 "song_art_image_thumbnail_url": "https://images.genius.com/1740b5437d81c2fc1213ce8b033503ad.300x300x1.jpg",
 "song_art_image_url": "https://images.genius.com/1740b5437d81c2fc1213ce8b033503ad.1000x1000x1.jpg",
 "song_art_primary_color": null,
 "song_art_secondary_color": null,
 "song_art_text_color": null,
 "stats": {
  "unreviewed_annotations": 0,
  "hot": false,
  "pageviews": 208036
 },
 "title": "Who Run It/Bring It Back/Look Alive (Megamix)",
 "title_with_featured": "Who Run It/Bring It Back/Look Alive (Megamix)",
 "updated_by_human_at": 1581895059,
 "url": "https://genius.com/Finny-music-who-run-it-bring-it-back-look-alive-megamix-lyrics",
 "primary_artist": {
  "_type": "artist",
  "api_path": "/artists/1217243",
  "header_image_url": "https://images.genius.com/db5ac2642addfacef9347cd42a92c6ac.1000x1000x1.jpg",
  "id": 1217243,
  "image_url": "https://images.genius.com/5c9a93a85be50855286b414f66cb8d34.882x882x1.jpg",
  "index_character": "f",
  "is_meme_verified": false,
  "is_verified": false,
  "name": "Finny Music",
  "slug": "Finny-music",
  "url": "https://genius.com/artists/Finny-music"
 },
 "artist": "Anna Kendrick",
 "lyrics": "I've got my ticket for the long way 'round\nTwo bottle whiskey for the way\nAnd I sure would like some sweet company\nAnd I'm leaving tomorrow. What'd you say?\n\nWhen I'm gone, when I'm gone\nYou're gonna miss me when I'm gone\nYou're gonna miss me by my hair\nYou're gonna miss me everywhere, oh\nYou're gonna miss me when I'm gone\n\nWhen I'm gone, when I'm gone\nYou're gonna miss me when I'm gone\nYou're gonna miss me by my walk\nYou're gonna miss me by my talk, oh\nYou're gonna miss me when I'm gone\n\nI've got my ticket for the long way 'round\nThe one with the prettiest of views\nIt's got mountains, it's got rivers\nIt's got sights to give you shivers\nBut it sure would be prettier with you\n\nWhen I'm gone, when I'm gone\nYou're gonna miss me when I'm gone\nYou're gonna miss me by my walk\nYou're gonna miss me by my talk, oh\nYou're gonna miss me when I'm gone\n\nWhen I'm gone, when I'm gone\nYou're gonna miss me when I'm gone\nYou're gonna miss me by my hair\nYou're gonna miss me everywhere, oh\nYou're sure gonna miss me when I'm gone\n\nWhen I'm gone, when I'm gone\nYou're gonna miss me when I'm gone\nYou're gonna miss me by my walk\nYou're gonna miss me by my talk, oh\nYou're gonna miss me when I'm gone "
}