{
 "_type": "song",
 "annotation_count": 6,
 "api_path": "/songs/214074",
 "full_title": "What's New by\u00a0Rocawear",
 "header_image_thumbnail_url": "https://assets.genius.com/images/default_cover_image.png?1617031125",
 "header_image_url": "https://assets.genius.com/images/default_cover_image.png?1617031125",
 "id": 214074,
 "instrumental": false,
 "lyrics_owner_id": 279426,
 "lyrics_state": "complete",
 "lyrics_updated_at": null,
 "path": "/Rocawear-whats-new-lyrics",
 "pyongs_count": null,
 "song_art_image_thumbnail_url": "https://assets.genius.com/images/default_cover_image.png?1617031125",
 "song_art_image_url": "https://assets.genius.com/images/default_cover_image.png?1617031125",
 "song_art_primary_color": null,
 "song_art_secondary_color": null,
 "song_art_text_color": null,
 "stats": {
  "unreviewed_annotations": 5,
  "hot": false
 },
 "title": "What\u2019s New",
 "title_with_featured": "What's New",
 "updated_by_human_at": 1378372751,
 "url": "https://genius.com/Rocawear-whats-new-lyrics",
 "primary_artist": {
  "_type": "artist",
  "api_path": "/artists/69453",
  "header_image_url": "https://assets.genius.com/images/default_avatar_300.png?1617031125",
  "id": 69453,
  "image_url": "https://assets.genius.com/images/default_avatar_300.png?1617031125",
  "index_character": "r",
  "is_meme_verified": false,
  "is_verified": false,
  "name": "Rocawear",
  "slug": "Rocawear",
  "url": "https://genius.com/artists/Rocawear"
 },
 "artist": "Rocawear",
 "lyrics": "You'd take the clothes off my back, and I'd let you\nYou'd steal the food right out my mouth\nAnd I'd watch you eat it, I still don't know why\nWhy I love you so much, oh\nYou curse my name\nIn spite, to put me to shame\nHang my laundry in the streets\nDirty or clean\nGive it up for fame\nBut I still don't know why (don't know why)\nWhy I love it so much, yeah\nAnd baby\nIt's amazing I'm in this maze with you\nI just can't crack your code\nOne day you're screaming you love me loud\nThe next day you're so cold\nOne day you're here, one day you're there\nOne day you care, you're so unfair\nSipping from your cup 'til it runneth over, Holy Grail\nUh, Blue told me remind you niggas\nUh, fuck that shit y'all talkin' about, I'm the nigga\nUh, caught up in all these lights and cameras\nUh, but look what that shit did to Hammer\nUh, goddammit I like it\nBright lights is enticing\nBut look what it did to Tyson\nAll that money in one night\nThirty mill for one fight\nBut soon as all that money blows\nAll the pigeons take flight\nFuck the fame, keep cheatin' on me\nWhat I do, I took her back, fool me twice that's my bad\nI can't even blame her for that\n'Nough to make me wanna murder, mama please just get my bail\nI know nobody to blame\nKurt Cobain, I did it to myself, uh\nAnd we all just entertainers\nAnd we're stupid, and contagious\nKnow we all just entertainers\nAnd baby\nIt's amazing I'm in this maze with you\nI just can't crack your code\nOne day you're screaming you love me loud\nThe next day you're so cold\nOne day you're here, one day you're there\nOne day you care, you're so unfair\nSipping from your cup 'til it runneth over, Holy Grail\nNow I got tattoos on my body\nPsycho bitches in my lobby\nI got haters in the paper, photo shoots with paparazzi\nCan't even take my daughter for a walk\nSee 'em by the corner store\nI feel like I'm cornered off\nEnough is enough, I'm calling this off\nWho the fuck I'm kidding though?\nI'm getting high, sittin' low\nSliding by in that big body\nCurtains all in my window\nThis fame hurt but this chain worse\nI think back you asked the same person\nIf this is all you had to deal with\nNigga deal with it, this shit just ain't work, this light work\nCamera snapping, my eyes hurt\nNiggas dying back where I was birthed\nFuck your iris and the IRS\nGet the hell up off your high horse\nYou got the shit that niggas die for\nDry yours, why you mad take the good with the bad\nDon't throw that baby out with that bath water you're still alive\nStill that nigga nigga, you survived\nStill getting bigger nigga living the life\nVanilla wafers in a villa, illest nigga alive\nMichael Jackson thriller\nAnd baby\nIt's amazing I'm in this maze with you\nI just can't crack the code\nOne day you're screaming you love me loud\nThe next day you're so cold\nOne day you're here, one day you're there\nOne day you care, you're so unfair\nSipping from your cup 'til it runneth over, Holy Grail\nYou get the air out my lungs, whenever you need it\nAnd you take, the blade right out my heart\nJust so you can watch me bleeding, I still don't know why (don't know why)\nWhy I love you so much\nYeah\nAnd you play this game, in spite, to drive me insane\nI got it tattooed on my sleeve forever in ink, with guess whose name\nBut I still don't know why\nWhy I love you so much\nYeah\nAnd baby\nIt's amazing I'm in this maze with you\nI just can't crack your code\nOne day you're screaming you love me loud\nThe next day you're so cold\nOne day you're here, one day you're there\nOne day you care, you're so unfair\nSipping from your cup 'til it runneth over, Holy Grail\nDon't know why\n"}