{
 "_type": "song",
 "annotation_count": 7,
 "api_path": "/songs/98256",
 "full_title": "Scream & Shout by\u00a0\u200bwill.i.am (Ft.\u00a0Britney\u00a0Spears)",
 "header_image_thumbnail_url": "https://images.genius.com/17884a28d6d5057c41437daf02e5a590.300x300x1.jpg",
 "header_image_url": "https://images.genius.com/17884a28d6d5057c41437daf02e5a590.1000x1000x1.jpg",
 "id": 98256,
 "instrumental": false,
 "lyrics_owner_id": 11524,
 "lyrics_state": "complete",
 "lyrics_updated_at": 1611195395,
 "path": "/William-scream-and-shout-lyrics",
 "pyongs_count": 24,
 "song_art_image_thumbnail_url": "https://images.genius.com/17884a28d6d5057c41437daf02e5a590.300x300x1.jpg",
 "song_art_image_url": "https://images.genius.com/17884a28d6d5057c41437daf02e5a590.1000x1000x1.jpg",
 "song_art_primary_color": null,
 "song_art_secondary_color": null,
 "song_art_text_color": null,
 "stats": {
  "unreviewed_annotations": 1,
  "hot": false,
  "pageviews": 582179
 },
 "title": "Scream & Shout",
 "title_with_featured": "Scream & Shout (Ft.\u00a0Britney\u00a0Spears)",
 "updated_by_human_at": 1611195395,
 "url": "https://genius.com/William-scream-and-shout-lyrics",
 "primary_artist": {
  "_type": "artist",
  "api_path": "/artists/713",
  "header_image_url": "https://images.genius.com/5fc27cccefca33010389f8f80fd29edb.892x892x1.jpg",
  "id": 713,
  "image_url": "https://images.genius.com/5fc27cccefca33010389f8f80fd29edb.892x892x1.jpg",
  "index_character": "w",
  "is_meme_verified": false,
  "is_verified": true,
  "name": "\u200bwill.i.am",
  "slug": "William",
  "url": "https://genius.com/artists/William",
  "iq": 1378
 },
 "artist": "\u200bwill.i.am",
 "lyrics": "[Intro: will.i.am]\nBring the action\n\n[Pre-Chorus: Tulisa, Tulisa & will.i.am]\nWhen you hear this in the club, you're gonna turn this shit up\nYou're gonna turn this shit up, you're gonna turn this shit up\nWhen we up in the club, all eyes on us\nAll eyes on us, all eyes on us\nSee the boys in the club, they watchin' us\nThey watchin' us, they watchin' us\nEverybody in the club, all eyes on us\nAll eyes on us, all eyes on us\n\n[Chorus: will.i.am, will.i.am & Britney Spears & Britney Spears]\nI wanna scream, and shout, and let it all out\nAnd scream, and shout, and let it out\nWe sayin', \"Ohh, wee-ohh, wee-oh-wee-oh\"\nWe sayin', \"Ohh, wee-ohh, wee-oh-wee-oh\"\nI wanna scream, and shout, and let it all out\nAnd scream, and shout, and let it out\nWe sayin', \"Ohh, wee-ohh, wee-oh-wee-oh\"\nYou are now-now rockin' with will.i.am and Britney, bitch\n\n[Break: will.i.am]\nAw yeah\nAw yeah\nAw yeah\nBring the action\n[Verse: will.i.am]\nRock and roll, everybody, let's lose control\nOn the bottom, we let it go, goin' fast we ain't goin' slow\nNo no, ay, yo, hear the beat, now let's hit the floor\nDrink it up and then drink some more\nLight it up and let's let it blow\nBlow blow, ay, yo, rock it out, rockin' now\nIf you know what we talkin' 'bout\nTurn it up and burn down the house\nHou-house, ay, yo, turn it up and gon' turn it down\nHere we go, we gon' shake the ground\nCause everywhere that we go, we (Bring the action)\n\n[Pre-Chorus: Tulisa, Tulisa & will.i.am & will.i.am]\nWhen you hear this in the club, you're gonna turn this shit up\nYou're gonna turn this shit up, you're gonna turn this shit up\nWhen we up in the club, all eyes on us\nAll eyes on us, all eyes on us\nYou see them girls in the club? They lookin' at us\nThey lookin' at us, they lookin' at us\nEverybody in the club, all eyes on us\nAll eyes on us, all eyes on us\n\n[Chorus: will.i.am, will.i.am & Britney Spears & Britney Spears]\nI wanna scream, and shout, and let it all out\nAnd scream, and shout, and let it out\nWe sayin', \"Ohh, wee-ohh, wee-oh-wee-oh\"\nWe sayin', \"Ohh, wee-ohh, wee-oh-wee-oh\"\nI wanna scream, and shout, and let it all out\nAnd scream, and shout, and let it out\nWe sayin', \"Ohh, wee-ohh, wee-oh-wee-oh\"\nYou are now-now rockin' with will.i.am and Britney, bitch\n[Break: will.i.am]\nAw yeah\nAw yeah\nAw yeah\n\n[Bridge: will.i.am]\nIt goes on and on and on and on\nWhen me and you party together\nI wish this night would last forever\nCause I was feelin' down, now I'm feelin' better\nAnd maybe it goes on and on and on and on\nWhen me and you party together\nI wish this night would last forever\nForever-forever-forever-forever-forever\n\n[Chorus: will.i.am, will.i.am & Britney Spears & Britney Spears]\nI wanna scream, and shout, and let it all out\nAnd scream, and shout, and let it out\nWe sayin', \"Ohh, wee-ohh, wee-oh-wee-oh\"\nWe sayin', \"Ohh, wee-ohh, wee-oh-wee-oh\"\nI wanna scream, and shout, and let it all out\nAnd scream, and shout, and let it out\nWe sayin', \"Ohh, wee-ohh, wee-oh-wee-oh\"\nWe sayin', \"Ohh, wee-ohh, wee-oh-wee-oh\"\nI wanna scream, and shout, and let it all out\nAnd scream, and shout, and let it out\nWe sayin', \"Ohh, wee-ohh, wee-oh-wee-oh\"\nYou are now-now rockin' with will.i.am and Britney, bitch"
}