{
 "_type": "song",
 "annotation_count": 10,
 "api_path": "/songs/91948",
 "full_title": "Clarity by\u00a0Zedd (Ft.\u00a0Foxes)",
 "header_image_thumbnail_url": "https://images.rapgenius.com/5a4d3116a86aa622194d373f6a1cc12f.300x300x1.jpg",
 "header_image_url": "https://images.rapgenius.com/5a4d3116a86aa622194d373f6a1cc12f.1000x1000x1.jpg",
 "id": 91948,
 "instrumental": false,
 "lyrics_owner_id": 110991,
 "lyrics_state": "complete",
 "lyrics_updated_at": 1603749295,
 "path": "/Zedd-clarity-lyrics",
 "pyongs_count": 84,
 "song_art_image_thumbnail_url": "https://2.bp.blogspot.com/-oJcdjSsRJ30/UveFwl73XWI/AAAAAAAAANs/1tjYEGB-6lY/s1600/clarityfoxes.jpg",
 "song_art_image_url": "https://2.bp.blogspot.com/-oJcdjSsRJ30/UveFwl73XWI/AAAAAAAAANs/1tjYEGB-6lY/s1600/clarityfoxes.jpg",
 "song_art_primary_color": null,
 "song_art_secondary_color": null,
 "song_art_text_color": null,
 "stats": {
  "unreviewed_annotations": 0,
  "hot": false,
  "pageviews": 553906
 },
 "title": "Clarity",
 "title_with_featured": "Clarity (Ft.\u00a0Foxes)",
 "updated_by_human_at": 1615351967,
 "url": "https://genius.com/Zedd-clarity-lyrics",
 "primary_artist": {
  "_type": "artist",
  "api_path": "/artists/24215",
  "header_image_url": "https://images.genius.com/4ad5814bce800a652420d0b3cdff0ecb.1000x333x1.jpg",
  "id": 24215,
  "image_url": "https://images.genius.com/04c2fe85aae128a82ec6df176910e2b9.1000x1000x1.jpg",
  "index_character": "z",
  "is_meme_verified": true,
  "is_verified": true,
  "name": "Zedd",
  "slug": "Zedd",
  "url": "https://genius.com/artists/Zedd",
  "iq": 5037
 },
 "artist": "Zedd",
 "lyrics": "[Click here to see why Zedd's \"Clarity\" almost wasn't a single]\n\n[Verse 1: Foxes]\nHigh dive into frozen waves where the past comes back to life\nFight fear for the selfish pain, it was worth it every time\nHold still right before we crash 'cause we both know how this ends\nOur clock ticks 'til it breaks your glass and I drown in you again\n\n[Chorus: Foxes]\n'Cause you are the piece of me\nI wish I didn't need\nChasing relentlessly\nStill fight and I don't know why\nIf our love is tragedy, why are you my remedy?\nIf our love's insanity, why are you my clarity?\n\n[Post-Chorus: Foxes]\nIf our love is tragedy, why are you my remedy?\nIf our love's insanity, why are you my clarity?\n\n[Verse 2: Foxes]\nWalk on through a red parade and refuse to make amends\nIt cuts deep through our ground and makes us forget all common sense\nDon't speak as I try to leave 'cause we both know what we'll choose\nIf you pull, then I'll push too deep and I'll fall right back to you\n[Chorus: Foxes]\n'Cause you are the piece of me\nI wish I didn't need\nChasing relentlessly\nStill fight and I don't know why\nIf our love is tragedy, why are you my remedy?\nIf our love's insanity, why are you my clarity?\n\n[Bridge: Foxes]\nWhy are you my clarity?\nWhy are you my remedy?\nWhy are you my clarity?\nWhy are you my remedy?\n\n[Outro: Foxes]\nIf our love is tragedy, why are you my remedy?\nIf our love's insanity, why are you my clarity?"
}