{
 "_type": "song",
 "annotation_count": 12,
 "api_path": "/songs/64894",
 "full_title": "Sail by\u00a0AWOLNATION",
 "header_image_thumbnail_url": "https://images.rapgenius.com/098a10258b3294966092eed68482aba0.300x300x1.jpg",
 "header_image_url": "https://images.rapgenius.com/098a10258b3294966092eed68482aba0.300x300x1.jpg",
 "id": 64894,
 "instrumental": false,
 "lyrics_owner_id": 42603,
 "lyrics_state": "complete",
 "lyrics_updated_at": 1582077099,
 "path": "/Awolnation-sail-lyrics",
 "pyongs_count": 168,
 "song_art_image_thumbnail_url": "https://images.rapgenius.com/098a10258b3294966092eed68482aba0.300x300x1.jpg",
 "song_art_image_url": "https://images.rapgenius.com/098a10258b3294966092eed68482aba0.300x300x1.jpg",
 "song_art_primary_color": null,
 "song_art_secondary_color": null,
 "song_art_text_color": null,
 "stats": {
  "unreviewed_annotations": 0,
  "hot": false,
  "pageviews": 282826
 },
 "title": "Sail",
 "title_with_featured": "Sail",
 "updated_by_human_at": 1595157201,
 "url": "https://genius.com/Awolnation-sail-lyrics",
 "primary_artist": {
  "_type": "artist",
  "api_path": "/artists/17010",
  "header_image_url": "https://images.genius.com/ebad9dbdf45f47cd456e12571f58f3b9.1000x665x1.jpg",
  "id": 17010,
  "image_url": "https://images.genius.com/85eeaf9ee83ed5fe876a8321ac8bfc81.320x320x1.jpg",
  "index_character": "a",
  "is_meme_verified": false,
  "is_verified": true,
  "name": "AWOLNATION",
  "slug": "Awolnation",
  "url": "https://genius.com/artists/Awolnation",
  "iq": 377
 },
 "artist": "AWOLNATION",
 "lyrics": "[Intro]\nSail!\n\n[Verse 1]\nThis is how I show my love\nI made it in my mind because\nI blame it on my ADD, baby\nThis is how an angel dies\nI blame it on my own sick pride\nBlame it on my ADD, baby\n\n[Chorus]\nSail!\nSail!\nSail!\nSail!\nSail!\n\n[Verse 2]\nMaybe I should cry for help\nMaybe I should kill myself\nBlame it on my ADD, baby\nMaybe I'm a different breed\nMaybe I'm not listening\nSo blame it on my ADD, baby\n[Chorus]\nSail!\nSail!\nSail!\nSail!\nSail!\n\n[Bridge]\nLa la la la la la, oh!\nLa la la la la la, oh!\n\n[Chorus]\nSail!\nSail!\nSail!\nSail!\nSail!\n[Outro]\nSail with me into the dark\nSail!\nSail with me into the dark\nSail!\nSail with me into the dark\nSail!\nSail with me, sail with me\nSail!"
}