{
 "_type": "song",
 "annotation_count": 1,
 "api_path": "/songs/1821962",
 "full_title": "Don't You Worry Child by\u00a0John\u00a0Martin; Swedish House Mafia",
 "header_image_thumbnail_url": "https://assets.genius.com/images/default_cover_image.png?1617031125",
 "header_image_url": "https://assets.genius.com/images/default_cover_image.png?1617031125",
 "id": 1821962,
 "instrumental": false,
 "lyrics_owner_id": 1549345,
 "lyrics_state": "complete",
 "lyrics_updated_at": 1431620059,
 "path": "/John-martin-swedish-house-mafia-dont-you-worry-child-lyrics",
 "pyongs_count": null,
 "song_art_image_thumbnail_url": "https://assets.genius.com/images/default_cover_image.png?1617031125",
 "song_art_image_url": "https://assets.genius.com/images/default_cover_image.png?1617031125",
 "song_art_primary_color": null,
 "song_art_secondary_color": null,
 "song_art_text_color": null,
 "stats": {
  "unreviewed_annotations": 0,
  "hot": false
 },
 "title": "Don\u2019t You Worry Child",
 "title_with_featured": "Don't You Worry Child",
 "updated_by_human_at": 1445442346,
 "url": "https://genius.com/John-martin-swedish-house-mafia-dont-you-worry-child-lyrics",
 "primary_artist": {
  "_type": "artist",
  "api_path": "/artists/404310",
  "header_image_url": "https://assets.genius.com/images/default_avatar_300.png?1617031125",
  "id": 404310,
  "image_url": "https://assets.genius.com/images/default_avatar_300.png?1617031125",
  "index_character": "j",
  "is_meme_verified": false,
  "is_verified": false,
  "name": "John Martin; Swedish House Mafia",
  "slug": "John-martin-swedish-house-mafia",
  "url": "https://genius.com/artists/John-martin-swedish-house-mafia"
 },
 "artist": "John Martin; Swedish House Mafia",
 "lyrics": "There was a time, i used to look into my father's size\nIn a happy home, i was a king i had a gold throne\nThose days are gone, now the memories are on the wall\nI hear the songs from the places where i was born\n\nUp on the hill across the blue lake\nThats where i had my first heart break\nI still remember how it all changed\nMy father said\nDon't you worry, don't you worry child\nSee heaven's got a plan for you\nDon't you worry, don't you worry now\nYeah!\n\nDon't you worry, don't you worry now\nYeah!\nOoh ooh ooh ooooh!\nSee heaven's got a plan for you\nOoh ooh ooh ooooh!\n\nThere was a time, i met a girl of a different kind\nWe ruled the world\nThought i'll never lose her out of sight, we were so young\nI think of her now and then\nStill hear the song reminding me of when\nUp on the hill across the blue lake\nThats where i had my first heart break\nI still remember how it all changed\nMy father said\nDon't you worry, don't you worry child\nSee heaven's got a plan for you\nDon't you worry, don't you worry now\nYeah!\n\nDon't you worry, don't you worry child\nSee heaven's got a plan for you\nDon't you worry, don't you worry now\nYeah!"
}