{
 "_type": "song",
 "annotation_count": 14,
 "api_path": "/songs/89794",
 "full_title": "Diamonds by\u00a0Rihanna",
 "header_image_thumbnail_url": "https://images.genius.com/4fdaed37a6f53b920224e85ed1e9043c.300x300x1.jpg",
 "header_image_url": "https://images.genius.com/4fdaed37a6f53b920224e85ed1e9043c.1000x1000x1.jpg",
 "id": 89794,
 "instrumental": false,
 "lyrics_owner_id": 113967,
 "lyrics_state": "complete",
 "lyrics_updated_at": 1613965106,
 "path": "/Rihanna-diamonds-lyrics",
 "pyongs_count": 86,
 "song_art_image_thumbnail_url": "https://images.genius.com/d31652f8a9f5ae2afc54525cff56b883.300x300x1.jpg",
 "song_art_image_url": "https://images.genius.com/d31652f8a9f5ae2afc54525cff56b883.1000x1000x1.jpg",
 "song_art_primary_color": null,
 "song_art_secondary_color": null,
 "song_art_text_color": null,
 "stats": {
  "unreviewed_annotations": 0,
  "hot": false,
  "pageviews": 885772
 },
 "title": "Diamonds",
 "title_with_featured": "Diamonds",
 "updated_by_human_at": 1616700816,
 "url": "https://genius.com/Rihanna-diamonds-lyrics",
 "primary_artist": {
  "_type": "artist",
  "api_path": "/artists/89",
  "header_image_url": "https://images.genius.com/8353714f907477857490bd7411edb550.600x468x1.jpg",
  "id": 89,
  "image_url": "https://images.genius.com/a23400b7447be0fb91c3c4c839c6efe7.442x442x1.jpg",
  "index_character": "r",
  "is_meme_verified": true,
  "is_verified": true,
  "name": "Rihanna",
  "slug": "Rihanna",
  "url": "https://genius.com/artists/Rihanna",
  "iq": 2125
 },
 "artist": "Rihanna",
 "lyrics": "[Intro]\nShine bright like a diamond\nShine bright like a diamond\n\n[Verse 1]\nFind light in the beautiful sea\nI choose to be happy\nYou and I, you and I, we're like diamonds in the sky\nYou're a shooting star I see, a vision of ecstasy\nWhen you hold me, I'm alive, we're like diamonds in the sky\n\n[Pre-Chorus]\nI knew that we'd become one right away\nOh, right away\nAt first sight, I felt the energy of sun rays\nI saw the life inside your eyes\n\n[Chorus]\nSo shine bright, tonight, you and I\nWe're beautiful, like diamonds in the sky\nEye to eye, so alive\nWe're beautiful, like diamonds in the sky\n\n[Post-Chorus]\nShine bright like a diamond (Woah)\nShine bright like a diamond (Woah)\nShinin' bright like a diamond\nWe're beautiful, like diamonds in the sky\nShine bright like a diamond (Woah)\nShine bright like a diamond (Woah)\nShinin' bright like a diamond\nWe're beautiful, like diamonds in the sky\n[Verse 2]\nPalms rise to the universe as we moonshine and molly\nFeel the warmth, we'll never die\nWe're like diamonds in the sky\nYou're a shooting star I see, a vision of ecstasy\nWhen you hold me, I'm alive\nWe're like diamonds in the sky\n\n[Pre-Chorus]\nAt first sight, I felt the energy of sun rays\nI saw the life inside your eyes\n\n[Chorus]\nSo shine bright, tonight, you and I\nWe're beautiful, like diamonds in the sky\nEye to eye, so alive\nWe're beautiful, like diamonds in the sky\n\n[Post-Chorus]\nShine bright like a diamond (Woah)\nShine bright like a diamond (Woah)\nShinin' bright like a diamond\nWe're beautiful, like diamonds in the sky\nShine bright like a diamond (Woah)\nShine bright like a diamond (Woah)\nShinin' bright like a diamond\nWe're beautiful, like diamonds in the sky\n[Bridge]\nShine bright like a diamond\nShine bright like a diamond\nShine bright like a diamond\n\n[Chorus]\nSo shine bright, tonight, you and I\nWe're beautiful, like diamonds in the sky\nEye to eye, so alive\nWe're beautiful, like diamonds in the sky\n\n[Outro]\nShine bright like a diamond (Woah)\nShine bright like a diamond (Woah)\nShine bright like a diamond\nOh-oh, yeah\nShine bright like a diamond (Woah)\nShine bright like a diamond (Woah)\nShine bright like a diamond\nShine bright like a diamond"
}