{
 "_type": "song",
 "annotation_count": 7,
 "api_path": "/songs/78587",
 "full_title": "I Love It by\u00a0Icona\u00a0Pop (Ft.\u00a0Charli\u00a0XCX)",
 "header_image_thumbnail_url": "https://images.genius.com/474b6e1dec6342ecaa338ff992256a36.300x300x1.png",
 "header_image_url": "https://images.genius.com/474b6e1dec6342ecaa338ff992256a36.1000x1000x1.png",
 "id": 78587,
 "instrumental": false,
 "lyrics_owner_id": 11524,
 "lyrics_state": "complete",
 "lyrics_updated_at": 1616225026,
 "path": "/Icona-pop-i-love-it-lyrics",
 "pyongs_count": 48,
 "song_art_image_thumbnail_url": "https://images.genius.com/1763ba2746421fcc2beaafefacfef0d2.300x300x1.jpg",
 "song_art_image_url": "https://images.genius.com/1763ba2746421fcc2beaafefacfef0d2.1000x1000x1.jpg",
 "song_art_primary_color": null,
 "song_art_secondary_color": null,
 "song_art_text_color": null,
 "stats": {
  "unreviewed_annotations": 2,
  "hot": false,
  "pageviews": 319964
 },
 "title": "I Love It",
 "title_with_featured": "I Love It (Ft.\u00a0Charli\u00a0XCX)",
 "updated_by_human_at": 1616225026,
 "url": "https://genius.com/Icona-pop-i-love-it-lyrics",
 "primary_artist": {
  "_type": "artist",
  "api_path": "/artists/12519",
  "header_image_url": "https://images.genius.com/c74185c2268e599a7dc5cd90712e2d11.1000x563x1.jpg",
  "id": 12519,
  "image_url": "https://images.genius.com/6172e0ae4763ae16b1c1a9331ff4b694.785x785x1.jpg",
  "index_character": "i",
  "is_meme_verified": false,
  "is_verified": false,
  "name": "Icona Pop",
  "slug": "Icona-pop",
  "url": "https://genius.com/artists/Icona-pop"
 },
 "artist": "Icona Pop",
 "lyrics": "[Chorus: Icona Pop & Charli XCX]\nI got this feeling on the summer day when you were gone\nI crashed my car into the bridge, I watched, I let it burn\nI threw your shit into a bag and pushed it down the stairs\nI crashed my car into the bridge, I don't care!\nI love it, I don't care!\nI got this feeling on the summer day when you were gone\nI crashed my car into the bridge, I watched, I let it burn\nI threw your shit into a bag and pushed it down the stairs\nI crashed my car into the bridge, I don't care!\nI love it, I don't care!\n\n[Bridge: Icona Pop]\nYou're on a different road, I'm in the Milky Way\nYou want me down on Earth, but I am up in space\nYou're so damn hard to please, we gotta kill this switch\nYou're from the '70s, but I'm a '90s bitch\n\n[Chorus: Icona Pop & Charli XCX]\nI love it! I love it!\nI got this feeling on the summer day when you were gone\nI crashed my car into the bridge, I watched, I let it burn\nI threw your shit into a bag and pushed it down the stairs\nI crashed my car into the bridge, I don't care!\nI love it, I don't care!\nI love it, I love it!\nI don't care! I love it\nI don't care!\n[Bridge: Icona Pop]\nYou're on a different road, I'm in the Milky Way\nYou want me down on Earth, but I am up in space\nYou're so damn hard to please, we gotta kill this switch\nYou're from the '70s, but I'm a '90s bitch\n\n[Outro: Icona Pop & Charli XCX]\nI don't care! I love it\nI don't care! I love it, I love it\nI don't care! I love it\nI don't care! I love it, I love it\nI don't care! I love it"
}