{
 "_type": "song",
 "annotation_count": 9,
 "api_path": "/songs/156070",
 "full_title": "Safe and Sound by\u00a0Capital\u00a0Cities",
 "header_image_thumbnail_url": "https://images.genius.com/b956f30f67b0b4886910c14dfdb7e178.300x300x1.jpg",
 "header_image_url": "https://images.genius.com/b956f30f67b0b4886910c14dfdb7e178.800x800x1.jpg",
 "id": 156070,
 "instrumental": false,
 "lyrics_owner_id": 150910,
 "lyrics_state": "complete",
 "lyrics_updated_at": 1573287878,
 "path": "/Capital-cities-safe-and-sound-lyrics",
 "pyongs_count": 85,
 "song_art_image_thumbnail_url": "https://images.genius.com/b956f30f67b0b4886910c14dfdb7e178.300x300x1.jpg",
 "song_art_image_url": "https://images.genius.com/b956f30f67b0b4886910c14dfdb7e178.800x800x1.jpg",
 "song_art_primary_color": null,
 "song_art_secondary_color": null,
 "song_art_text_color": null,
 "stats": {
  "unreviewed_annotations": 4,
  "hot": false,
  "pageviews": 235196
 },
 "title": "Safe and Sound",
 "title_with_featured": "Safe and Sound",
 "updated_by_human_at": 1594395806,
 "url": "https://genius.com/Capital-cities-safe-and-sound-lyrics",
 "primary_artist": {
  "_type": "artist",
  "api_path": "/artists/52217",
  "header_image_url": "https://images.genius.com/af93519074cecbbce864d48539de80ea.1000x1000x1.jpg",
  "id": 52217,
  "image_url": "https://images.genius.com/21ed5b4703d2fb468fef6c4690e4e957.960x960x1.jpg",
  "index_character": "c",
  "is_meme_verified": true,
  "is_verified": true,
  "name": "Capital Cities",
  "slug": "Capital-cities",
  "url": "https://genius.com/artists/Capital-cities",
  "iq": 840
 },
 "artist": "Capital Cities",
 "lyrics": "[Verse 1]\nI could lift you up\nI could show you what you wanna see\nAnd take you where you wanna be\nYou could be my luck\nEven if the sky is falling down\nI know that we'll be safe and sound\nWe're safe and sound\n\n[Verse 2]\nI could fill your cup\nYou know my river won't evaporate\nThis world we still appreciate\nYou could be my luck\nEven in a hurricane of frowns\nI know that we'll be safe and sound\n\n[Chorus]\n(Safe and sound)\nWe're safe and sound\n(Safe and sound)\nWe're safe and sound\n(Hold your ground)\nWe're safe and sound\n(Safe and sound)\n[Verse 3]\nI could show you love (Love)\nIn a tidal wave of mystery\nYou'll still be standing next to me\nYou could be my luck\nEven if we're six feet underground\nI know that we'll be safe and sound (Sound, sound, sound)\nWe're safe and sound (Sound, sound, sound)\n\n[Chorus]\n(Safe and sound)\n(Safe and sound)\n(Hold your ground)\n(Safe and sound)\n\n[Verse 4]\nI could lift you up\nI could show you what you wanna see\nAnd take you where you wanna be\nYou could be my luck\nEven if the sky is falling down\nI know that we'll be safe and sound\n\nI could lift you up\nI could show you what you wanna see\nAnd take you where you wanna be\nYou could be my luck\nEven if the sky is falling down\nI know that we'll be safe and sound\n[Outro]\nWe're safe and sound\nWe're safe and sound\nWe're safe and sound\nWe're safe and sound\n(Safe and sound)\nWe're safe and sound\n(Safe and sound)\nWe're safe and sound\n(Hold your ground)\nWe're safe and sound\n(Safe and sound)\nWe're safe and sound"
}