{
 "_type": "song",
 "annotation_count": 13,
 "api_path": "/songs/98754",
 "full_title": "Radioactive by\u00a0Imagine\u00a0Dragons",
 "header_image_thumbnail_url": "https://images.genius.com/2d92bdfa0c1a91dd04309ebbb024195c.300x300x1.jpg",
 "header_image_url": "https://images.genius.com/2d92bdfa0c1a91dd04309ebbb024195c.1000x1000x1.jpg",
 "id": 98754,
 "instrumental": false,
 "lyrics_owner_id": 77889,
 "lyrics_state": "complete",
 "lyrics_updated_at": 1585440083,
 "path": "/Imagine-dragons-radioactive-lyrics",
 "pyongs_count": 310,
 "song_art_image_thumbnail_url": "https://images.genius.com/a1632bc91da7a8b8a1cc63dc3b65953f.300x300x1.png",
 "song_art_image_url": "https://images.genius.com/a1632bc91da7a8b8a1cc63dc3b65953f.1000x1000x1.png",
 "song_art_primary_color": null,
 "song_art_secondary_color": null,
 "song_art_text_color": null,
 "stats": {
  "unreviewed_annotations": 0,
  "hot": false,
  "pageviews": 852694
 },
 "title": "Radioactive",
 "title_with_featured": "Radioactive",
 "updated_by_human_at": 1601516987,
 "url": "https://genius.com/Imagine-dragons-radioactive-lyrics",
 "primary_artist": {
  "_type": "artist",
  "api_path": "/artists/29472",
  "header_image_url": "https://images.genius.com/c473cf5623f679f213e3c6e2e59b9297.1000x375x1.jpg",
  "id": 29472,
  "image_url": "https://images.genius.com/e3c19e5979960875de2b85e4dc289118.1000x1000x1.jpg",
  "index_character": "i",
  "is_meme_verified": false,
  "is_verified": false,
  "name": "Imagine Dragons",
  "slug": "Imagine-dragons",
  "url": "https://genius.com/artists/Imagine-dragons"
 },
 "artist": "Imagine Dragons",
 "lyrics": "[Intro]\nWhoah-oh\nWhoah-oh\nWhoah-oh\nWhoah\n\n[Verse 1]\nI'm waking up to ash and dust\nI wipe my brow and I sweat my rust\nI'm breathing in the chemicals\nYeah, ah\n\n[Refrain]\nI'm breaking in, shaping up\nThen checking out on the prison bus\nThis is it, the apocalypse\nWhoa\n\n[Pre-Chorus]\nI'm waking up, I feel it in my bones\nEnough to make my system blow\nWelcome to the new age, to the new age\nWelcome to the new age, to the new age\n\n[Chorus]\nWhoa-oh, whoa\nI'm radioactive, radioactive\nWhoa-oh, whoa\nI'm radioactive, radioactive\n[Verse 2]\nI raise my flags, dye my clothes\nIt's a revolution, I suppose\nWe're painted red to fit right in\nWhoa\n\n[Refrain]\nI'm breaking in, shaping up\nThen checking out on the prison bus\nThis is it, the apocalypse\nWhoa\n\n[Pre-Chorus]\nI'm waking up, I feel it in my bones\nEnough to make my system blow\nWelcome to the new age, to the new age\nWelcome to the new age, to the new age\n\n[Chorus]\nWhoa-oh, whoa\nI'm radioactive, radioactive\nWhoa-oh, whoa\nI'm radioactive, radioactive\n\n[Bridge]\nAll systems go, the sun hasn't died\nDeep in my bones, straight from inside\n[Pre-Chorus]\nI'm waking up, I feel it in my bones\nEnough to make my system blow\nWelcome to the new age, to the new age\nWelcome to the new age, to the new age\n\n[Chorus]\nWhoa-oh, whoa\nI'm radioactive, radioactive\nWhoa-oh, whoa\nI'm radioactive, radioactive"
}