{
 "_type": "song",
 "annotation_count": 6,
 "api_path": "/songs/113496",
 "full_title": "Treasure by\u00a0Bruno\u00a0Mars",
 "header_image_thumbnail_url": "https://images.genius.com/89e7ab54960155be53766ef542e735db.300x300x1.jpg",
 "header_image_url": "https://images.genius.com/89e7ab54960155be53766ef542e735db.1000x1000x1.jpg",
 "id": 113496,
 "instrumental": false,
 "lyrics_owner_id": 181848,
 "lyrics_state": "complete",
 "lyrics_updated_at": 1616599173,
 "path": "/Bruno-mars-treasure-lyrics",
 "pyongs_count": 65,
 "song_art_image_thumbnail_url": "https://images.genius.com/63466a2e76ac64d27d6a7ccd077d9cdc.300x300x1.png",
 "song_art_image_url": "https://images.genius.com/63466a2e76ac64d27d6a7ccd077d9cdc.1000x1000x1.png",
 "song_art_primary_color": null,
 "song_art_secondary_color": null,
 "song_art_text_color": null,
 "stats": {
  "unreviewed_annotations": 3,
  "hot": false,
  "pageviews": 409086
 },
 "title": "Treasure",
 "title_with_featured": "Treasure",
 "updated_by_human_at": 1616599173,
 "url": "https://genius.com/Bruno-mars-treasure-lyrics",
 "primary_artist": {
  "_type": "artist",
  "api_path": "/artists/500",
  "header_image_url": "https://images.genius.com/25d38ffc3fd6a36ac71a08ff6ed90fa2.1000x666x1.jpg",
  "id": 500,
  "image_url": "https://images.genius.com/edca1a867127a07d29f959070b1a2a5f.838x838x1.png",
  "index_character": "b",
  "is_meme_verified": true,
  "is_verified": true,
  "name": "Bruno Mars",
  "slug": "Bruno-mars",
  "url": "https://genius.com/artists/Bruno-mars",
  "iq": 250
 },
 "artist": "Bruno Mars",
 "lyrics": "[Intro]\nBaby squirrel, you's a sexy mother-fucker\n\n[Verse 1]\nGimme your, gimme your, gimme your attention, baby\nI gotta tell you a little somethin' about yourself!\nYou're wonderful, flawless, ooh you're a sexy lady\nBut you walk around here like you wanna be someone else (else)\n\n[Pre-Chorus]\nOh, whoa-oh-oh\nI know that you don't know it, but you're fine, so fine\n(Fine, so fine)\nOh, whoa-oh-oh\nOh girl I'm gonna show you when you're mine, oh mine\n(Mine, oh mine)\n\n[Chorus]\nTreasure, that is what you are\nHoney you're my golden star\nYou know you can make my wish come true\nIf you let me treasure you\nIf you let me treasure you\n\n[Post-Chorus]\nWhoa-oh-oh-h-h-h\n[Verse 2]\nPretty girl, pretty girl, pretty girl you should be smiling\n(You should be smiling)\nA girl like you should never look so blue\nYou're everything I see in my dreams\nI wouldn't say that to you if it wasn't true\n\n[Pre-Chorus]\nOh, whoa-oh-oh\nI know that you don't know it, but you're fine, so fine\n(Fine, so fine)\nOh, whoa-oh-oh\nOh girl I'm gonna show you when you're mine, oh mine\n(Mine, oh mine)\n\n[Chorus]\nTreasure, that is what you are\nHoney you're my golden star\nYou know you can make my wish come true\nIf you let me treasure you\nIf you let me treasure you\n\n[Post-Chorus]\nWhoa-oh-oh-h-h-h\n\n[Interlude]\nYou are my treasure, you are my treasure\nYou are my treasure, yeah, you you you, you are\nYou are my treasure, you are my treasure\nYou are my treasure, yeah, you you you, you are\n[Chorus]\nTreasure (you are my treasure)\nThat is what you are (you are my treasure)\n(You are my treasure)\nHoney you're my golden star (you are)\n(You are my treasure)\nYou know you can make my wish come true\n(You are my treasure)\nIf you let me treasure you (you are)\n(You are my treasure)\nIf you let me treasure you\n(You are my treasure)\n\n[Post-Chorus]\nWhoa-oh-oh-h-h-h\n\n[Outro]"
}