{
 "_type": "song",
 "annotation_count": 8,
 "api_path": "/songs/131712",
 "full_title": "The Way by\u00a0Ariana\u00a0Grande (Ft.\u00a0Mac\u00a0Miller)",
 "header_image_thumbnail_url": "https://images.genius.com/877ccc6588725bd8721647c9bbff160d.300x168x1.jpg",
 "header_image_url": "https://images.genius.com/877ccc6588725bd8721647c9bbff160d.960x538x1.jpg",
 "id": 131712,
 "instrumental": false,
 "lyrics_owner_id": 200761,
 "lyrics_state": "complete",
 "lyrics_updated_at": 1611330737,
 "path": "/Ariana-grande-the-way-lyrics",
 "pyongs_count": 136,
 "song_art_image_thumbnail_url": "https://images.rapgenius.com/114c17a3576f17d3f6104cad21f43433.300x300x1.jpg",
 "song_art_image_url": "https://images.rapgenius.com/114c17a3576f17d3f6104cad21f43433.1000x1000x1.jpg",
 "song_art_primary_color": null,
 "song_art_secondary_color": null,
 "song_art_text_color": null,
 "stats": {
  "unreviewed_annotations": 1,
  "concurrents": 2,
  "hot": false,
  "pageviews": 625039
 },
 "title": "The Way",
 "title_with_featured": "The Way (Ft.\u00a0Mac\u00a0Miller)",
 "updated_by_human_at": 1611330737,
 "url": "https://genius.com/Ariana-grande-the-way-lyrics",
 "primary_artist": {
  "_type": "artist",
  "api_path": "/artists/26507",
  "header_image_url": "https://images.genius.com/0b63409589894fbd955a658fc89f08dd.1000x429x1.jpg",
  "id": 26507,
  "image_url": "https://images.genius.com/d36a47955ac0ddb12748c5e7c2bd4b4b.640x640x1.jpg",
  "index_character": "a",
  "is_meme_verified": false,
  "is_verified": true,
  "name": "Ariana Grande",
  "slug": "Ariana-grande",
  "url": "https://genius.com/artists/Ariana-grande",
  "iq": 2404
 },
 "artist": "Ariana Grande",
 "lyrics": "[Intro: Ariana Grande & Mac Miller]\nWhat we gotta do right here is go back\nBack into time\nI love the way you make me feel (Okay)\nI love it, I love it (Yeah)\nI love the way you make me feel\nI love it (Yeah), I love it (Yeah)\n\n[Verse 1: Mac Miller & Ariana Grande]\nSay\nI'm thinkin' 'bout her every second, every hour\nDo my singin' in the shower, pickin' petals off of flowers like\nDo she love me, do she love me not? (Love me not)\nI ain't a player, I just ***** * ***\nYou give me that kinda somethin'\nWant it all the time, need it every day\nOn a scale of one to ten, I'm at a hundred\nNever get enough, I can't stay away\n\n[Refrain 1: Ariana Grande]\nIf you want what I got, I got it every day\nYou can get whatever you need from me\nStay by your side, I'll never leave ya\nAnd I ain't going nowhere 'cause you're a keeper\n\n[Pre-Chorus: Ariana Grande & Mac Miller]\nSo don't you worry\nBaby, you got me (Ayy)\nI, I got a bad boy, I must admit it (Hey)\nYou got my heart, don\u2019t know how you did it (Hey)\nAnd I don't care who sees it, babe, I don't want to hide the way\nI feel when you're next to me (Hey)\n[Chorus: Ariana Grande]\nI love the way (You make me feel)\nI love the way (I love it, I love it)\nBaby, I love the way (You make me feel)\nOoh, I love the way, the way I love you (I love it, I love it)\n\n[Verse 2: Ariana Grande]\nOoh, it's so crazy, you get my heart jumpin'\nWhen you put your lips on mine\nAnd honey, it ain't a question (Qu\u2014qu\u2014question)\n'Cause, boy, I know just what you like\n\n[Refrain 2: Ariana Grande]\nSo if you need it, I got it, I got it every day\nBe your lover, your friend, you'll find it all in me\nStay by your side, I'll never leave ya\nSaid I ain't going nowhere 'cause you're a keeper\n\n[Pre-Chorus: Ariana Grande]\nSo don't you worry\nBaby, you got me\nI, I got a bad boy, I must admit it (Hey)\nYou got my heart, don\u2019t know how you did it (Hey)\nAnd I don't care who sees it, babe, I don't want to hide the way\nI feel when you're next to me (Hey)\n[Chorus: Ariana Grande]\nI love the way (You make me feel)\nI love the way (I love it, I love it)\nBaby, I love the way (You make me feel)\nOoh, I love the way, the way I love you (I love it, I love it)\n\n[Verse 3: Mac Miller]\nI make you feel so fine, make you feel so fine\nI hope you hit me on my celly when I sneak in your mind\nYou a princess to the public, but a freak when it's time\nSaid your bed be feelin' lonely, so you sleepin' in mine\nCome and watch a movie with me, American Beauty\nOr Bruce Almighty, that's groovy, just come and move closer to me\nI got some feelings for ya I'm not gonna get bored of\nBut, baby, you an adventure so let me come and explore ya\n\n[Pre-Chorus: Ariana Grande & Mac Miller]\nSo don't you worry (Yeah)\nBaby, you got me (Woo)\nI, I got a bad boy, I must admit it (Uh-huh) (Hey)\nYou got my heart, don't know how you did it (Hey)\nAnd I don't care who sees it, babe, I don't want to hide the way\nI feel when you're next to me (Hey)\n\n[Chorus: Ariana Grande]\nI love the way, I love the way (You make me feel)\nI love the way, I love the way (I love it, I love it)\nBaby, I love the way, I love the way (You make me feel)\nOoh, I love the way (I love it, I love it)\nI love the way (You make me feel)\nI love the way (I love it, I love it)\nBaby, I love the way (You make me feel)\nOoh, I love the way, the way I love you (I love it, I love it)\n[Outro: Ariana Grande]\nThe way I love you\nYou, you, yeah, the way\nI love the way you make me feel\nI love it, I love it\nI love the way you make me feel\nI love it, the way I love you"
}