{
 "_type": "song",
 "annotation_count": 15,
 "api_path": "/songs/113898",
 "full_title": "Started from the Bottom by\u00a0Drake",
 "header_image_thumbnail_url": "https://images.genius.com/f5f171280e66cd972200fe965bd15d2e.300x300x1.jpg",
 "header_image_url": "https://images.genius.com/f5f171280e66cd972200fe965bd15d2e.1000x1000x1.jpg",
 "id": 113898,
 "instrumental": false,
 "lyrics_owner_id": 103043,
 "lyrics_state": "complete",
 "lyrics_updated_at": 1614321267,
 "path": "/Drake-started-from-the-bottom-lyrics",
 "pyongs_count": 235,
 "song_art_image_thumbnail_url": "https://images.genius.com/4d2f4a3e57d8c8016f8e655a718e3b59.300x300x1.png",
 "song_art_image_url": "https://images.genius.com/4d2f4a3e57d8c8016f8e655a718e3b59.1000x1000x1.png",
 "song_art_primary_color": null,
 "song_art_secondary_color": null,
 "song_art_text_color": null,
 "stats": {
  "unreviewed_annotations": 0,
  "hot": false,
  "pageviews": 3376296
 },
 "title": "Started from the Bottom",
 "title_with_featured": "Started from the Bottom",
 "updated_by_human_at": 1614321267,
 "url": "https://genius.com/Drake-started-from-the-bottom-lyrics",
 "primary_artist": {
  "_type": "artist",
  "api_path": "/artists/130",
  "header_image_url": "https://images.genius.com/ff945138efd08fc1a649ceb92489bf4c.540x304x25.gif",
  "id": 130,
  "image_url": "https://images.genius.com/2946a6c564c58ffa0ea6f029d5c7d079.1000x1000x1.jpg",
  "index_character": "d",
  "is_meme_verified": false,
  "is_verified": false,
  "name": "Drake",
  "slug": "Drake",
  "url": "https://genius.com/artists/Drake"
 },
 "artist": "Drake",
 "lyrics": "[Intro]\nStarted\u2026\nZombie on the track\n[Chorus]\nStarted from the bottom, now we're here\nStarted from the bottom, now my whole team fuckin' here\nStarted from the bottom, now we're here\nStarted from the bottom, now the whole team here, nigga\nStarted from the bottom, now we're here\nStarted from the bottom, now my whole team here, nigga\nStarted from the bottom, now we're here\nStarted from the bottom, now the whole team fuckin' here\n\n[Verse 1]\nI done kept it real from the jump\nLivin' at my momma's house, we'd argue every month\nNigga, I was tryna get it on my own\nWorkin' all night, traffic on the way home\nAnd my uncle callin' me, like, \"Where you at?\nI gave you the keys, told you bring it right back\u201d\nNigga, I just think it's funny how it goes\nNow I'm on the road, half a million for a show, and we\u2014\n[Chorus]\nStarted from the bottom, now we're here\nStarted from the bottom, now my whole team fuckin' here\nStarted from the bottom, now we're here\nStarted from the bottom, now the whole team here, nigga\nStarted from the bottom, now we're here\nStarted from the bottom, now the whole team fuckin' here\nStarted from the bottom, now we're here\nStarted from the bottom, now the whole team here, nigga\n[Verse 2]\nBoys tell stories 'bout the man\nSay I never struggled, wasn't hungry, yeah, I doubt it\nNigga, I could turn your boy into the man\nThere ain't really much out here that's poppin' off without us\nNigga, we just want the credit where it's due\nI'ma worry 'bout me, give a fuck about you\nNigga, just as a reminder to myself\nI wear every single chain, even when I'm in the house\n'Cause we\u2014\n\n[Chorus]\nStarted from the bottom, now we're here\nStarted from the bottom, now my whole team fuckin' here\nStarted from the bottom, now we're here\nStarted from the bottom, now the whole team here, nigga\n[Bridge]\nNo new niggas, nigga, we don't feel that\nFuck a fake friend, where your real friends at?\nWe don't like to do too much explainin'\nStory stayed the same, I never changed it\nNo new niggas, nigga, we don't feel that\nFuck a fake friend, where your real friends at?\nWe don't like to do too much explainin'\nStory stayed the same through the money and the fame\n'Cause we\u2014\n[Chorus]\nStarted from the bottom, now we're here\nStarted from the bottom, now my whole team fuckin' here\nStarted from the bottom, now we're here\nStarted from the bottom, now the whole team here, nigga\nStarted from the bottom, now we're here\nStarted from the bottom, now my whole team here, nigga\nStarted from the bottom, now we're here\nStarted from the bottom, now the whole team here, nigga\n[Produced by Mike Zombie]"
}