{
 "_type": "song",
 "annotation_count": 8,
 "api_path": "/songs/138425",
 "full_title": "Come & Get It by\u00a0Selena\u00a0Gomez",
 "header_image_thumbnail_url": "https://images.genius.com/930b8865bf2099250c82bfe3ebdea479.300x300x1.jpg",
 "header_image_url": "https://images.genius.com/930b8865bf2099250c82bfe3ebdea479.1000x1000x1.jpg",
 "id": 138425,
 "instrumental": false,
 "lyrics_owner_id": 11524,
 "lyrics_state": "complete",
 "lyrics_updated_at": 1557520954,
 "path": "/Selena-gomez-come-and-get-it-lyrics",
 "pyongs_count": 49,
 "song_art_image_thumbnail_url": "https://images.genius.com/ebc84ba1c0524f63ab1acb63a78db6bf.300x300x1.jpg",
 "song_art_image_url": "https://images.genius.com/ebc84ba1c0524f63ab1acb63a78db6bf.1000x1000x1.jpg",
 "song_art_primary_color": null,
 "song_art_secondary_color": null,
 "song_art_text_color": null,
 "stats": {
  "unreviewed_annotations": 0,
  "hot": false,
  "pageviews": 144611
 },
 "title": "Come & Get It",
 "title_with_featured": "Come & Get It",
 "updated_by_human_at": 1584819522,
 "url": "https://genius.com/Selena-gomez-come-and-get-it-lyrics",
 "primary_artist": {
  "_type": "artist",
  "api_path": "/artists/45372",
  "header_image_url": "https://images.genius.com/7c61463440964314742b6f452acd457b.1000x370x1.jpg",
  "id": 45372,
  "image_url": "https://images.genius.com/622e6858ce207990b4eb25cd9cdf8f8c.1000x1000x1.jpg",
  "index_character": "s",
  "is_meme_verified": true,
  "is_verified": true,
  "name": "Selena Gomez",
  "slug": "Selena-gomez",
  "url": "https://genius.com/artists/Selena-gomez",
  "iq": 11311
 },
 "artist": "Selena Gomez",
 "lyrics": "[Chorus]\nWhen you're ready come and get it\nNa-na-na-na, na-na-na-na, na-na-na-na\nWhen you're ready come and get it\nNa-na-na-na, na-na-na-na, na-na-na-na\nWhen you're ready, when you're ready\nWhen you're ready come and get it\nNa-na-na-na, na-na-na-na, na-na-na-na\n\n[Verse 1]\nYou ain't gotta worry, it's an open invitation\nI'll be sitting right here real patient\nAll day, all night, I'll be waiting standby\nCan't stop, because I love it\nHate the way I love you\nAll day, all night\nMaybe I'm addicted for life, no lie\n\n[Pre-Chorus 1]\nI'm not too shy to show I love you\nI got no regrets\nI love you much too much to hide you\nThis love ain't finished yet\nThis love ain't finished yet\nSo baby, whenever you're ready\n[Chorus]\nWhen you're ready come and get it\nNa-na-na-na, na-na-na-na, na-na-na-na\nWhen you're ready come and get it\nNa-na-na-na, na-na-na-na, na-na-na-na\nWhen you're ready, when you're ready\nWhen you're ready come and get it\nNa-na-na-na, na-na-na-na, na-na-na-na\n\n[Verse 2]\nYou got the kind of love that I want, let me get that\n(Let me get that, yeah)\nAnd baby, once I get it, I'm yours, no take-backs\nGon' love you for life, I ain't leaving your side\nEven if you knock it, ain't no way to stop it\nForever, you're mine\nBaby, I'm addicted, no lie, no lie\n\n[Pre-Chorus 2]\nI'm not too shy to show I love you\nI got no regrets\nSo baby, whenever you're ready...\n\n[Chorus]\nWhen you're ready come and get it\nNa-na-na-na, na-na-na-na, na-na-na-na\nWhen you're ready come and get it\nNa-na-na-na, na-na-na-na, na-na-na-na\nWhen you're ready, when you're ready\nWhen you're ready come and get it\nNa-na-na-na, na-na-na-na, na-na-na-na\n[Bridge]\nThis love will be the death of me\nBut I know I'll die happily\nI'll know, I'll know, I'll know\nBecause you love me so\nYeah\n\n[Chorus]\nWhen you're ready come and get it\nNa-na-na-na, na-na-na-na, na-na-na-na\nWhen you're ready come and get it\nNa-na-na-na, na-na-na-na, na-na-na-na\n(I'm gonna get it, yeah yeah)\nWhen you're ready, when you're ready\nWhen you're ready come and get it\n(When you're ready, when you're ready\nCome and get it, get it)\nNa-na-na-na, na-na-na-na, na-na-na-na"
}