{
 "_type": "song",
 "annotation_count": 8,
 "api_path": "/songs/200546",
 "full_title": "Hold On, We're Going Home by\u00a0Drake (Ft.\u00a0Majid\u00a0Jordan)",
 "header_image_thumbnail_url": "https://images.genius.com/92ae1cfe791720da44d95b13bc9f67a2.300x300x1.jpg",
 "header_image_url": "https://images.genius.com/92ae1cfe791720da44d95b13bc9f67a2.1000x1000x1.jpg",
 "id": 200546,
 "instrumental": false,
 "lyrics_owner_id": 149650,
 "lyrics_state": "complete",
 "lyrics_updated_at": 1614328154,
 "path": "/Drake-hold-on-were-going-home-lyrics",
 "pyongs_count": 496,
 "song_art_image_thumbnail_url": "https://images.rapgenius.com/f545371242592e32983526102bd7b01d.300x300x1.jpg",
 "song_art_image_url": "https://images.rapgenius.com/f545371242592e32983526102bd7b01d.600x600x1.jpg",
 "song_art_primary_color": null,
 "song_art_secondary_color": null,
 "song_art_text_color": null,
 "stats": {
  "unreviewed_annotations": 0,
  "concurrents": 2,
  "hot": false,
  "pageviews": 5403795
 },
 "title": "Hold On, We\u2019re Going Home",
 "title_with_featured": "Hold On, We're Going Home (Ft.\u00a0Majid\u00a0Jordan)",
 "updated_by_human_at": 1615375435,
 "url": "https://genius.com/Drake-hold-on-were-going-home-lyrics",
 "primary_artist": {
  "_type": "artist",
  "api_path": "/artists/130",
  "header_image_url": "https://images.genius.com/ff945138efd08fc1a649ceb92489bf4c.540x304x25.gif",
  "id": 130,
  "image_url": "https://images.genius.com/2946a6c564c58ffa0ea6f029d5c7d079.1000x1000x1.jpg",
  "index_character": "d",
  "is_meme_verified": false,
  "is_verified": false,
  "name": "Drake",
  "slug": "Drake",
  "url": "https://genius.com/artists/Drake"
 },
 "artist": "Drake",
 "lyrics": "[Verse 1: Drake]\nI got my eyes on you\nYou're everything that I see\nI want your hot love and emotion endlessly\nI can't get over you\nYou left your mark on me\nI want your hot love and emotion endlessly\n\n[Pre-Chorus: Drake]\n'Cause you're a good girl and you know it\nYou act so different around me\n'Cause you're a good girl and you know it\nI know exactly who you could be\n\n[Chorus: Drake]\nJust hold on, we're going home\nJust hold on, we're going home\nIt's hard to do these things alone\nJust hold on, we're going home\n\n[Verse 2: Drake]\nI got my eyes on you\nYou're everything that I see\nI want your hot love and emotion endlessly\nI can't get over you\nYou left your mark on me\nI want your hot love and emotion endlessly\n[Pre-Chorus: Drake]\n'Cause you're a good girl and you know it\nYou act so different around me\n'Cause you're a good girl and you know it\nI know exactly who you could be\n\n[Chorus: Drake & Majid Jordan]\nSo just hold on, we're going home (Going home)\nJust hold on, we're going home (Going home)\nIt's hard to do these things alone (Things alone)\nJust hold on, we're going home (Going home, going home)\n\n[Bridge: Majid Al Maskati]\nYou're the girl, you're the one\nGave you everything I loved\nI think there's something, baby\nI think there's something, baby\nYou're the girl, you're the one\nGave you everything I loved\nI think there's something, baby\nI think there's something, baby\n\n[Pre-Chorus: Drake & Majid Al Maskati]\n'Cause you're a good girl and you know it\nYou act so different around me\n'Cause you're a good girl and you know it\nI know exactly who you could be\n[Chorus: Drake & Majid Jordan]\nOh, just hold on, we're going home (Going home)\nJust hold on, we're going home (Going home)\nIt's hard to do these things alone (Things alone)\nJust hold on, we're going home (Going home)\nHome (Going home)\n\n[Outro: Majid Jordan]\nHold on\nOh, oh\n\n[Produced by Nineteen85, Majid Jordan & Noah \"40\" Shebib]"
}