{
 "_type": "song",
 "annotation_count": 1,
 "api_path": "/songs/78320",
 "full_title": "Daylight by\u00a0Maroon\u00a05",
 "header_image_thumbnail_url": "https://images.genius.com/88b931e11ae64b95595145eceb9a7137.300x300x1.jpg",
 "header_image_url": "https://images.genius.com/88b931e11ae64b95595145eceb9a7137.1000x1000x1.jpg",
 "id": 78320,
 "instrumental": false,
 "lyrics_owner_id": 11524,
 "lyrics_state": "complete",
 "lyrics_updated_at": 1606615334,
 "path": "/Maroon-5-daylight-lyrics",
 "pyongs_count": 25,
 "song_art_image_thumbnail_url": "https://images.genius.com/100703bc0299945265a6991c37928a52.300x300x1.png",
 "song_art_image_url": "https://images.genius.com/100703bc0299945265a6991c37928a52.300x300x1.png",
 "song_art_primary_color": null,
 "song_art_secondary_color": null,
 "song_art_text_color": null,
 "stats": {
  "unreviewed_annotations": 0,
  "hot": false,
  "pageviews": 85620
 },
 "title": "Daylight",
 "title_with_featured": "Daylight",
 "updated_by_human_at": 1609784657,
 "url": "https://genius.com/Maroon-5-daylight-lyrics",
 "primary_artist": {
  "_type": "artist",
  "api_path": "/artists/13539",
  "header_image_url": "https://images.genius.com/dd99997ae884d898f17ca4f6e648bc22.1000x333x1.jpg",
  "id": 13539,
  "image_url": "https://images.genius.com/6780ce1add3af75c73929a8f6630e099.900x900x1.jpg",
  "index_character": "m",
  "is_meme_verified": false,
  "is_verified": false,
  "name": "Maroon 5",
  "slug": "Maroon-5",
  "url": "https://genius.com/artists/Maroon-5"
 },
 "artist": "Maroon 5",
 "lyrics": "[Verse 1]\nHere I am waiting\nI'll have to leave soon\nWhy am I holding on?\nWe knew this day would come\nWe knew it all along\nHow did it come so fast?\n\n[Pre-Chorus]\nThis is our last night, but it's late\nAnd I'm trying not to sleep\n'Cause I know, when I wake\nI will have to slip away\n\n[Chorus]\nAnd when the daylight comes, I'll have to go\nBut tonight I'm gonna hold you so close\n'Cause in the daylight, we'll be on our own\nBut tonight I need to hold you so close\n\n[Post-Chorus]\nOoh-whoa, ooh-whoa, ooh-whoa\nOoh-whoa, ooh-whoa, ooh-whoa\n\n[Verse 2]\nHere I am staring\nAt your perfection\nIn my arms, so beautiful\nThe sky is getting bright\nThe stars are burning out\nSomebody slow it down\n[Pre-Chorus 2]\nThis is way too hard\n'Cause I know, when the sun comes up\nI will leave, this is my last glance\nThat will soon be memory\n\n[Chorus]\nAnd when the daylight comes, I'll have to go\nBut tonight I'm gonna hold you so close\n'Cause in the daylight, we'll be on our own\nBut tonight, I need to hold you so close\n\n[Post-Chorus]\nOoh-whoa, ooh-whoa, ooh-whoa\nOoh-whoa, ooh-whoa, ooh-whoa\n\n[Bridge]\nI never want it to stop\nBecause I don't wanna start all over, start all over\nI was afraid of the dark\nBut now it's all that I want, all that I want, all that I want\n\n[Chorus]\nAnd when the daylight comes, I'll have to go\nBut tonight I'm gonna hold you so close\n'Cause in the daylight, we'll be on our own\nBut tonight I need to hold you so close\n[Chorus]\nAnd when the daylight comes I'll have to go\nBut tonight I'm gonna hold you so close\n'Cause in the daylight, we'll be on our own\nBut tonight I need to hold you so close\n\n[Post-Chorus]\nOoh-whoa, ooh-whoa, ooh-whoa\nOoh-whoa, ooh-whoa, ooh-whoa\n\n[Outro]\nOoh-whoa (Yeah), ooh-whoa (Yeah)\nOoh-whoa (Yeah, yeah)\nOoh-whoa (Yeah), ooh-whoa (Yeah), ooh-whoa"
}