{
 "_type": "song",
 "annotation_count": 13,
 "api_path": "/songs/115843",
 "full_title": "Feel This Moment by\u00a0Pitbull (Ft.\u00a0Christina\u00a0Aguilera)",
 "header_image_thumbnail_url": "https://images.genius.com/be5d15022f9d623bade888b5ca7acbe3.300x300x1.jpg",
 "header_image_url": "https://images.genius.com/be5d15022f9d623bade888b5ca7acbe3.640x640x1.jpg",
 "id": 115843,
 "instrumental": false,
 "lyrics_owner_id": 174558,
 "lyrics_state": "complete",
 "lyrics_updated_at": 1606819177,
 "path": "/Pitbull-feel-this-moment-lyrics",
 "pyongs_count": 20,
 "song_art_image_thumbnail_url": "https://images.genius.com/be5d15022f9d623bade888b5ca7acbe3.300x300x1.jpg",
 "song_art_image_url": "https://images.genius.com/be5d15022f9d623bade888b5ca7acbe3.640x640x1.jpg",
 "song_art_primary_color": null,
 "song_art_secondary_color": null,
 "song_art_text_color": null,
 "stats": {
  "unreviewed_annotations": 3,
  "hot": false,
  "pageviews": 192346
 },
 "title": "Feel This Moment",
 "title_with_featured": "Feel This Moment (Ft.\u00a0Christina\u00a0Aguilera)",
 "updated_by_human_at": 1602386514,
 "url": "https://genius.com/Pitbull-feel-this-moment-lyrics",
 "primary_artist": {
  "_type": "artist",
  "api_path": "/artists/628",
  "header_image_url": "https://images.genius.com/019c3e4f1239bc5e1c870ad8a780d793.860x860x1.jpg",
  "id": 628,
  "image_url": "https://images.genius.com/019c3e4f1239bc5e1c870ad8a780d793.860x860x1.jpg",
  "index_character": "p",
  "is_meme_verified": false,
  "is_verified": true,
  "name": "Pitbull",
  "slug": "Pitbull",
  "url": "https://genius.com/artists/Pitbull",
  "iq": 280
 },
 "artist": "Pitbull",
 "lyrics": "[Intro: Pitbull]\nAsk for money, and get advice\nAsk for advice, get money twice\nI'm from the dirty, but that chico nice\nY'all call it a moment, I call it life\n\n[Chorus: Christina Aguilera]\nOne day when the light is glowin'\nI\u2019ll be in my castle golden\nBut until the gates are open\nI just wanna feel this moment\nWhoa-oh, I just wanna feel this moment\nWhoa-oh, I just wanna feel this moment\n\n[Interlude: Pitbull & (Christina Aguilera)]\nMr. Worldwide\nChristina Aguilera\nOye, mamita, come on!\nDal\u00e9, que la cosa est\u00e1 rica (I just wanna feel this moment)\n\n[Beat Break]\n\n[Pitbull]\nWoo!\nFeel this moment!\n[Verse 1: Pitbull]\nReporting live from the tallest building in Tokyo\nLong ways from them hard ways\nBills and Os and oh-yays\nDade County always, 305 all day\nNow, baby, we can parlay or, baby, we can party\nShe read books, especially about red rooms and tie-ups (Yeah)\nI got it hooked, \u2018cause she seen me in a suit with the red tie tied up\nChristian Gris, nice to meet ya\nBut time is money, only difference is I own it\nNow let's stop time and enjoy this moment\n\n[Chorus: Christina Aguilera & (Pitbull)]\nOne day when the light is glowin'\nI\u2019ll be in my castle golden\nBut until the gates are open\nI just wanna feel this moment\nWhoa-oh (C'mon), I just wanna feel this moment\nWhoa-oh (C'mon), I just wanna feel this moment\n\n[Beat Break]\n\n[Post-Chorus: Pitbull]\nWoo!\nCome on, feel this moment!\n[Verse 2: Pitbull]\nI see the future but live for the moment\nMake sense, don't it? Hah\nNow make dollars, I mean billions (Yeah)\nI'm a genius, I mean brilliant (Brilliant)\nThis street is what schooled him (Schooled him)\nAnd made him slicker than Slick Rick the Ruler (Yeah)\nI've lost a lot and learned a lot\nBut I'm still undefeated like Shula\nI'm far from cheap\nI break down companies with all my peeps (That's right)\nBaby, we can travel the world\nAnd what I can give you is all you can see\nTime is money, only difference is I own it\nLike a stopwatch, let's stop time and enjoy this moment, dal\u00e9\n\n[Chorus: Christina Aguilera & (Pitbull)]\nOne day when the light is glowin'\nI\u2019ll be in my castle golden\nBut until the gates are open\nI just wanna feel this moment\nWhoa-oh (C'mon), I just wanna feel this moment\nWhoa-oh, I just wanna feel this moment\n(Woo)\n(Come on, feel this moment!)\nWhoa-oh, I just wanna feel this moment\nWhoa-oh, I just wanna feel this moment"
}