{
 "_type": "song",
 "annotation_count": 11,
 "api_path": "/songs/203835",
 "full_title": "Applause by\u00a0Lady\u00a0Gaga",
 "header_image_thumbnail_url": "https://images.genius.com/951ba4873d09b8d2cbbcc8cd38f4491d.300x300x1.png",
 "header_image_url": "https://images.genius.com/951ba4873d09b8d2cbbcc8cd38f4491d.1000x1000x1.png",
 "id": 203835,
 "instrumental": false,
 "lyrics_owner_id": 70148,
 "lyrics_state": "complete",
 "lyrics_updated_at": 1615239487,
 "path": "/Lady-gaga-applause-lyrics",
 "pyongs_count": 78,
 "song_art_image_thumbnail_url": "https://images.genius.com/c652ccbe83f7e94e437917b8b49c9d86.300x300x1.png",
 "song_art_image_url": "https://images.genius.com/c652ccbe83f7e94e437917b8b49c9d86.1000x1000x1.png",
 "song_art_primary_color": null,
 "song_art_secondary_color": null,
 "song_art_text_color": null,
 "stats": {
  "unreviewed_annotations": 1,
  "hot": false,
  "pageviews": 405400
 },
 "title": "Applause",
 "title_with_featured": "Applause",
 "updated_by_human_at": 1615239486,
 "url": "https://genius.com/Lady-gaga-applause-lyrics",
 "primary_artist": {
  "_type": "artist",
  "api_path": "/artists/447",
  "header_image_url": "https://images.genius.com/cb85e83bf77ac39b736ba8b3fcaa1ad2.1000x563x1.png",
  "id": 447,
  "image_url": "https://images.genius.com/9d8ada5ff048fa8cdc002e1ad623ad7d.800x800x1.jpg",
  "index_character": "l",
  "is_meme_verified": true,
  "is_verified": true,
  "name": "Lady Gaga",
  "slug": "Lady-gaga",
  "url": "https://genius.com/artists/Lady-gaga",
  "iq": 2581
 },
 "artist": "Lady Gaga",
 "lyrics": "[Verse 1]\nI stand here waiting for you to bang the gong\nTo crash the critic saying, \"Is it right or is it wrong?\"\nIf only fame had an IV, baby, could I bear\nBeing away from you? I found the vein, put it in here\n\n[Pre-Chorus]\nI live for the applause, applause, applause\nI live for the applause-plause, live for the applause-plause\nLive for the way that you cheer and scream for me\nThe applause, applause, applause\n\n[Chorus]\nGive me that thing that I love (I'll turn the lights out)\n[Put your hands up, make 'em touch, touch](21756838) (Make it real loud)\nGive me that thing that I love (I'll turn the lights out)\n[Put your hands up, make 'em touch, touch](21756838) (Make it real loud)\n\n[Post-Chorus]\nA-P-P-L-A-U-S-E (Make it real loud)\nA-P-P-L-A-U-S-E\nPut your hands up, make 'em touch, touch\nA-P-P-L-A-U-S-E (Make it real loud)\nA-P-P-L-A-U-S-E\nPut your hands up, make 'em touch, touch\n[Verse 2]\nI've overheard your theory, \"Nostalgia's for geeks\"\nI guess sir, if you say so, some of us just like to read\nOne second I'm a Koons, then suddenly the Koons is me\nPop culture was in art, now art\u2019s in pop culture, in me\n\n[Pre-Chorus]\nI live for the applause, applause, applause\nI live for the applause-plause, live for the applause-plause\nLive for the way that you cheer and scream for me\nThe applause, applause, applause\n\n[Chorus]\nGive me that thing that I love (I'll turn the lights out)\nPut your hands up, make 'em touch, touch (Make it real loud)\nGive me that thing that I love (I'll turn the lights out)\nPut your hands up, make 'em touch, touch (Make it real loud)\n\n[Post-Chorus]\nA-P-P-L-A-U-S-E (Make it real loud)\nA-P-P-L-A-U-S-E\nPut your hands up, make 'em touch, touch\nA-P-P-L-A-U-S-E (Make it real loud)\nA-P-P-L-A-U-S-E\nPut your hands up, make 'em touch, touch\n[Bridge]\nWoo... touch, touch\nWoo... touch, touch\nNow... woo-oh-oh-oh...\nWoo-oh-oh-oh...\n\n[Pre-Chorus]\nI live for the applause, applause, applause\nI live for the applause-plause, live for the applause-plause\nLive for the way that you cheer and scream for me\nThe applause, applause, applause\n\n[Chorus]\nGive me that thing that I love (I'll turn the lights out)\n[Put your hands up, make 'em touch, touch](21756838) (Make it real loud)\nGive me that thing that I love (I'll turn the lights out)\n[Put your hands up, make 'em touch, touch](21756838) (Make it real loud)\n\n[Post-Chorus]\nA-P-P-L-A-U-S-E (Make it real loud)\nA-P-P-L-A-U-S-E\nPut your hands up, make 'em touch, touch\nA-P-P-L-A-U-S-E (Make it real loud)\nA-P-P-L-A-U-S-E\nPut your hands up, make 'em touch, touch\n[Outro]\nA-R-T-P-O-P"
}