{
 "_type": "song",
 "annotation_count": 7,
 "api_path": "/songs/78316",
 "full_title": "One More Night by\u00a0Maroon\u00a05",
 "header_image_thumbnail_url": "https://images.genius.com/316bd2e4fb4b3fd9b081196d556daa84.300x300x1.jpg",
 "header_image_url": "https://images.genius.com/316bd2e4fb4b3fd9b081196d556daa84.1000x1000x1.jpg",
 "id": 78316,
 "instrumental": false,
 "lyrics_owner_id": 11524,
 "lyrics_state": "complete",
 "lyrics_updated_at": 1606620205,
 "path": "/Maroon-5-one-more-night-lyrics",
 "pyongs_count": 59,
 "song_art_image_thumbnail_url": "https://images.genius.com/8ebc028058966ab7b4ebcd511ed0bada.300x300x1.jpg",
 "song_art_image_url": "https://images.genius.com/8ebc028058966ab7b4ebcd511ed0bada.953x953x1.jpg",
 "song_art_primary_color": null,
 "song_art_secondary_color": null,
 "song_art_text_color": null,
 "stats": {
  "unreviewed_annotations": 2,
  "hot": false,
  "pageviews": 1042713
 },
 "title": "One More Night",
 "title_with_featured": "One More Night",
 "updated_by_human_at": 1609784167,
 "url": "https://genius.com/Maroon-5-one-more-night-lyrics",
 "primary_artist": {
  "_type": "artist",
  "api_path": "/artists/13539",
  "header_image_url": "https://images.genius.com/dd99997ae884d898f17ca4f6e648bc22.1000x333x1.jpg",
  "id": 13539,
  "image_url": "https://images.genius.com/6780ce1add3af75c73929a8f6630e099.900x900x1.jpg",
  "index_character": "m",
  "is_meme_verified": false,
  "is_verified": false,
  "name": "Maroon 5",
  "slug": "Maroon-5",
  "url": "https://genius.com/artists/Maroon-5"
 },
 "artist": "Maroon 5",
 "lyrics": "[Intro]\nOoh, ooh ooh ooh, ooh ooh, ooh ooh\nOoh, ooh ooh ooh, ooh ooh, ooh ooh\n\n[Verse 1]\nYou and I go hard at each other like we're going to war\nYou and I go rough, we keep throwing things and slamming the doors\nYou and I get so damn dysfunctional, we stopped keeping score\nYou and I get sick, yeah, I know that we can't do this no more\n\n[Pre-Chorus]\nYeah but baby, there you go again, there you go again, making me love you\nYeah, I stopped using my head, using my head\nLet it all go\nGot you stuck on my body, on my body like a tattoo\nAnd now I'm feeling stupid, feeling stupid crawling back to you\n\n[Chorus]\nSo I cross my heart, and I hope to die\nThat I'll only stay with you one more night\nAnd I know I've said it a million times\nBut I'll only stay with you one more night\n\n[Verse 2]\nTry to tell you \"no\", but my body keeps on telling you \"yes\"\nTry to tell you \"stop\", but your lipstick got me so out of breath\nI'll be waking up in the morning, probably hating myself\nAnd I'll be waking up, feeling satisfied, but guilty as hell\n[Pre-Chorus]\nYeah but baby, there you go again, there you go again, making me love you (Making me love you)\nYeah, I stopped using my head, using my head\nLet it all go (Let it all go)\nGot you stuck on my body, on my body like a tattoo (Like a tattoo, yeah)\nAnd now I'm feeling stupid, feeling stupid crawling back to you\n\n[Chorus]\nSo I cross my heart, and I hope to die (Yeah)\nThat I'll only stay with you one more night (Oh)\nAnd I know I've said it a million times (Yeah)\nBut I'll only stay with you one more night (Yeah)\n\n[Bridge]\n(Ooh, ooh ooh ooh, ooh ooh, ooh ooh)\nYeah, baby, give me one more night\n(Ooh, ooh ooh ooh, ooh ooh, ooh ooh)\nYeah, baby, give me one more night (Whoa, yeah)\n(Ooh, ooh ooh ooh, ooh ooh, ooh ooh)\nYeah, baby, give me one more night\nOh yeah yeah\n\n[Pre-Chorus]\nBut baby, there you go again, there you go again, making me love you\nYeah, I stopped using my head, using my head\nLet it all go\nGot you stuck on my body, on my body like a tattoo, yeah, yeah, yeah, yeah\n[Chorus]\nSo I cross my heart, and I hope to die (Oh oh oh oh, oh oh oh oh)\nThat I'll only stay with you one more night (Oh oh oh oh oh oh)\nAnd I know I've said it a million times\n(Oh, I've said it a million times)\nBut I'll only stay with you one more night\n(Yeah, baby, give me one more night)\nSo I cross my heart and I hope to die (Yeah, yeah)\nThat I'll only stay with you one more night (Yeah, yeah)\nAnd I know I've said it a million times (Yeah, yeah)\nBut I'll only stay with you one more night (Yeah, yeah)\n\n[Outro]\nI dunno\nWhatever"
}