{
 "_type": "song",
 "annotation_count": 2,
 "api_path": "/songs/529602",
 "full_title": "Rap Critic Reviews: \"Love Me\" by Lil Wayne feat. Drake and Future by\u00a0Rap\u00a0Critic",
 "header_image_thumbnail_url": "https://images.genius.com/61cdd763a3379bad18bb10735332201d.300x169x1.jpg",
 "header_image_url": "https://images.genius.com/61cdd763a3379bad18bb10735332201d.1000x563x1.jpg",
 "id": 529602,
 "instrumental": false,
 "lyrics_owner_id": 1199361,
 "lyrics_state": "complete",
 "lyrics_updated_at": 1412534634,
 "path": "/Rap-critic-rap-critic-reviews-love-me-by-lil-wayne-feat-drake-and-future-lyrics",
 "pyongs_count": 2,
 "song_art_image_thumbnail_url": "https://images.genius.com/61cdd763a3379bad18bb10735332201d.300x169x1.jpg",
 "song_art_image_url": "https://images.genius.com/61cdd763a3379bad18bb10735332201d.1000x563x1.jpg",
 "song_art_primary_color": null,
 "song_art_secondary_color": null,
 "song_art_text_color": null,
 "stats": {
  "unreviewed_annotations": 1,
  "hot": false
 },
 "title": "Rap Critic Reviews: \u201cLove Me\u201d by Lil Wayne feat. Drake and Future",
 "title_with_featured": "Rap Critic Reviews: \"Love Me\" by Lil Wayne feat. Drake and Future",
 "updated_by_human_at": 1412534634,
 "url": "https://genius.com/Rap-critic-rap-critic-reviews-love-me-by-lil-wayne-feat-drake-and-future-lyrics",
 "primary_artist": {
  "_type": "artist",
  "api_path": "/artists/61312",
  "header_image_url": "https://images.genius.com/61cdd763a3379bad18bb10735332201d.1000x563x1.jpg",
  "id": 61312,
  "image_url": "https://images.genius.com/61cdd763a3379bad18bb10735332201d.1000x563x1.jpg",
  "index_character": "r",
  "is_meme_verified": false,
  "is_verified": true,
  "name": "Rap Critic",
  "slug": "Rap-critic",
  "url": "https://genius.com/artists/Rap-critic",
  "iq": 1277
 },
 "artist": "Rap Critic",
 "lyrics": "I'm on that good kush and alcohol\nI got some down bitches I can call\nI don't know what I would do without y'all\nImma ball 'til the day I fall (ball, ball, ball, ball)\nYeah, long as my bitches love me\n(Yeah, yeah)\n(Yeah, yeah)\nI can give a fuck 'bout no hater\nLong as my bitches love me\n(Yeah, yeah)\n(Yeah, yeah)\n(Yeah, yeah)\nYeah, I can give a fuck 'bout no nigga\nLong as these bitches love me\nUh, pussy ass nigga stop hating\nLil Tunechi got that fire\nAnd these hoes love me like Satan, man!\nYeah, fuck with me and get bodied\nAnd all she eat is dick\nShe's on a strict diet, that's my baby\nWith no makeup she a ten\nAnd she the best with that head\nEven better than Karrine\nShe don't want money\nShe want the time we could spend\nShe said, \"Cause I really need somebody\nSo tell me you're that somebody\"\nGirl, I fuck who I want and fuck who I don't\nGot that A1 credit and that fillet mignon\nShe said, \"I never wanna make you mad\nI just wanna make you proud.\"\nI said, \"Baby just make me cum,\nThen don't make a sound.\"\nI'm on that good kush and alcohol (Yeah)\nI got some down bitches I can call\nI don't know what I would do without y'all\nImma ball 'til the day I fall\nYeah, long as my bitches love me\n(Yeah, yeah)\n(Yeah, yeah)\nI can give a fuck 'bout no hater\nLong as my bitches love me\n(Yeah, yeah)\n(Yeah, yeah)\n(Yeah, yeah)\nYeah, I can give a fuck 'bout no niggas\nLong as these bitches love me\nUh, real nigga fuck these haters\nThese hoes got pussies like craters\nCan't treat these hoes like ladies, man!\nPussy, money, weed, codeine\nShe say my dick feel like morphine\nI hope my name taste like sardines to these niggas\nShe wake up, eat this dick\nCall that breakfast in bed\nI feel her heartbeat\nI chest to chest with this bitch\nNow turn around, face down\nI'm arrestin' this bitch\nYeah, all my bitches love me\nAnd I love all my bitches\nBut it's like as soon as I cum\nI come to my senses\nAnd I would say these hoes' names\nBut then I would be snitching\nAnd these haters try to knock me\nBut they can't knock me off the hinges, man!\n(Tunechi!)\nI'm on that good kush and alcohol\nI got some down bitches I can call\nI don't know what I would do without y'all\nImma ball 'til the day I fall\nYeah, long as my bitches love me\n(Yeah, yeah)\n(Yeah, yeah)\nI can give a fuck 'bout no hater\nLong as my bitches love me\n(Yeah, yeah)\n(Yeah, yeah)\n(Yeah, yeah)\nYeah, I can give a fuck 'bout...\nI lost a few good bitches\nMet some more bad bitches\nAnd I be schooling them niggas\nPose for your class picture\nNow kiss my ass if you hate\nI'm getting ass so I'm skating\nYeah\nI lost a few good bitches\nMet some more bad bitches\nAnd I be schooling them niggas\nPose for your class picture\nNow kiss my ass if you hate\nI'm getting ass so I'm skating\nBitch\nI'm on that good kush and alcohol\nI got some down bitches I can call\nI don't know what I would do without y'all\nImma ball 'til the day I fall\nYeah, long as my bitches love me\n(Yeah, yeah)\n(Yeah, yeah)\nI can give a fuck 'bout no hater\nLong as my bitches love me\n(Yeah, yeah)\n(Yeah, yeah)\n(Yeah, yeah)\nYeah, I can give a fuck 'bout no niggas\nLong as these bitches love me"}