{
 "_type": "song",
 "annotation_count": 3,
 "api_path": "/songs/118464",
 "full_title": "Harlem Shake by\u00a0Baauer",
 "header_image_thumbnail_url": "https://images.rapgenius.com/355ca06cba541443e8234381537159a1.220x220x1.jpg",
 "header_image_url": "https://images.rapgenius.com/355ca06cba541443e8234381537159a1.220x220x1.jpg",
 "id": 118464,
 "instrumental": false,
 "lyrics_owner_id": 2568934,
 "lyrics_state": "complete",
 "lyrics_updated_at": 1577475371,
 "path": "/Baauer-harlem-shake-lyrics",
 "pyongs_count": 7,
 "song_art_image_thumbnail_url": "https://images.rapgenius.com/355ca06cba541443e8234381537159a1.220x220x1.jpg",
 "song_art_image_url": "https://images.rapgenius.com/355ca06cba541443e8234381537159a1.220x220x1.jpg",
 "song_art_primary_color": null,
 "song_art_secondary_color": null,
 "song_art_text_color": null,
 "stats": {
  "unreviewed_annotations": 0,
  "hot": false,
  "pageviews": 81345
 },
 "title": "Harlem Shake",
 "title_with_featured": "Harlem Shake",
 "updated_by_human_at": 1602959160,
 "url": "https://genius.com/Baauer-harlem-shake-lyrics",
 "primary_artist": {
  "_type": "artist",
  "api_path": "/artists/32785",
  "header_image_url": "https://s3.amazonaws.com/rapgenius/baauer-slip-380.jpg",
  "id": 32785,
  "image_url": "https://s3.amazonaws.com/rapgenius/baauer-slip-380.jpg",
  "index_character": "b",
  "is_meme_verified": false,
  "is_verified": true,
  "name": "Baauer",
  "slug": "Baauer",
  "url": "https://genius.com/artists/Baauer",
  "iq": 115
 },
 "artist": "Baauer",
 "lyrics": "[Pre-Chorus]\nCon los terroristas, -tas, -tas, -tas\n-tas -tas -tas -tas, -tas -tas -tas -tas -tas\n\n[Chorus]\nThen do the Harlem Shake (Shake!)\nEy (Shake!), con los terroristas\nEy (Shake!), ey (Shake!)\nEy (Shake!), ey (Shake!)\nEy (Shake!), ey (Shake!)\n\n[Pre-Chorus]\n(Shake!) -tas, (Shake!) -tas, -tas, (Shake!) -tas, -tas, -tas, -tas\n-tas, -tas, (Shake!) -tas, -tas, (Shake!) -tas, -tas, -tas, -tas\n-tas, -tas, -tas, -tas, -tas -tas -tas -tas -tas -tas -tas -tas -tas\n\n[Chorus]\nThen do the Harlem Shake (Shake!)\nEy (Shake!), con los terroristas\nEy, (Shake!) ey (Shake!)\n\n[Outro]\nShake, shake\nShake, ey (Shake!)\nEy (Shake!), ey (Shake!)\nEy (Shake!)"
}