{
 "_type": "song",
 "annotation_count": 13,
 "api_path": "/songs/114854",
 "full_title": "My Songs Know What You Did in the Dark (Light 'Em Up) by\u00a0Fall\u00a0Out Boy",
 "header_image_thumbnail_url": "https://images.genius.com/96ec7fb3875fd58a6992772e5875d709.300x300x1.jpg",
 "header_image_url": "https://images.genius.com/96ec7fb3875fd58a6992772e5875d709.600x600x1.jpg",
 "id": 114854,
 "instrumental": false,
 "lyrics_owner_id": 162064,
 "lyrics_state": "complete",
 "lyrics_updated_at": 1616082542,
 "path": "/Fall-out-boy-my-songs-know-what-you-did-in-the-dark-light-em-up-lyrics",
 "pyongs_count": 84,
 "song_art_image_thumbnail_url": "https://images.genius.com/96ec7fb3875fd58a6992772e5875d709.300x300x1.jpg",
 "song_art_image_url": "https://images.genius.com/96ec7fb3875fd58a6992772e5875d709.600x600x1.jpg",
 "song_art_primary_color": null,
 "song_art_secondary_color": null,
 "song_art_text_color": null,
 "stats": {
  "unreviewed_annotations": 1,
  "hot": false,
  "pageviews": 251416
 },
 "title": "My Songs Know What You Did in the Dark (Light \u2019Em Up)",
 "title_with_featured": "My Songs Know What You Did in the Dark (Light 'Em Up)",
 "updated_by_human_at": 1616082542,
 "url": "https://genius.com/Fall-out-boy-my-songs-know-what-you-did-in-the-dark-light-em-up-lyrics",
 "primary_artist": {
  "_type": "artist",
  "api_path": "/artists/7811",
  "header_image_url": "https://images.genius.com/137599f0e17abe68d83057040170c06f.1000x525x1.jpg",
  "id": 7811,
  "image_url": "https://images.genius.com/e1c483449158dcdf208ef1d462e3fb0b.1000x1000x1.jpg",
  "index_character": "f",
  "is_meme_verified": true,
  "is_verified": true,
  "name": "Fall Out Boy",
  "slug": "Fall-out-boy",
  "url": "https://genius.com/artists/Fall-out-boy",
  "iq": 24298
 },
 "artist": "Fall Out Boy",
 "lyrics": "[Intro]\nOh-oh-oh-oh-oh, oh-oh-oh-oohohh\nOh-oh-oh-oh-oh, oh-oh-oh-oohohh\n\n[Verse 1]\nB-B-Be careful making wishes in the dark, dark\nCan't be sure when they've hit their mark\nAnd besides in the mean-meantime, I'm just\nDreaming of tearing you apart\nI'm in the de-details with the devil\nSo now, the world can never get me on my level\nI just got to get you out the cage, I'm a young lover's rage\nGonna need a spark to ignite\n\n[Pre-Chorus]\nBut my songs know what you did in the dark\n\n[Chorus]\nSo light 'em up, up, up\nLight 'em up, up, up\nLight 'em up, up, up\nI'm on fire!\nSo light 'em up, up, up\nLight 'em up, up, up\nLight 'em up, up, up\nI'm on fire!\nOh-oh-oh-oh-oh, oh-oh-oh-oohohh\nIn the dark, dark\nOh-oh-oh-oh-oh, oh-oh-oh-oohohh\nIn the dark, dark\n[Verse 2]\nThe writers keep writing what they write\nSomewhere another pretty vein just died (Died)\nI've got the scars from tomorrow and I wish you could see\nThat you're the antidote to everything except for me\nA constellation of tears on your lashes\nBurn everything you love then burn the ashes\nIn the end everything collides, my childhood\nSpat back out the monster that you see\n\n[Pre-Chorus]\nMy songs know what you did in the dark\n\n[Chorus]\nSo light 'em up, up, up\nLight 'em up, up, up\nLight 'em up, up, up\nI'm on fire!\nSo light 'em up, up, up\nLight 'em up, up, up\nLight 'em up, up, up\nI'm on fire!\nOh-oh-oh-oh-oh, oh-oh-oh-oohohh\nIn the dark, dark\nOh-oh-oh-oh-oh, oh-oh-oh-oohohh\nIn the dark, dark\n[Pre-Chorus]\nMy songs know what you did in the dark\n(My songs know what you did in the dark)\n\n[Chorus]\nSo light 'em up, up, up\nLight 'em up, up, up\nLight 'em up, up, up\nI'm on fire!\nSo light 'em up, up, up\nLight 'em up, up, up\nLight 'em up, up, up\nI'm on fire!\nOh-oh-oh-oh-oh, oh-oh-oh-oohohh\nIn the dark, dark\nOh-oh-oh-oh-oh, oh-oh-oh-oohohh\nIn the dark, dark\nOh-oh-oh-oh-oh, oh-oh-oh-oohohh"
}