{
 "_type": "song",
 "annotation_count": 42,
 "api_path": "/songs/93539",
 "full_title": "Fuckin' Problems by\u00a0A$AP\u00a0Rocky (Ft.\u00a02\u00a0Chainz, Drake & Kendrick\u00a0Lamar)",
 "header_image_thumbnail_url": "https://images.genius.com/b0946c2ceb53c735b31de9245829dfd9.300x300x1.png",
 "header_image_url": "https://images.genius.com/b0946c2ceb53c735b31de9245829dfd9.1000x1000x1.png",
 "id": 93539,
 "instrumental": false,
 "lyrics_owner_id": 458792,
 "lyrics_state": "complete",
 "lyrics_updated_at": 1616418964,
 "path": "/A-ap-rocky-fuckin-problems-lyrics",
 "pyongs_count": 727,
 "song_art_image_thumbnail_url": "https://images.genius.com/b0946c2ceb53c735b31de9245829dfd9.300x300x1.png",
 "song_art_image_url": "https://images.genius.com/b0946c2ceb53c735b31de9245829dfd9.1000x1000x1.png",
 "song_art_primary_color": null,
 "song_art_secondary_color": null,
 "song_art_text_color": null,
 "stats": {
  "unreviewed_annotations": 0,
  "concurrents": 6,
  "hot": false,
  "pageviews": 7611004
 },
 "title": "Fuckin\u2019 Problems",
 "title_with_featured": "Fuckin' Problems (Ft.\u00a02\u00a0Chainz, Drake & Kendrick\u00a0Lamar)",
 "updated_by_human_at": 1616418962,
 "url": "https://genius.com/A-ap-rocky-fuckin-problems-lyrics",
 "primary_artist": {
  "_type": "artist",
  "api_path": "/artists/12417",
  "header_image_url": "https://images.genius.com/4631ca30c1de3b660f5e2492e9dcbc85.1000x333x1.jpg",
  "id": 12417,
  "image_url": "https://images.genius.com/f20bb1eec5e435894d2818613d46265e.1000x1000x1.jpg",
  "index_character": "a",
  "is_meme_verified": false,
  "is_verified": true,
  "name": "A$AP Rocky",
  "slug": "A-ap-rocky",
  "url": "https://genius.com/artists/A-ap-rocky",
  "iq": 29116
 },
 "artist": "A$AP Rocky",
 "lyrics": "[Chorus: 2 Chainz, Drake, Both & A$AP Rocky]\nI love bad bitches, that's my fuckin' problem (Problem)\nAnd yeah, I like to fuck, I got a fuckin' problem (Problem)\nI love bad bitches, that's my fuckin' problem (Problem)\nAnd yeah, I like to fuck, I got a fuckin' problem (Problem)\nI love bad bitches, that's my fuckin' problem (Problem)\nAnd yeah, I like to fuck, I got a fuckin' problem (Problem)\nIf findin' somebody real is your fuckin' problem (Yeah)\nBring your girls to the crib, maybe we can solve it, ayy\n[Verse 1: A$AP Rocky]\nHold up, bitches simmer down (Uh)\nTakin' hella long, bitch, give it to me now (Uh)\nMake that thing pop like a semi or a 9\nOoh, baby like it raw with the shimmy shimmy ya, huh?\nA$AP (Yeah), get like me (Uh)\nNever met a motherfucker fresh like me (Yeah)\nAll these motherfuckers wanna dress like me (Uh)\nBut the chrome to your dome make you sweat like Keith\n\u2018Cause I'm the nigga, the nigga, nigga, like how you figure? (Yeah)\nGettin' figures and fuckin' bitches, she rollin' Swishers\nBrought her bitches, I brought my niggas (Uh)\nThey gettin' bent up off the liquor (Uh)\nShe love my licorice, I let her lick it (Alright)\nThey say money make a nigga act niggerish (Uh)\nBut least a nigga, nigga rich\nI be fuckin' broads like I be fuckin' bored\nTurn a dyke bitch out, have her fuckin' boys, beast\n[Chorus: 2 Chainz, Drake & Both]\nI love bad bitches, that's my fuckin' problem (Problem)\nAnd yeah, I like to fuck, I got a fuckin' problem (Problem)\nI love bad bitches, that's my fuckin' problem (Problem)\nAnd yeah, I like to fuck, I got a fuckin' problem (Problem)\nI love bad bitches, that's my fuckin' problem (Problem)\nAnd yeah, I like to fuck, I got a fuckin' problem (Problem)\nIf findin' somebody real is your fuckin' problem\nBring your girls to the crib, maybe we can solve it, ayy\n\n[Verse 2: Drake]\nOoh, I know you love it when this beat is on\nMake you think about all of the niggas you been leadin' on\nMake me think about all of the rappers I've been feedin' on\nGot a feelin' that's the same dudes that we speakin' on, oh word?\nAin't heard my album? Who you sleepin' on?\nYou should print the lyrics out and have a fuckin' read-along\nAin't a fuckin' sing-along 'less you brought the weed along\nThen ju-, okay, I got it\nThen just drop down and get your eagle on\nOr we can stare up at the stars and put the Beatles on\nAll that shit you talkin' 'bout is not up for discussion\nI will pay to make it bigger, I don't pay for no reduction\nIf it's comin' from a nigga I don't know, then I don't trust it\nIf you comin' for my head, then motherfucker get to bustin'\nYes, Lord, I don't really say this often\nBut this long-dick nigga ain't for the long talkin', I'm beast\n[Chorus: 2 Chainz, Drake & Both]\nI love bad bitches, that's my fuckin' problem (Problem)\nAnd yeah, I like to fuck, I got a fuckin' problem (Problem)\nI love bad bitches, that's my fuckin' problem (Problem)\nAnd yeah, I like to fuck, I got a fuckin' problem (Problem)\nI love bad bitches, that's my fuckin' problem (Problem)\nAnd yeah, I like to fuck, I got a fuckin' problem (Problem)\nIf findin' somebody real is your fuckin' problem\nBring your girls to the crib, maybe we can solve it\n[Verse 3: Kendrick Lamar]\nUh, yeah, ho, this the finale\nMy pep talk turn into a pep rally\nSay she from the hood but she live inside in the valley, now\nVacay'd in Atlanta, then she goin' back to Cali (Mmm)\nGot your girl on my line, world on my line\nThe irony, I fuck 'em at the same damn time\nShe eyein' me like a nigga don't exist\nGirl, I know you want this dick\nGirl, I'm Kendrick Lamar (Mmm)\nA.K.A. Benz is to me just a car (Mmm)\nThat mean your friends-es need be up to par\nSee, my standards are pampered by threesomes tomorrow (Mmm) Kill 'em all, dead bodies in the hallway\nDon't get involved, listen what the crystal ball say\nHalle Berry, hallelujah\nHoller back, I'll do ya, beast\n[Chorus: 2 Chainz, Drake & Both]\nI love bad bitches, that's my fuckin' problem (Problem)\nAnd yeah, I like to fuck, I got a fuckin' problem (Problem)\nI love bad bitches, that's my fuckin' problem (Problem)\nAnd yeah, I like to fuck, I got a fuckin' problem (Problem)\nI love bad bitches, that's my fuckin' problem (Problem)\nAnd yeah, I like to fuck, I got a fuckin' problem (Problem)\nIf findin' somebody real is your fuckin' problem\nBring your girls to the crib, maybe we can solve it, ayy\n[Produced by 40 & Drake]"
}