{
 "_type": "song",
 "annotation_count": 8,
 "api_path": "/songs/77735",
 "full_title": "Beauty and a Beat by\u00a0Justin\u00a0Bieber (Ft.\u00a0Nicki\u00a0Minaj)",
 "header_image_thumbnail_url": "https://images.genius.com/f78103ada196b2a169e891c7f799d371.300x300x1.jpg",
 "header_image_url": "https://images.genius.com/f78103ada196b2a169e891c7f799d371.1000x1000x1.jpg",
 "id": 77735,
 "instrumental": false,
 "lyrics_owner_id": 11524,
 "lyrics_state": "complete",
 "lyrics_updated_at": 1615017036,
 "path": "/Justin-bieber-beauty-and-a-beat-lyrics",
 "pyongs_count": 44,
 "song_art_image_thumbnail_url": "https://images.genius.com/e21e70977fc91c24c61ac07d51e82fcd.300x300x1.jpg",
 "song_art_image_url": "https://images.genius.com/e21e70977fc91c24c61ac07d51e82fcd.1000x1000x1.jpg",
 "song_art_primary_color": null,
 "song_art_secondary_color": null,
 "song_art_text_color": null,
 "stats": {
  "unreviewed_annotations": 0,
  "hot": false,
  "pageviews": 565206
 },
 "title": "Beauty and a Beat",
 "title_with_featured": "Beauty and a Beat (Ft.\u00a0Nicki\u00a0Minaj)",
 "updated_by_human_at": 1615017036,
 "url": "https://genius.com/Justin-bieber-beauty-and-a-beat-lyrics",
 "primary_artist": {
  "_type": "artist",
  "api_path": "/artists/357",
  "header_image_url": "https://images.genius.com/be2c60bdfb3ea6844a46cc5873c75b89.1000x563x1.jpg",
  "id": 357,
  "image_url": "https://images.genius.com/8c95afb142e16e2e053b4384514dc339.938x938x1.png",
  "index_character": "j",
  "is_meme_verified": true,
  "is_verified": true,
  "name": "Justin Bieber",
  "slug": "Justin-bieber",
  "url": "https://genius.com/artists/Justin-bieber",
  "iq": 1533
 },
 "artist": "Justin Bieber",
 "lyrics": "[Intro: Nicki Minaj]\nYeah, Young Money, Nicki Minaj, Justin, rrr\n\n[Verse 1: Justin Bieber]\nShow you off\nTonight, I wanna show you off (Ayy-ayy-ayy)\nWhat you got\nA billion could've never bought (Ayy-ayy-ayy)\n\n[Pre-Chorus: Justin Bieber]\nWe gonna party like it's 3012 tonight\nI wanna show you all the finer things in life\nSo just forget about the world, we young tonight\nI'm coming for ya, I'm coming for ya\n\n[Chorus: Justin Bieber]\n'Cause all I need is a beauty and a beat\nWho can make my life complete\nIt's all 'bout you\nWhen the music makes you move\nBaby, do it like you do\n\n[Verse 2: Justin Bieber]\nBody rock\nGirl, I can feel your body rock (Ayy-ayy-ayy)\nTake a bow\nYou're on the hottest ticket now, ooh (Ayy-ayy-ayy)\n[Pre-Chorus: Justin Bieber]\nWe gonna party like it's 3012 tonight\nI want to show you all the finer things in life\nSo just forget about the world, we young tonight\nI'm coming for ya, I'm coming for ya\n\n[Chorus: Justin Bieber]\n'Cause all I need is a beauty and a beat\nWho can make my life complete\nIt's all 'bout you\nWhen the music makes you move\nBaby, do it like you do\n\n[Verse 3: Nicki Minaj]\nUh, uh\nIn time, ink lines\nBitches couldn't get on my incline\nWorld tours, it's mine\nTen little letters on a big sign\nJustin Bieber, you know I'ma hit 'em with the ether\nBuns out, wiener, but I gotta keep an eye out for Selener\nBeauty, beauty and the beast\nBeauty from the East\nBeautiful confessions of the priest\nBeast, beauty from the streets, beat will get deceased\nEvery time Beauty on the beat eats\n[Break: Justin Bieber & Nicki Minaj]\nBody rock (Yeah, yeah, yeah)\nGirl, I wanna feel your body rock (Let's go, let's go)\n\n[Chorus: Justin Bieber]\n'Cause all (All I need is love), I need is a beauty and a beat\nWho can make my life complete (Whoa-oh-oh)\nIt's all 'bout you (All I need is you)\nWhen the music makes you move\nBaby, do it like you do"
}