{
 "_type": "song",
 "annotation_count": 3,
 "api_path": "/songs/91686",
 "full_title": "Sweet Nothing by\u00a0Calvin\u00a0Harris (Ft.\u00a0Florence\u00a0Welch)",
 "header_image_thumbnail_url": "https://images.genius.com/4dba3e56f7a315d4d67b5663abaed60b.300x300x1.jpg",
 "header_image_url": "https://images.genius.com/4dba3e56f7a315d4d67b5663abaed60b.1000x1000x1.jpg",
 "id": 91686,
 "instrumental": false,
 "lyrics_owner_id": 65890,
 "lyrics_state": "complete",
 "lyrics_updated_at": 1613760973,
 "path": "/Calvin-harris-sweet-nothing-lyrics",
 "pyongs_count": 34,
 "song_art_image_thumbnail_url": "https://images.genius.com/4c1827d0e0397a0a75567697e3ed9615.300x300x1.jpg",
 "song_art_image_url": "https://images.genius.com/4c1827d0e0397a0a75567697e3ed9615.1000x1000x1.jpg",
 "song_art_primary_color": null,
 "song_art_secondary_color": null,
 "song_art_text_color": null,
 "stats": {
  "unreviewed_annotations": 1,
  "hot": false,
  "pageviews": 161520
 },
 "title": "Sweet Nothing",
 "title_with_featured": "Sweet Nothing (Ft.\u00a0Florence\u00a0Welch)",
 "updated_by_human_at": 1613760973,
 "url": "https://genius.com/Calvin-harris-sweet-nothing-lyrics",
 "primary_artist": {
  "_type": "artist",
  "api_path": "/artists/2069",
  "header_image_url": "https://images.genius.com/7dd591bc0e15efdb391751cfd33170e5.820x312x1.png",
  "id": 2069,
  "image_url": "https://images.genius.com/5a4c19533211eca706c6abdef9f14586.960x960x1.jpg",
  "index_character": "c",
  "is_meme_verified": false,
  "is_verified": true,
  "name": "Calvin Harris",
  "slug": "Calvin-harris",
  "url": "https://genius.com/artists/Calvin-harris",
  "iq": 160
 },
 "artist": "Calvin Harris",
 "lyrics": "[Verse 1]\nYou took my heart, and you held it in your mouth\nAnd with a word, all my love came rushing out\nAnd every whisper, it's the worst\nEmptied out by a single word\nThere is a hollow in me now\n\n[Chorus]\nSo I'll put my faith in something unknown\nI'm living on such sweet nothing\nBut I'm tired of hope with nothing to hold\nI'm living on such sweet nothing\nAnd it's hard to learn, and it's hard to love\nWhen you're giving me such sweet nothing\nSweet nothing, sweet nothing\nYou're giving me such sweet nothing\n\n[Verse 2]\nIt isn't easy for me to let it go\n'Cause I've swallowed every single word\nAnd every whisper, every sigh\nEats away at this heart of mine\nAnd there is a hollow in me now\n\n[Chorus]\nSo I'll put my faith in something unknown\nI'm living on such sweet nothing\nBut I'm tired of hope with nothing to hold\nI'm living on such sweet nothing\nAnd it's hard to learn, and it's hard to love\nWhen you're giving me such sweet nothing\nSweet nothing, sweet nothing\nYou're giving me such sweet nothing\n[Bridge]\nAnd it's not enough to tell me that you care\nWhen we both know the words are empty air\nYou give me nothing\nNothing\n\n[Outro]\nSweet nothing\nSweet nothing"
}