{
 "_type": "song",
 "annotation_count": 1,
 "api_path": "/songs/1837712",
 "full_title": "Summertime Sadness (Cedric Gervais Remix) by\u00a0Lana\u00a0Del Rey",
 "header_image_thumbnail_url": "https://images.genius.com/799a7e0598e6ca3300739b0a1674d601.300x300x1.jpg",
 "header_image_url": "https://images.genius.com/799a7e0598e6ca3300739b0a1674d601.1000x1000x1.jpg",
 "id": 1837712,
 "instrumental": false,
 "lyrics_owner_id": 1549345,
 "lyrics_state": "complete",
 "lyrics_updated_at": 1547684056,
 "path": "/Lana-del-rey-summertime-sadness-cedric-gervais-remix-lyrics",
 "pyongs_count": 2,
 "song_art_image_thumbnail_url": "https://images.genius.com/799a7e0598e6ca3300739b0a1674d601.300x300x1.jpg",
 "song_art_image_url": "https://images.genius.com/799a7e0598e6ca3300739b0a1674d601.1000x1000x1.jpg",
 "song_art_primary_color": null,
 "song_art_secondary_color": null,
 "song_art_text_color": null,
 "stats": {
  "unreviewed_annotations": 0,
  "hot": false,
  "pageviews": 7614
 },
 "title": "Summertime Sadness (Cedric Gervais Remix)",
 "title_with_featured": "Summertime Sadness (Cedric Gervais Remix)",
 "updated_by_human_at": 1614467584,
 "url": "https://genius.com/Lana-del-rey-summertime-sadness-cedric-gervais-remix-lyrics",
 "primary_artist": {
  "_type": "artist",
  "api_path": "/artists/15740",
  "header_image_url": "https://images.genius.com/2f1d1b6c766796ef4f9c1f468ee791f3.820x461x1.jpg",
  "id": 15740,
  "image_url": "https://images.genius.com/f22e404e02f52fb5ad0bb8dbd522351f.1000x1000x1.jpg",
  "index_character": "l",
  "is_meme_verified": false,
  "is_verified": false,
  "name": "Lana Del Rey",
  "slug": "Lana-del-rey",
  "url": "https://genius.com/artists/Lana-del-rey"
 },
 "artist": "Lana Del Rey",
 "lyrics": "I got my red dress on tonight\nDancin' in the dark in the pale moonlight\nDone my hair up real big, beauty queen style\nHigh heels off, I'm feelin' alive\n\nOh my God, I feel it in the air\nTelephone wires above\nAre sizzlin' like a snare\nHoney I'm on fire, I feel it everywhere\nNothin' scares me anymore\n\nKiss me hard before you go\nSummertime sadness\nI just wanted you to know\nThat baby, you the best\n\nI got that summertime, summertime sadness\nSu-su-summertime, summertime sadness\nGot that summertime, summertime sadness\n\nI'm feelin' electric tonight\nCruisin' down the coast, goin' about 99\nGot my bad baby by my heavenly side\nI know if I go, I'll die happy tonight\n\nOh my God, I feel it in the air\nTelephone wires above\nAre sizzlin' like a snare\nHoney I'm on fire, I feel it everywhere\nNothin' scares me anymore\nKiss me hard before you go\nSummertime sadness\nI just wanted you to know\nThat baby, you the best\n\nI got that summertime, summertime sadness\nSu-su-summertime, summertime sadness\nGot that summertime, summertime sadness"
}