{
 "_type": "song",
 "annotation_count": 3,
 "api_path": "/songs/150933",
 "full_title": "Home by\u00a0Phillip\u00a0Phillips",
 "header_image_thumbnail_url": "https://images.genius.com/6d4a852860d87e71e53bc191f00f7e65.300x300x1.jpg",
 "header_image_url": "https://images.genius.com/6d4a852860d87e71e53bc191f00f7e65.1000x1000x1.jpg",
 "id": 150933,
 "instrumental": false,
 "lyrics_owner_id": 8534,
 "lyrics_state": "complete",
 "lyrics_updated_at": 1607996576,
 "path": "/Phillip-phillips-home-lyrics",
 "pyongs_count": 12,
 "song_art_image_thumbnail_url": "https://images.genius.com/9bbd30569455521558c797e553ecace1.300x300x1.jpg",
 "song_art_image_url": "https://images.genius.com/9bbd30569455521558c797e553ecace1.1000x1000x1.jpg",
 "song_art_primary_color": null,
 "song_art_secondary_color": null,
 "song_art_text_color": null,
 "stats": {
  "unreviewed_annotations": 1,
  "hot": false,
  "pageviews": 94205
 },
 "title": "Home",
 "title_with_featured": "Home",
 "updated_by_human_at": 1607996576,
 "url": "https://genius.com/Phillip-phillips-home-lyrics",
 "primary_artist": {
  "_type": "artist",
  "api_path": "/artists/49866",
  "header_image_url": "https://images.genius.com/7a1007619c7e0dd0357c324a4b315ec9.1000x333x1.jpg",
  "id": 49866,
  "image_url": "https://images.genius.com/79f090fbbff6f2360c849b6868fb2d91.400x400x1.jpg",
  "index_character": "p",
  "is_meme_verified": false,
  "is_verified": false,
  "name": "Phillip Phillips",
  "slug": "Phillip-phillips",
  "url": "https://genius.com/artists/Phillip-phillips"
 },
 "artist": "Phillip Phillips",
 "lyrics": "[Verse]\nHold on, to me as we go\nAs we roll down this unfamiliar road\nAnd although this wave (wave) is stringing us along\nJust know you're not alone\n'Cause I'm gonna make this place your home\n\n[Pre-Chorus]\nSettle down, it'll all be clear\nDon't pay no mind to the demons\nThey fill you with fear\nThe trouble it might drag you down\nIf you get lost, you can always be found\n\n[Chorus]\nJust know you're not alone\n'Cause I'm gonna make this place your home\nOoo-oo-oo-oo-oo-oo-oo, Oo-oo-oo-oo\nOoo-oo-oo-oo-oo-oo-oo\nAaa-aa-aa-aa-aa-aa-aa, Aa-aa-aa-aaaaaa\nAaa-aa-aa-aa-aa-aa-aa\nAaa-aa-aa-aa-aa-aa-aa, Aa-aa-aa-aaaaaa\nAaa-aa-aa-aa-aa-aa-aa\nAaa-aa-aa-aa-aa-aa-aa\n\n[Pre-Chorus]\nSettle down, it'll all be clear\nDon't pay no mind to the demons\nThey fill you with fear\nThe trouble it might drag you down\nIf you get lost, you can always be found\n[Chorus]\nJust know you're not alone\n'Cause I'm gonna make this place your home\nAaa-aa-aa-aa-aa-aa-aa, Aa-aa-aa-aaaaaa\nAaa-aa-aa-aa-aa-aa-aa\nAaa-aa-aa-aa-aa-aa-aa\nAaa-aa-aa-aa-aa-aa-aa, Aa-aa-aa-aaaaaa\nAaa-aa-aa-aa-aa-aa-aa\n\n[Outro]\nAaa-aa-aa-aa-aa-aa-aa\nAaa-aa-aa-aa-aa-aa-aa, Aa-aa-aa-aaaaaa\nAaa-aa-aa-aa-aa-aa-aa"
}