{
 "_type": "song",
 "annotation_count": 12,
 "api_path": "/songs/109198",
 "full_title": "It's Time by\u00a0Imagine\u00a0Dragons",
 "header_image_thumbnail_url": "https://images.genius.com/422d2f9339593d6a7cb040a561ed7dd5.300x300x1.jpg",
 "header_image_url": "https://images.genius.com/422d2f9339593d6a7cb040a561ed7dd5.500x500x1.jpg",
 "id": 109198,
 "instrumental": false,
 "lyrics_owner_id": 172611,
 "lyrics_state": "complete",
 "lyrics_updated_at": 1585440199,
 "path": "/Imagine-dragons-its-time-lyrics",
 "pyongs_count": 96,
 "song_art_image_thumbnail_url": "https://images.genius.com/422d2f9339593d6a7cb040a561ed7dd5.300x300x1.jpg",
 "song_art_image_url": "https://images.genius.com/422d2f9339593d6a7cb040a561ed7dd5.500x500x1.jpg",
 "song_art_primary_color": null,
 "song_art_secondary_color": null,
 "song_art_text_color": null,
 "stats": {
  "unreviewed_annotations": 0,
  "hot": false,
  "pageviews": 297766
 },
 "title": "It\u2019s Time",
 "title_with_featured": "It's Time",
 "updated_by_human_at": 1606781268,
 "url": "https://genius.com/Imagine-dragons-its-time-lyrics",
 "primary_artist": {
  "_type": "artist",
  "api_path": "/artists/29472",
  "header_image_url": "https://images.genius.com/c473cf5623f679f213e3c6e2e59b9297.1000x375x1.jpg",
  "id": 29472,
  "image_url": "https://images.genius.com/e3c19e5979960875de2b85e4dc289118.1000x1000x1.jpg",
  "index_character": "i",
  "is_meme_verified": false,
  "is_verified": false,
  "name": "Imagine Dragons",
  "slug": "Imagine-dragons",
  "url": "https://genius.com/artists/Imagine-dragons"
 },
 "artist": "Imagine Dragons",
 "lyrics": "[Verse 1]\nSo this is what you meant\nWhen you said that you were spent\nAnd now it's time to build from the bottom of the pit\nRight to the top\nDon't hold back\nPacking my bags and giving the academy a rain check\n\n[Pre-Chorus]\nI don't ever wanna let you down\nI don't ever wanna leave this town\n'Cause after all\nThis city never sleeps at night\n\n[Chorus]\nIt's time to begin, isn't it?\nI get a little bit bigger, but then I'll admit\nI'm just the same as I was\nNow don't you understand\nThat I'm never changing who I am\n\n[Verse 2]\nSo this is where you fell\nAnd I am left to sell\nThe path to heaven runs through miles of clouded hell\nRight to the top\nDon't look back\nTurn in the rags and giving the commodities a rain check\n[Pre-Chorus]\nI don't ever wanna let you down\nI don't ever wanna leave this town\n'Cause after all\nThis city never sleeps at night\n\n[Chorus]\nIt's time to begin, isn't it?\nI get a little bit bigger, but then I'll admit\nI'm just the same as I was\nNow don't you understand\nThat I'm never changing who I am\nIt's time to begin, isn't it?\nI get a little bit bigger, but then I'll admit\nI'm just the same as I was\nNow don't you understand\nThat I'm never changing who I am\n\n[Bridge]\nThis road never looked so lonely\nThis house doesn't burn down slowly\nTo ashes, to ashes\n\n[Chorus]\nIt's time to begin, isn't it?\nI get a little bit bigger, but then I'll admit\nI'm just the same as I was\nNow don't you understand\nThat I'm never changing who I am\nIt's time to begin, isn't it?\nI get a little bit bigger, but then I'll admit\nI'm just the same as I was\nNow don't you understand\nThat I'm never changing who I am"
}