{
 "_type": "song",
 "annotation_count": 22,
 "api_path": "/songs/118063",
 "full_title": "Power Trip by\u00a0J.\u00a0Cole (Ft.\u00a0Miguel)",
 "header_image_thumbnail_url": "https://images.genius.com/89afbcd944c4799eb8844b5e95b3ee93.300x300x1.jpg",
 "header_image_url": "https://images.genius.com/89afbcd944c4799eb8844b5e95b3ee93.1000x1000x1.jpg",
 "id": 118063,
 "instrumental": false,
 "lyrics_owner_id": 149650,
 "lyrics_state": "complete",
 "lyrics_updated_at": 1583017603,
 "path": "/J-cole-power-trip-lyrics",
 "pyongs_count": 395,
 "song_art_image_thumbnail_url": "https://images.rapgenius.com/6bxjwbfqghm9jqrtqt3d5l94y.300x300x1.jpg",
 "song_art_image_url": "https://images.rapgenius.com/6bxjwbfqghm9jqrtqt3d5l94y.612x612x1.jpg",
 "song_art_primary_color": null,
 "song_art_secondary_color": null,
 "song_art_text_color": null,
 "stats": {
  "unreviewed_annotations": 0,
  "hot": false,
  "pageviews": 3753655
 },
 "title": "Power Trip",
 "title_with_featured": "Power Trip (Ft.\u00a0Miguel)",
 "updated_by_human_at": 1606546091,
 "url": "https://genius.com/J-cole-power-trip-lyrics",
 "primary_artist": {
  "_type": "artist",
  "api_path": "/artists/69",
  "header_image_url": "https://images.genius.com/b4ced5fc34166c4798ae3a0e23aaa13d.1000x261x1.jpg",
  "id": 69,
  "image_url": "https://images.genius.com/9e6f453d188d0b0a3046f0898f4101f2.1000x1000x1.jpg",
  "index_character": "j",
  "is_meme_verified": true,
  "is_verified": true,
  "name": "J. Cole",
  "slug": "J-cole",
  "url": "https://genius.com/artists/J-cole",
  "iq": 505
 },
 "artist": "J. Cole",
 "lyrics": "[Chorus 1: J. Cole]\nGot me up all night\nAll I'm singin' is love songs\nShe got me up all night\nConstant drinkin' and love songs\nShe got me up all night\nDown-and-out with these love songs\nShe got me up all night\nDrownin' out with these love songs\nShe got me up all night (Yeah)\nAll I'm singin' is love songs\nShe got me up all night (Yeah)\nConstant drinkin' and love songs\nShe got me up all night (Yeah)\nDown-and-out with these love songs\nShe got me open all night (Uh-huh)\nGot me open all night, hey\n\n[Verse 1: J. Cole]\nOkay, back when I was sleeping in my mama crib\nOr even back when I was up there in Mohammed crib\nPaying seventeen-hundred for the rent, money well-spent\nNo heater, but a nigga made heat, may I vent?\nHad a thing for ya, even wrote the song \"Dreams\" for ya\n\u2018Cause I had dreams for ya, thoughts of a ring for ya\nChildish shit, you know child and shit\nAnonymous flowers sent, you know coward shit\nNow a nigga signed to Hov, took a power trip\nBack home, I'm grown now, and the city's my throne now, huh\nThe same clubs that I used to get tossed out\nLife got Kriss Kross'd: totally crossed out\n\u2018Cause now I'm in this bitch and I'm totally bossed out\nOld chicks crying \u2018cause they know that they lost out\nBut I'm still on you, I'm still on you\nMy drink spill on me, while I feel on you, I'm sayin'\u2014\n[Pre-Chorus: Miguel]\nWould you believe me if I said I'm in love?\nBaby, I want you to want me\nWould you believe me if I said I'm in love?\nBaby, I want ya\n\n[Chorus 2: J. Cole]\nAnd we are, we are, we are\nGot me up all night\nAnd we are, we are, we are\nAll I'm singin' is love songs\nAnd we are, we are, we are\nGot me up all night\nAnd we are, we are, we are (She got me)\nAnd we are, we are, we are (She got me)\n\n[Verse 2: J. Cole]\nWell, this has got to be the longest crush ever\nIf I ever get to fuck it'd be the longest bust ever\nLove is a drug, like the strongest stuff ever and\nFuck it, I'm on one, you feel me?\nShe on a power trip, she got me where she want a nigga\nWife'ing in the club, man, my homies gon' disown a nigga\nLike, \"Give me twenty dollars, dollars!\"\nAss stupid, how you get to college, college?\nI'm in your city and I'm wonderin' if you're home now\nWent and found a man, but I'm hopin' you're alone now\nCan't help but feeling like I dropped the ball, clich\u00e9\nI used to pop up on you at the mall each day\nNow, typically I kick game like East Bay\nBut you got a nigga freeze-framed yelling: \"Please play!\"\nFor Pete's sake, homie, pull it together\nJust fuck her one time and be through with forever, but\u2014\n[Pre-Chorus: Miguel]\nWould you believe me if I said I'm in love?\nBaby, I want you to want me\nWould you believe me if I said I'm in love?\nBaby, I want ya, yeah\n\n[Chorus 2: J. Cole]\nAnd we are, we are, we are\nGot me up all night\nAnd we are, we are, we are\nAll I'm singin' is love songs\nAnd we are, we are, we are\nGot me up all night\nAnd we are, we are, we are (She got me)\nAnd we are, we are, we are (She got me)\n\n[Chorus 1: J. Cole]\nGot me up all night (All night)\nAll I'm singin' is love songs\nShe got me up all night (All night)\nConstant drinkin' and love songs\nShe got me up all night (All night)\nDown-and-out with these love songs\nShe got me up all night (All night)\nDrownin' out with these love songs\nShe got me up all night (Yeah)\nAll I'm singin' is love songs\nShe got me up all night (Yeah)\nConstant drinkin' and love songs\nShe got me up all night (Yeah)\nDown-and-out with these love songs\nShe got me open all night (Uh-huh)\nGot me open all night, hey\n[Outro: J. Cole]\nBack when I was sleeping in my mama crib\n*Space Bar Tap*\n\n[Produced by J. Cole]"
}