{
 "_type": "song",
 "annotation_count": 3,
 "api_path": "/songs/87052",
 "full_title": "Girl on Fire (Inferno Version) by\u00a0Alicia\u00a0Keys (Ft.\u00a0Nicki\u00a0Minaj)",
 "header_image_thumbnail_url": "https://images.genius.com/bf2478d690c28b0e85d12d56faf31d90.300x300x1.jpg",
 "header_image_url": "https://images.genius.com/bf2478d690c28b0e85d12d56faf31d90.564x564x1.jpg",
 "id": 87052,
 "instrumental": false,
 "lyrics_owner_id": 80481,
 "lyrics_state": "complete",
 "lyrics_updated_at": 1608705297,
 "path": "/Alicia-keys-girl-on-fire-inferno-version-lyrics",
 "pyongs_count": 26,
 "song_art_image_thumbnail_url": "https://images.genius.com/bf2478d690c28b0e85d12d56faf31d90.300x300x1.jpg",
 "song_art_image_url": "https://images.genius.com/bf2478d690c28b0e85d12d56faf31d90.564x564x1.jpg",
 "song_art_primary_color": null,
 "song_art_secondary_color": null,
 "song_art_text_color": null,
 "stats": {
  "unreviewed_annotations": 0,
  "hot": false,
  "pageviews": 276530
 },
 "title": "Girl on Fire (Inferno Version)",
 "title_with_featured": "Girl on Fire (Inferno Version) (Ft.\u00a0Nicki\u00a0Minaj)",
 "updated_by_human_at": 1608705297,
 "url": "https://genius.com/Alicia-keys-girl-on-fire-inferno-version-lyrics",
 "primary_artist": {
  "_type": "artist",
  "api_path": "/artists/362",
  "header_image_url": "https://images.genius.com/412c2555944cf7956626a5ae615b25ba.1000x521x1.jpg",
  "id": 362,
  "image_url": "https://images.genius.com/7fa79185c77f5f035f404f017c525779.1000x1000x1.jpg",
  "index_character": "a",
  "is_meme_verified": false,
  "is_verified": false,
  "name": "Alicia Keys",
  "slug": "Alicia-keys",
  "url": "https://genius.com/artists/Alicia-keys"
 },
 "artist": "Alicia Keys",
 "lyrics": "[Verse 1: Nicki Minaj]\nSpirit of Marilyn callin' me, audibly\nBawling, she said that she would never leave, continued to torture me\nTelling me to come with her, underneath my comforter\nAnd she brought a gun with her, pills and some rum with her\nTook me on the balcony, telling me to jump with her\nYeah I'm in the ghost, but I ain't doing stunts with her\nI ain't trying to be that, haters wanna see that\nBut I got 'em aggy, 'cause I win the gold like Gabby\n\n[Verse 2: Alicia Keys]\nShe's just a girl, and she's on fire\nHotter than a fantasy, lonely like a highway\nShe's living in a world, and it's on fire\nFeeling the catastrophe, but she knows she can fly away\n\n[Pre-Chorus: Alicia Keys]\nOh, she got both feet on the ground\nAnd she's burning it down\nOh, she got her head in the clouds\nAnd she's not backing down\n\n[Chorus: Alicia Keys]\nThis girl is on fire\nThis girl is on fire\nShe's walking on fire\nThis girl is on fire\n[Verse 3: Alicia Keys]\nLooks like a girl, but she's a flame\nSo bright, she can burn your eyes\nBetter look the other way\nYou can try, but you'll never forget her name\nShe's on top of the world\nHottest of the hottest girls say\n\n[Pre-Chorus: Alicia Keys]\nOh, we got our feet on the ground\nAnd we're burning it down\nOh, got our head in the clouds\nAnd we're not coming down\n\n[Chorus: Alicia Keys]\nThis girl is on fire (fire, fire)\nThis girl is on fire\nShe's walking on fire (fire, fire)\nThis girl is on fire\n\n[Bridge: Alicia Keys]\nEverybody stands, as she goes by\n'Cause they can see the flame that's in her eyes\nWatch her when she's lighting up the night\nNobody knows that she's a lonely girl\nAnd it's a lonely world\nBut she gon' let it burn, baby, burn, baby\n[Verse 4: Nicki Minaj]\nDear God, If you're here God\nMake the fire disappear when they stare God\nTake away my fear when they interfere God\nDo you fear God? 'Cause I fear God\nAnd in my backyard, that's a deer, God\nAnd that's a horse ranch, and to my core fans\nKeep reppin' me, do it 'til the death of me\n'X' in the box, 'cause ain't nobody checkin' me\n\n[Chorus: Alicia Keys]\nThis girl is on fire (Fire, fire)\nThis girl is on fire\nShe's walking on fire (Fire, fire)\nThis girl is on fire\n\n[Outro: Alicia Keys]\nOh, oh, oh...\nShe's just a girl, but she's on fire"
}