{
 "_type": "song",
 "annotation_count": 418,
 "api_path": "/songs/409534",
 "full_title": "Radio Hamburg TOP 825 by\u00a0Radio\u00a0Hamburg",
 "header_image_thumbnail_url": "https://images.genius.com/f49913f3e174f82a90c64028ec7be8f4.300x291x1.gif",
 "header_image_url": "https://images.genius.com/f49913f3e174f82a90c64028ec7be8f4.1000x969x1.gif",
 "id": 409534,
 "instrumental": false,
 "lyrics_owner_id": 215579,
 "lyrics_state": "complete",
 "lyrics_updated_at": 1529433042,
 "path": "/Radio-hamburg-radio-hamburg-top-825-lyrics",
 "pyongs_count": 4,
 "song_art_image_thumbnail_url": "https://images.genius.com/f49913f3e174f82a90c64028ec7be8f4.300x291x1.gif",
 "song_art_image_url": "https://images.genius.com/f49913f3e174f82a90c64028ec7be8f4.1000x969x1.gif",
 "song_art_primary_color": null,
 "song_art_secondary_color": null,
 "song_art_text_color": null,
 "stats": {
  "unreviewed_annotations": 0,
  "hot": false,
  "pageviews": 27266
 },
 "title": "Radio Hamburg TOP 825",
 "title_with_featured": "Radio Hamburg TOP 825",
 "updated_by_human_at": 1529432894,
 "url": "https://genius.com/Radio-hamburg-radio-hamburg-top-825-lyrics",
 "primary_artist": {
  "_type": "artist",
  "api_path": "/artists/169143",
  "header_image_url": "https://images.genius.com/f49913f3e174f82a90c64028ec7be8f4.1000x969x1.gif",
  "id": 169143,
  "image_url": "https://images.genius.com/f49913f3e174f82a90c64028ec7be8f4.1000x969x1.gif",
  "index_character": "r",
  "is_meme_verified": false,
  "is_verified": false,
  "name": "Radio Hamburg",
  "slug": "Radio-hamburg",
  "url": "https://genius.com/artists/Radio-hamburg"
 },
 "artist": "Radio Hamburg",
 "lyrics": "825 ALL NIGHT \u2013 PAROV STELAR\n824 BIG JET PLANE \u2013 ANGUS & JULIA STONE\n823 SWINGS BOTH WAYS \u2013 ROBBIE WILLIAMS\nFEATURING RUFUS WAINWRIGHT\n822 GELOBTES LAND \u2013 PETER MAFFAY\n821 JUST LIKE YOU \u2013 ANDREAS K\u00dcMMERT\n820 SHOUT TO THE TOP \u2013 THE STYLE COUNCIL\n819 ONE DAY (VANDAAG) \u2013 BAKERMAT\n818 LA PASSION \u2013 GIGI D'AGOSTINO\n817 WE ARE THE PEOPLE \u2013 EMPIRE OF THE SUN\n816 SONGS F\u00dcR LIAM \u2013 KRAFTKLUB\n815 LUCKY \u2013 BRITNEY SPEARS\n814 FATHER AND SON \u2013 CAT STEVENS\n813 MAD WORLD \u2013 MICHAEL ANDREWS\nFEAT. GARY JULES\n812 DU BIST EIN WUNDER \u2013 WOLFGANG PETRY\n811 MOVE IN THE RIGHT DIRECTION \u2013 GOSSIP\n810 TAG AM MEER \u2013 DIE FANTASTISCHEN VIER\n809 MONSTA \u2013 CULCHA CANDELA\n808 OOH LA LA \u2013 BRITNEY SPEARS\n807 NO NO NEVER \u2013 TEXAS LIGHTNING\n806 BECAUSE WE CAN \u2013 BON JOVI\n805 SOULMATE \u2013 NATASHA BEDINGFIELD\n804 DER EIERMANN \u2013 KLAUS & KLAUS\n803 SOLSBURY HILL \u2013 PETER GABRIEL\n802 RESPECT \u2013 ARETHA FRANKLIN\n801 (EVERYTHING I DO) I DO IT FOR YOU \u2013 BRYAN ADAMS\n800 EVERYTIME WE TOUCH \u2013 CASCADA\n799 I WANT IT THAT WAY \u2013 BACKSTREET BOYS\n798 BERZERK \u2013 EMINEM\n797 I WANNA DANCE WITH SOMEBODY (WHO LOVES ME)\n\u2013 WHITNEY HOUSTON\n796 SLOW IT DOWN \u2013 AMY MACDONALD\n795 AGAINST ALL ODDS (TAKE A LOOK AT ME NOW) \u2013\nPHIL COLLINS\n794 A LITTLE LESS CONVERSATION \u2013 ELVIS VS. JXL\n793 MY HEART WILL GO ON \u2013 CELINE DION\n792 I'M YOURS \u2013 JASON MRAZ\n791 BOOMBASTIC \u2013 SHAGGY\n790 MADE IN HEAVEN \u2013 QUEEN\n789 KEINE GRENZEN - KEINE Z\u00c4UNE \u2013\nLOTTO KING KARL\n788 LOSING SLEEP \u2013 JOHN NEWMAN\n787 L'AMOUR TOUJOURS \u2013 GIGI D'AGOSTINO\n786 ROCK DJ \u2013 ROBBIE WILLIAMS\n785 MORGENS IMMER M\u00dcDE \u2013 LAING\n784 AROUND THE WORLD \u2013 THE DISCO BOYS\n783 WHAT I'VE DONE \u2013 LINKIN PARK\n782 VIVA LAS VEGAS \u2013 ELVIS PRESLEY\n781 AN DE ECK \u2013 JAN FEDDER & BIG BALLS\n780 THEY DON'T CARE ABOUT US \u2013 MICHAEL JACKSON\n779 TURN ME ON \u2013 DAVID GUETTA (FEAT. NICKI MINAJ)\n778 WENN WORTE MEINE SPRACHE W\u00c4REN \u2013\nTIM BENDZKO\n777 MAMMA MIA \u2013 ABBA\n776 SYMPHONIE \u2013 SILBERMOND\n775 NO AIR \u2013 JORDIN SPARKS FEAT. CHRIS BROWN\n774 THE REAL SLIM SHADY \u2013 EMINEM\n773 I'LL BE MISSING YOU \u2013 PUFF DADDY &\nFAITH EVANS FEATURING 112\n772 I WALK THE LINE \u2013 JOHNNY CASH\n771 ICH STEINE DU STEINE \u2013 PETER FOX\n770 NO SON OF MINE \u2013 GENESIS\n769 FEUER \u2013 JAN DELAY\n768 DRUNK IN THE MORNING \u2013 LUKAS GRAHAM\n767 LIVIN' IN HAMBURG \u2013 HAMBURGER ARROGANZ\n766 MY LIFE \u2013 BILLY JOEL\n765 MICHAEL X \u2013 CASPER\n764 A QUESTION OF TIME \u2013 DEPECHE MODE\n763 STRAND \u2013 YASHA\n762 SHE'S LIKE THE WIND \u2013 PATRICK SWAYZE\nFEAT. WENDY FRASER\n761 LIVE IT UP \u2013 JENNIFER LOPEZ FEAT. PITBULL\n760 AMSTERDAM \u2013 CORA\n759 MORNING HAS BROKEN \u2013 CAT STEVENS\n758 KINGS IN EXILE \u2013 FRITZ KALKBRENNER\n757 LOVE IS A LOSING GAME \u2013 AMY WINEHOUSE\n756 ALL GOOD THINGS (COME TO AN END) \u2013\nNELLY FURTADO\n755 SCATMAN (SKI-BA-BOP-BA-DOP-BOP) \u2013\nSCATMAN JOHN\n754 SUMMER IN THE CITY \u2013 JOE COCKER\n753 LIEBE MEINES LEBENS \u2013 PHILIPP POISEL\n752 ANOTHER DAY IN PARADISE \u2013 PHIL COLLINS\n751 SHE WOLF (FALLING TO PIECES) \u2013\nDAVID GUETTA FEAT. SIA\n750 INCOMPLETE \u2013 BACKSTREET BOYS\n749 L\u00d6PPT \u2013 DE FOFFTIG PENNS\n748 SWEAT (A LA LA LA LA LONG) \u2013 INNER CIRCLE\n747 UMBRELLA \u2013 RIHANNA\n746 AMSTERDAM \u2013 FETTES BROT\n745 INDIGO GIRL \u2013 WATERSHED\n744 EIN SCHWEIN NAMENS M\u00c4NNER \u2013 DIE \u00c4RZTE\n743 PAPARAZZI \u2013 LADY GAGA\n742 LITTLE GREEN APPLES \u2013 ROBBIE WILLIAMS\nFEATURING KELLY CLARKSON\n741 IN THE SHADOWS \u2013 THE RASMUS\n740 STEP BY STEP \u2013 NEW KIDS ON THE BLOCK\n739 ON IRA \u2013 ZAZ\n738 AUF UNS \u2013 ANDREAS BOURANI\n737 SEXY AND I KNOW IT \u2013 LMFAO\n736 DICKES B \u2013 SEEED FEAT. BLACK KAPPA\n735 TWO PRINCES \u2013 SPIN DOCTORS\n734 RHYTHM IS A DANCER \u2013 SNAP!\n733 I'M TOO SEXY \u2013 RIGHT SAID FRED\n732 THE POWER \u2013 SNAP!\n731 SECRETS \u2013 ONEREPUBLIC\n730 SHOW 'EM (WHAT YOU'RE MADE OF) \u2013\nBACKSTREET BOYS\n729 BOYFRIEND \u2013 JUSTIN BIEBER\n728 SCHWARZ ZU BLAU \u2013 PETER FOX\n727 ENTRE DOS TIERRAS \u2013 HEROES DEL SILENCIO\n726 MR. VAIN \u2013 CULTURE BEAT\n725 ORINOCO FLOW (SAIL AWAY) \u2013 ENYA\n724 WAKING UP IN VEGAS \u2013 KATY PERRY\n723 KING OF MY CASTLE \u2013 WAMDUE PROJECT\n722 BARCELONA \u2013 FREDDIE MERCURY &\nMONTSERRAT CABALL\u00c8\n721 IF I WERE A BOY \u2013 BEYONC\u00c9\n720 RUN \u2013 SNOW PATROL\n719 WHAT NOW \u2013 RIHANNA\n718 1999 \u2013 PRINCE\n717 BAILANDO \u2013 LOONA\n716 I DON'T DANCE \u2013 SUNRISE AVENUE\n715 FROM SARAH WITH LOVE \u2013 SARAH CONNOR\n714 WILD ONES \u2013 FLO RIDA FEAT. SIA\n713 PATIENCE \u2013 TAKE THAT\n712 UNTER DEINER FLAGGE \u2013 UNHEILIG\n711 LET'S GET LOUD \u2013 JENNIFER LOPEZ\n710 A GROOVY KIND OF LOVE \u2013 PHIL COLLINS\n709 GET UP (RATTLE) \u2013 BINGO PLAYERS FEAT\nFAR EAST MOVEMENT\n708 BALADA (TCHE TCHERERE TECHE TCHE) \u2013\nGUSTTAVO LIMA\n707 STREETS OF PHILADELPHIA \u2013\nBRUCE SPRINGSTEEN\n706 UNROCKBAR \u2013 DIE \u00c4RZTE\n705 HEY NOW \u2013 MARTIN SOLVEIG &\nTHE CATARACS FEATURING KYLE\n704 U CAN'T TOUCH THIS \u2013 MC HAMMER\n703 SEVEN NATION ARMY \u2013 THE WHITE STRIPES\n702 WITHOUT ME \u2013 EMINEM\n701 DAS ROTE PFERD \u2013 MARKUS BECKER\n700 WHAT'S UP? \u2013 4 NON BLONDES\n699 BLUE DEVILS HYMNE \u2013 ANYA MAHNKEN\n698 ES GIBT NUR WASSER \u2013 SANTIANO\n697 HOME AGAIN \u2013 MICHAEL KIWANUKA\n696 I KNOW YOU WANT ME (CALLE OCHO) \u2013 PITBULL\n695 NEVER LET ME DOWN AGAIN \u2013 DEPECHE MODE\n694 SUAVEMENTE \u2013 ELVIS CRESPO\n693 AUFSTEHN! \u2013 SEEED FEAT. CEE-LO GREEN\n692 FINGER IN PO - MEXIKO! \u2013 MICKIE KRAUSE\n691 OTHER SIDE OF LOVE \u2013 SEAN PAUL\n690 SHINE MY SHOES \u2013 ROBBIE WILLIAMS\n689 TOTAL ECLIPSE OF THE HEART \u2013 BONNIE TYLER\n688 HUMAN \u2013 THE KILLERS\n687 F\u00dcCHSE \u2013 ABSOLUTE BEGINNER\n686 CAN'T STAND THE SILENCE \u2013 REA GARVEY\n685 UMBRELLA \u2013 THE BASEBALLS\n684 ALEJANDRO \u2013 LADY GAGA\n683 BAKER STREET \u2013 GERRY RAFFERTY\n682 MORE \u2013 USHER\n681 PARTY ROCK ANTHEM \u2013 LMFAO\n680 WORK B**CH! \u2013 BRITNEY SPEARS\n679 TACATA \u2013 TACABRO\n678 WHO'S THAT CHICK? \u2013 DAVID GUETTA FEAT\nRIHANNA\n677 DRAGOSTEA DIN TEI \u2013 O-ZONE\n676 MY LOVE IS YOUR LOVE \u2013 WHITNEY HOUSTON\n675 SIEHST DU DAS GENAUSO? \u2013\nSPORTFREUNDE STILLER\n674 PUMPED UP KICKS \u2013 FOSTER THE PEOPLE\n673 BACK IN BLACK \u2013 AC/DC\n672 REMMIDEMMI (YIPPIE YIPPIE YEAH) \u2013 DEICHKIND\n671 GOT 2 LUV U \u2013 SEAN PAUL FEAT. ALEXIS JORDAN\n670 AN ANGEL \u2013 THE KELLY FAMILY\n669 JOSEPHINE \u2013 REAMONN\n668 NINE MILLION BICYCLES \u2013 KATIE MELUA\n667 STANDING STILL \u2013 ROMAN LOB\n666 BONBON AUS WURST \u2013 HELGE SCHNEIDER\n665 NEXT TO ME \u2013 EMELI SAND\u00c9\n664 ROLLING STONE \u2013 DANIEL SCHUHMACHER\n663 PUNGA \u2013 KLINGANDE\n662 TOXIC \u2013 BRITNEY SPEARS\n661 JUMP THAT ROCK (WHATEVER YOU WANT) \u2013\nSCOOTER VS. STATUS QUO\n660 BIS DER ARZT KOMMT \u2013 LOTTO KING KARL &\nTHE BARMBEK DREAMBOYS\n659 NI**AS IN PARIS \u2013 JAY-Z & KANYE WEST\n658 STADTAFFE \u2013 PETER FOX\n657 LA ISLA BONITA \u2013 MADONNA\n656 SEXY BITCH \u2013 DAVID GUETTA FEAT. AKON\n655 HOW MUCH IS THE FISH? \u2013 SCOOTER\n654 TIK TOK \u2013 KE$HA\n653 ICH HAB ALAIN DELON GESEH'N \u2013\nPIERRE FERDINAND ET LES CHARMEURS\n652 HEAL THE WORLD \u2013 MICHAEL JACKSON\n651 LILA WOLKEN \u2013 PETER KRAUS\n650 I WILL DANCE (WHEN I WALK AWAY) \u2013\nKATZENJAMMER\n649 WHAT A WONDERFUL WORLD \u2013 LOUIS ARMSTRONG\n648 ALLES WIRD AUS HACK GEMACHT (HACKSONG) \u2013\nRALF \"RALLE\" PETERSEN FEAT. HACK NORRIS\n647 SULTANS OF SWING \u2013 DIRE STRAITS\n646 EIN TEIL \u2013 CRO\n645 BEAUTIFUL DAY \u2013 U2\n644 FAST CAR \u2013 TRACY CHAPMAN\n643 SPECTRUM (SAY MY NAME) \u2013 FLORENCE AND THE MACHINE\n642 LONESOME RIDER \u2013 VOLBEAT FEAT. SARAH BLACKWOOD\n641 NUR DER HSV \u2013 ELVIS\n640 BAD ROMANCE \u2013 LADY GAGA\n639 THIS IS THE LIFE \u2013 AMY MACDONALD\n638 WE CAN'T STOP \u2013 MILEY CYRUS\n637 DESERT ROSE \u2013 STING\n636 I'M ON FIRE \u2013 BRUCE SPRINGSTEEN\n635 YOUNG AND BEAUTIFUL \u2013 LANA DEL REY\n634 WHATEVER YOU WANT \u2013 STATUS QUO\n633 STRAWBERRY FIELDS FOREVER \u2013 BEATLES\n632 THE TIME (DIRTY BIT) \u2013 THE BLACK EYED PEAS\n631 THE CAVE \u2013 MUMFORD AND SONS\n630 UNDER CONTROL \u2013 CALVIN HARRIS &\nALESSO FEAT. HURTS\n629 THE SPARK \u2013 AFROJACK FEATURING SPREE WILSON\n628 THE A TEAM \u2013 ED SHEERAN\n627 JUST A DREAM \u2013 NELLY\n626 SYMPATHY FOR THE DEVIL \u2013 ROLLING STONES\n625 GIVE ME EVERYTHING \u2013 PITBULL FEAT\nNE-YO, AFROJACK & NAYER\n624 BENEATH YOUR BEAUTIFUL \u2013\nLABRINTH FEAT EMELI SAND\u00c9\n623 IT'S TIME \u2013 IMAGINE DRAGONS\n622 ALWAYS \u2013 BON JOVI\n621 SUIT AND TIE \u2013 JUSTIN TIMBERLAKE FEAT. JAY-Z\n620 IF TOMORROW NEVER COMES \u2013 RONAN KEATING\n619 MIT 18 \u2013 MARIUS M\u00dcLLER-WESTERNHAGEN\n618 LOSING MY RELIGION \u2013 R.E.M\n617 TAKE ME HOME, COUNTRY ROADS \u2013 JOHN DENVER\n616 AN DER NORDSEEK\u00dcSTE \u2013 KLAUS & KLAUS\n615 LOVE IS ALL AROUND \u2013 WET WET WET\n614 DAS KLEINE K\u00dcKEN PIEPT \u2013 PULCINO PIO\n613 FIELDS OF GOLD \u2013 STING\n612 DICKE \u2013 MARIUS M\u00dcLLER-WESTERNHAGEN\n611 WHEREVER YOU WILL GO \u2013 THE CALLING\n610 MONEY \u2013 PINK FLOYD\n609 WIR WERDEN NIEMALS UNTERGEHEN \u2013\nSANTIANO\n608 IT'S RAINING MEN \u2013 THE WEATHER GIRLS\n607 ZUCKER \u2013 PETER FOX\n606 MR. JONES \u2013 COUNTING CROWS\n605 I LOVE YOU \u2013 WOODKID\n604 LITTLE NUMBERS \u2013 BOY\n603 SIE IST WEG \u2013 DIE FANTASTISCHEN VIER\n602 HEY JUDE \u2013 BEATLES\n601 ALORS ON DANSE \u2013 STROMAE\n600 SONNE IN DER NACHT \u2013 PETER MAFFAY\n599 SUMMER PARADISE \u2013 SIMPLE PLAN\nFEATURING SEAN PAUL\n598 GIRL GONE WILD \u2013 MADONNA\n597 BEN \u2013 MICHAEL JACKSON\n596 DER WILDE WILDE WESTEN \u2013 TRUCK STOP\n595 RUN TO THE HILLS \u2013 IRON MAIDEN\n594 WIRE TO WIRE \u2013 RAZORLIGHT\n593 UPRISING \u2013 MUSE\n592 SCHWULE M\u00c4DCHEN \u2013 FETTES BROT\n591 THE POWER OF LOVE \u2013 JENNIFER RUSH\n590 HANGOVER \u2013 TAIO CRUZ\n589 SO SOLL ES BLEIBEN \u2013 ICH + ICH\n588 IRGENDWIE, IRGENDWO, IRGENDWANN \u2013\nJAN DELAY\n587 BITTER SWEET SYMPHONY \u2013 THE VERVE\n586 DAS GEF\u00dcHL \u2013 ANDREA BERG\n585 MEINE SOLDATEN \u2013 MAXIM\n584 I GOT U \u2013 DUKE DUMONT FEAT. JAX JONES\n583 KRIEGER DES LICHTS \u2013 SILBERMOND\n582 S&M \u2013 RIHANNA\n581 REEPERBAHN \u2013 UDO LINDENBERG\n580 AM TAG ALS CONNY KRAMER STARB \u2013\nJULIANE WERDING\n579 BARBIE GIRL \u2013 AQUA\n578 DAS LIED DER SCHL\u00dcMPFE \u2013 VADER ABRAHAM\n577 EVERYBODY HURTS \u2013 R.E.M\n576 LET THE MUSIC PLAY \u2013 BARRY WHITE\n575 ONE MOMENT IN TIME \u2013 WHITNEY HOUSTON\n574 WHO KNEW \u2013 P!NK\n573 CALL ME \u2013 BLONDIE\n572 AFFE SUCHT LIEBE \u2013 FRAKTUS\n571 TRUE LOVE \u2013 P!NK FEAT. LILY ALLEN\n570 PEOPLE HELP THE PEOPLE \u2013 BIRDY\n569 TANZ DER MOLEK\u00dcLE \u2013 MIA\n568 IT'S MY LIFE \u2013 DR. ALBAN\n567 SO WHAT \u2013 P!NK\n566 READY TO START \u2013 ARCADE FIRE\n565 HEAVEN \u2013 BRYAN ADAMS\n564 SUMMER \u2013 CALVIN HARRIS\n563 ALL OVER THE NEWS \u2013 MARTIN AND JAMES\n562 T\u00dcRLICH, T\u00dcRLICH (SICHER, DICKER) \u2013 DAS BO\n561 PAYPHONE \u2013 MAROON 5 FEAT. WIZ KHALIFA\n560 BALU \u2013 KETTCAR\n559 TROUBLEMAKER \u2013 OLLY MURS FEAT. FLO RIDA\n558 WE FOUND LOVE \u2013 RIHANNA FEAT. CALVIN HARRIS\n557 SUN IS UP \u2013 INNA\n556 SEX BOMB \u2013 TOM JONES AND MOUSSE T\n555 CAPE OF OUR HERO \u2013 VOLBEAT\n554 YOU'RE THE FIRST, THE LAST, MY EVERYTHING \u2013\nBARRY WHITE\n553 WHEN LOVE TAKES OVER \u2013 DAVID GUETTA\nFEAT. KELLY ROWLAND\n552 FLUGZEUGE IM BAUCH \u2013 HERBERT GR\u00d6NEMEYER\n551 STARSHIPS \u2013 NICKI MINAJ\n550 ONLY TEARDROPS \u2013 EMMELIE DE FOREST\n549 MFG (MIT FREUNDLICHEN GR\u00dcSSEN) \u2013\nDIE FANTASTISCHEN VIER\n548 THE FLOOD \u2013 TAKE THAT\n547 ONE \u2013 JOHNNY CASH\n546 ER GEH\u00d6RT ZU MIR \u2013 MARIANNE ROSENBERG\n545 DIE DA!?! \u2013 DIE FANTASTISCHEN VIER\n544 AFTER ALL \u2013 MICHAEL BUBL\u00c9 FEAT. BRYAN ADAMS\n543 FROZEN \u2013 MADONNA\n542 CLOWN \u2013 EMELI SAND\u00c9\n541 RED FLAG \u2013 BILLY TALENT\n540 LIKE THE WAY I DO \u2013 MELISSA ETHERIDGE\n539 SMOOTH CRIMINAL \u2013 MICHAEL JACKSON\n538 HSV - DU BIST MEINE FRAU \u2013\nBUDDY OG\u00dcN PRESENTS MOZART\n537 YOU'VE GOT THE LOVE \u2013 FLORENCE + THE MACHINE\n536 KRANICHE \u2013 BOSSE\n535 HEART SKIPS A BEAT \u2013 OLLY MURS FEAT. RIZZLE KICKS\n534 LAST CHRISTMAS \u2013 WHAM!\n533 WE ARE THE WORLD \u2013 USA FOR AFRICA\n532 LOVE DON'T DIE \u2013 THE FRAY\n531 ZU SP\u00c4T \u2013 DIE \u00c4RZTE\n530 WHERE ARE WE NOW? \u2013 DAVID BOWIE\n529 WHAT MAKES YOU BEAUTIFUL \u2013 ONE DIRECTION\n528 EMANUELA \u2013 FETTES BROT\n527 ONE MORE NIGHT \u2013 MAROON 5\n526 KLAR \u2013 JAN DELAY\n525 IN THESE ARMS \u2013 BON JOVI\n524 THANK YOU FOR THE MUSIC \u2013 ABBA\n523 MY NUMBER \u2013 FOALS\n522 LUCKY DAY \u2013 SASHA\n521 LASSE REDN \u2013 DIE \u00c4RZTE\n520 PFLASTER \u2013 ICH + ICH\n519 SNOWFLAKES \u2013 WHITE APPLE TREE\n518 DER AFFENTANZ \u2013 DIE JUNX\n517 BURN IT DOWN \u2013 LINKIN PARK\n516 UND ES WAR SOMMER \u2013\nPETER MAFFAY\n515 BACK FOR GOOD \u2013 TAKE THAT\n514 IRGENDWAS BLEIBT \u2013 SILBERMOND\n513 DOMINO \u2013 JESSIE J\n512 DAY 'N' NIGHT \u2013 KID CUDI VS. CROOKERS\n511 PFEIFF DRAUF! (URLAUB IST NUR EINMAL\nIM JAHR) \u2013 PETER WACKEL\n510 LEGO HOUSE \u2013 ED SHEERAN\n509 THUNDERSTRUCK \u2013 AC/DC\n508 MR. SAXOBEAT \u2013 ALEXANDRA STAN\n507 GET BUSY \u2013 SEAN PAUL\n506 CLARITY \u2013 ZEDD FEAT. FOXES\n505 ICH MAG M\u00dcLL \u2013 ERNIE & BERT & IHRE FREUNDE\n504 COLOUR ME IN \u2013 REA GARVEY\n503 WOVON SOLLEN WIR TR\u00c4UMEN \u2013 FRIDA GOLD\n502 LOVING YOU IS KILLING ME \u2013 ALOE BLACC\n501 GANGSTA'S PARADISE \u2013 COOLIO\n500 IRONIC \u2013 ALANIS MORISSETTE\n499 VIDEO GAMES \u2013 LANA DEL REY\n498 DAS GEHT AB! (WIR FEIERN DIE GANZE NACHT) \u2013\nFRAUENARZT & MANNY MARC\n497 I KNEW YOU WERE TROUBLE \u2013 TAYLOR SWIFT\n496 RENNEN + STOLPERN \u2013 JUPITER JONES\n495 SATURDAY NIGHT \u2013 WHIGFIELD\n494 ALIVE \u2013 PEARL JAM\n493 B\u00dcCK DICH HOCH \u2013 DEICHKIND\n492 HAMMA! \u2013 CULCHA CANDELA\n491 PRECIOUS \u2013 DEPECHE MODE\n490 DING \u2013 SEEED\n489 BLACK OR WHITE \u2013 MICHAEL JACKSON\n488 VOM SELBEN STERN \u2013 ICH + ICH\n487 FLAWS \u2013 BASTILLE\n486 HOFFNUNG \u2013 JAN DELAY\n485 ON THE FLOOR \u2013 JENNIFER LOPEZ\nFEAT. PITBULL\n484 WOLKE 7 \u2013 MAX HERRE FEAT. PHILIPP POISEL\n483 KEEP THE FAITH \u2013 BON JOVI\n482 LUFTBAHN \u2013 DEICHKIND\n481 WISH YOU WERE HERE \u2013 REDNEX\n480 GOOD FEELING \u2013 FLO RIDA\n479 WINE AND CHOCOLATES \u2013 THEOPHILUS LONDON\n478 HELLO \u2013 MARTIN SOLVEIG & DRAGONETTE\n477 OUT OF THE DARK \u2013 FALCO\n476 (LIEBE IST...) WIE MALARIA \u2013 LOTTO KING KARL\n475 LIVE WHILE WE'RE YOUNG \u2013 ONE DIRECTION\n474 AFRICA \u2013 TOTO\n473 ROXANNE \u2013 THE POLICE\n472 ONLY GIRL (IN THE WORLD) \u2013 RIHANNA\n471 BAYERN \u2013 DIE TOTEN HOSEN\n470 FEELING GOOD \u2013 MICHAEL BUBL\u00c9\n469 COUNT ON ME \u2013 BRUNO MARS\n468 LICHTER DER STADT \u2013 UNHEILIG\n467 RAISE YOUR GLASS \u2013 P!NK\n466 WELCOME TO ST. TROPEZ \u2013\nDJ ANTOINE VS. TIMATI FEAT. KALENNA\n465 I AM WHAT I AM \u2013 GLORIA GAYNOR\n464 PUMPIN BLOOD \u2013 NONONO\n463 DOWN UNDER \u2013 MEN AT WORK\n462 SCHREI NACH LIEBE \u2013 DIE \u00c4RZTE\n461 ENDLESS SUMMER \u2013 OCEANA\n460 CLOCKS \u2013 COLDPLAY\n459 \u00dcBER SIEBEN BR\u00dcCKEN MUSST DU GEHN \u2013 KARAT\n458 ANGELS \u2013 THE XX\n457 MOVES LIKE JAGGER \u2013 MAROON 5 FEAT\nCHRISTINA AGUILERA\n456 ALL OF THE LIGHTS \u2013 KANYE WEST FEAT. RIHANNA\n455 QUIT PLAYING GAMES \u2013 BACKSTREET BOYS\n454 OUT OF YOURSELF \u2013 TRULS\n453 FREUNDE BLEIBEN \u2013 REVOLVERHELD\n452 MITTEN IN BARMBEK \u2013 LOTTO KING KARL\n451 RING OF FIRE \u2013 JOHNNY CASH\n450 JUNGE \u2013 DIE \u00c4RZTE\n449 KRYPTONITE \u2013 3 DOORS DOWN\n448 HAMBURG BRENNT \u2013 1000 ROBOTA\n447 LITTLE THINGS \u2013 ONE DIRECTION\n446 DOWN BY THE RIVER \u2013 MILKY CHANCE\n445 MARGARETHE \u2013 BUDDY OG\u00dcN PRES. MOZART\n444 SUMMER WELL \u2013 INTERPOL\n443 ROSANA \u2013 WAX\n442 SAILING \u2013 ROD STEWART\n441 YESTERDAY \u2013 BEATLES\n440 ONE \u2013 U2\n439 STUPS, DER KLEINE OSTERHASE \u2013\nROLF ZUCKOWSKI UND SEINE FREUNDE\n438 ADORE YOU \u2013 MILEY CYRUS\n437 BAT OUT OF HELL \u2013 MEAT LOAF\n436 ANYTHING COULD HAPPEN \u2013 ELLIE GOULDING\n435 PAINT IT BLACK \u2013 ROLLING STONES\n434 SAMBA DE JANEIRO \u2013 BELLINI\n433 ...SO EIN SCH\u00d6NER TAG (FLIEGERLIED) \u2013\nTIM TOUPET\n432 MAN IN THE MIRROR \u2013 MICHAEL JACKSON\n431 LASS DAS MAL DEN PAPA MACHEN \u2013 CHRISTOPH\nMARIA HERBST ALS BERND STROMBERG\n430 SHE DOESN'T MIND \u2013 SEAN PAUL\n429 GANZ PARIS IST EINE DISCO \u2013\nPIERRE FERDINAND ET LES CHARMEURS\n428 VON ALLEIN \u2013 CULCHA CANDELA\n427 WE ARE YOUNG \u2013 FUN. FEAT JANELLE MONA\u00c9\n426 (I'VE HAD) THE TIME OF MY LIFE \u2013\nBILL MEDLEY AND JENNIFER WARNES\n425 SO PERFEKT \u2013 CASPER\n424 JEANNY, PART 1 \u2013 FALCO\n423 SHOWGIRLS DER REEPERBAHN \u2013 DOUBLE FACES\n422 DU L\u00c4SST MEIN HERZ SPRINGEN \u2013\nMAGGERS UNITED\n421 WISH YOU WERE HERE \u2013 PINK FLOYD\n420 AN TAGEN WIE DIESEN \u2013 FETTES BROT FEAT\nPASCAL FINKENAUER\n419 SWEET DREAMS (ARE MADE OF THIS) \u2013\nEURYTHMICS\n418 I'M GONNA BE (500 MILES) \u2013 PROCLAIMERS\n417 LOVE OF MY LIFE \u2013 QUEEN\n416 JAN PILLEMANN OTZE \u2013 MICKIE KRAUSE\n415 LITTLE LION MAN \u2013 MUMFORD AND SONS\n414 LEMON TREE \u2013 FOOL'S GARDEN\n413 ALL NIGHT \u2013 ICONA POP\n412 FOREVER YOURS \u2013 SUNRISE AVENUE\n411 GRIECHISCHER WEIN \u2013 UDO J\u00dcRGENS\n410 I WILL WAIT \u2013 MUMFORD AND SONS\n409 GOOD TIME \u2013 OWL CITY AND\nCARLY RAE JEPSEN\n408 SO ODER SO \u2013 BOSSE\n407 EYE OF THE TIGER \u2013 SURVIVOR\n406 JAR OF HEARTS \u2013 CHRISTINA PERRI\n405 SINGLE LADIES (PUT A RING ON IT) \u2013 BEYONC\u00c9\n404 JA \u2013 SILBERMOND\n403 GEWINNER \u2013 CLUESO AND ST\u00dcBA PHILHARMONIE\n402 WILD BOYS \u2013 DURAN DURAN\n401 GOODNESS GRACIOUS \u2013 ELLIE GOULDING\n400 YOU'LL NEVER WALK ALONE \u2013\nGERRY & THE PACEMAKERS\n399 LET ME ENTERTAIN YOU \u2013 ROBBIE WILLIAMS\n398 DU \u2013 PETER MAFFAY\n397 LIQUID SPIRIT \u2013 GREGORY PORTER\n396 BEST SONG EVER \u2013 ONE DIRECTION\n395 SONNENTANZ (SUN DON'T SHINE) \u2013\nKLANGKARUSSELL FEAT. WILL HEARD\n394 DON'T STOP BELIEVIN' \u2013 JOURNEY\n393 RETROGRADE \u2013 JAMES BLAKE\n392 MAMBO NO. 5 (A LITTLE BIT OF\u2026) \u2013 LOU BEGA\n391 ALL THE THINGS SHE SAID \u2013 T.A.T.U\n390 AUF DER REEPERBAHN NACHTS UM HALB EINS \u2013\nHANS ALBERS\n389 LITTLE BIT LOVE \u2013 SUNRISE AVENUE\n388 HIER KOMMT ALEX \u2013 DIE TOTEN HOSEN\n387 SAMBA DE ALEMANHA (FUSSBALL WM HYMNE\n2014) \u2013 POKALMATADOR\n386 GOLD \u2013 DANIEL SCHUHMACHER\n385 ATLANTIS LEBT \u2013 ANDREA BERG\n384 DON'T STOP ME NOW \u2013 QUEEN\n383 GENTLEMAN \u2013 PSY\n382 I WANT TO BREAK FREE \u2013 QUEEN\n381 I'D DO ANYTHING FOR LOVE (BUT I WON'T\nDO THAT) \u2013 MEAT LOAF\n380 HOLD ON WE'RE GOING HOME \u2013 DRAKE\n379 LIKE A PRAYER \u2013 MADONNA\n378 \u00dcBER SIEBEN BR\u00dcCKEN MUSST DU GEHN \u2013\nPETER MAFFAY\n377 BED OF ROSES \u2013 BON JOVI\n376 ZOMBIE \u2013 CRANBERRIES\n375 A NIGHT LIKE THIS \u2013 CARO EMERALD\n374 HELLO \u2013 LIONEL RICHIE\n373 WHO WANTS TO LIVE FOREVER \u2013 QUEEN\n372 IN A WORLD LIKE THIS \u2013 BACKSTREET BOYS\n371 THE MAN \u2013 ALOE BLACC\n370 IN DIESEM MOMENT \u2013 ROGER CICERO\n369 ABENTEUERLAND \u2013 PUR\n368 WE ARE THE CHAMPIONS \u2013 QUEEN\n367 AN DEINER SEITE \u2013 UNHEILIG\n366 SAY SOMETHING \u2013 A GREAT BIG WORLD FEAT\nCHRISTINA AGUILERA\n365 OH JONNY \u2013 JAN DELAY\n364 FRANKFURT ODER \u2013 BOSSE FEAT. ANNA LOOS (SILLY)\n363 SKINNY LOVE \u2013 BIRDY\n362 SOBER \u2013 P!NK\n361 HALT DICH AN MIR FEST \u2013 REVOLVERHELD\nFEAT. MARTA JANDOV\u00c1\n360 APOLOGIZE \u2013 TIMBALAND FEAT. ONEREPUBLIC\n359 DANCING QUEEN \u2013 ABBA\n358 WONDERWALL \u2013 OASIS\n357 KUSSKUSSKUSS \u2013 FETTES BROT\n356 HEAVY CROSS \u2013 GOSSIP\n355 DON'T YOU WORRY CHILD \u2013 SWEDISH HOUSE MAFIA\n354 RED LIGHTS \u2013 TIESTO\n353 ICH LIEBE DICH \u2013 CLOWNS & HELDEN\n352 YEAH 3X \u2013 CHRIS BROWN\n351 BLACK SATURDAY \u2013 MANDO DIAO\n350 I WILL SURVIVE \u2013 GLORIA GAYNOR\n349 LOST \u2013 FRANK OCEAN\n348 SATELLITE \u2013 LENA MEYER-LANDRUT\n347 I GOTTA FEELING \u2013 THE BLACK EYED PEAS\n346 I NEED YOUR LOVE \u2013 CALVIN HARRIS FEAT\nELLIE GOULDING\n345 WENN JETZT SOMMER W\u00c4R \u2013 POHLMANN\n344 HOLES \u2013 PASSENGER\n343 FREE \u2013 RUDIMENTAL FEAT. EMELI SAND\u00e9\n342 ALLES AUS LIEBE \u2013 DIE TOTEN HOSEN\n341 AIN'T NOBODY \u2013 RUFUS & CHAKA KHAN\n340 WE WILL ROCK YOU \u2013 QUEEN\n339 DEAR MR. PRESIDENT \u2013 P!NK FEAT. INDIGO GIRLS\n338 ONE (ALWAYS HARDCORE) \u2013 SCOOTER\n337 GLAUB IHNEN KEIN WORT \u2013 CASSANDRA STEEN\n336 I NEED A DOLLAR \u2013 ALOE BLACC\n335 ALL NIGHT LONG (ALL NIGHT) \u2013 LIONEL RICHIE\n334 EISERNER STEG \u2013 PHILIPP POISEL\n333 IMAGINE \u2013 JOHN LENNON\n332 ALL SUMMER LONG \u2013 KID ROCK\n331 VAMOS A LA PLAYA \u2013 RIGHEIRA\n330 ICH WAR NOCH NIEMALS IN NEW YORK \u2013\nSPORTFREUNDE STILLER MIT UDO J\u00dcRGENS\n329 DIE BIENE MAJA \u2013 KAREL GOTT\n328 GO WEST \u2013 PET SHOP BOYS\n327 LASS DIE MUSIK AN \u2013 MADSEN\n326 ASCHENFLUG \u2013 ADEL TAWIL FEAT. SIDO & PRINZ PI\n325 SIMPLE MAN \u2013 ANDREAS K\u00dcMMERT\n324 WAHNSINN \u2013 WOLFGANG PETRY\n323 JUMP \u2013 VAN HALEN\n322 BAD KINGDOM \u2013 MODERAT\n321 REHAB \u2013 RIHANNA\n320 \u00dcBER DEN WOLKEN \u2013 REINHARD MEY\n319 POSTCARDS \u2013 JAMES BLUNT\n318 BREAKTHRU \u2013 QUEEN\n317 DU HAST MICH TAUSENDMAL BELOGEN \u2013\nANDREA BERG\n316 SMELLS LIKE TEEN SPIRIT \u2013 NIRVANA\n315 DARE (LA LA LA) \u2013 SHAKIRA\n314 G\u00c4A \u2013 OONAGH\n313 SOMMER, SONNE, KAKTUS! \u2013 HELGE SCHNEIDER\n312 HALLELUJA \u2013 PETER MAFFAY\n311 JUST CAN'T GET ENOUGH \u2013 DEPECHE MODE\n310 NEVER FORGET \u2013 TAKE THAT\n309 SEXY \u2013 MARIUS M\u00dcLLER-WESTERNHAGEN\n308 GORILLA \u2013 BRUNO MARS\n307 BRUTAL HEARTS (FLIC FLAC EDIT) \u2013\nBEDOUIN SOUNDCLASH\n306 I FOLLOW RIVERS (LIVE AT GIEL) \u2013 TRIGGERFINGER\n305 CRYSTALLIZE \u2013 LINDSEY STIRLING\n304 VALERIE \u2013 MARK RONSON FEAT. AMY WINEHOUSE\n303 SUPER FREAK \u2013 RICK JAMES\n302 I WILL ALWAYS LOVE YOU \u2013\nWHITNEY HOUSTON\n301 EASY \u2013 CRO\n300 RADIO GA GA \u2013 QUEEN\n299 MY LOVE \u2013 ROUTE 94 FEAT. JESS GLYNNE\n298 WATERLOO \u2013 ABBA\n297 FINAL COUNTDOWN \u2013 EUROPE\n296 MEIN DING \u2013 UDO LINDENBERG\n295 FEEL THIS MOMENT \u2013 PITBULL FEAT\nCHRISTINA AGUILERA\n294 LECK MICH WIE DER SOMMER \u2013 MAGGERS UNITED\n293 NEW YORK - RIO - ROSENHEIM \u2013\nSPORTFREUNDE STILLER\n292 TNT \u2013 AC/DC\n291 SUMMERTIME SADNESS \u2013 LANA DEL REY\n290 MENSCH \u2013 HERBERT GR\u00d6NEMEYER\n289 A LIGHT THAT NEVER COMES \u2013\nLINKIN PARK AND STEVE AOKI\n288 BAD \u2013 MICHAEL JACKSON\n287 RIGHT PLACE RIGHT TIME \u2013 OLLY MURS\n286 LEIDER GEIL (LEIDER GEIL) \u2013 DEICHKIND\n285 USE SOMEBODY \u2013 KINGS OF LEON\n284 GLOW \u2013 MADCON\n283 THE LAST UNICORN \u2013 AMERICA\n282 GRENADE \u2013 BRUNO MARS\n281 LOVE WILL TEAR US APART \u2013 JOY DIVISION\n280 MA CH\u00c9RIE \u2013 DJ ANTOINE FEAT. THE BEAT SHAKERS\n279 SET FIRE TO THE RAIN \u2013 ADELE\n278 GIRL ON FIRE \u2013 ALICIA KEYS\n277 LONDON CALLING \u2013 CLASH\n276 STAIRWAY TO HEAVEN \u2013 LED ZEPPELIN\n275 PAPER PLANES \u2013 M.I.A\n274 HOLY GRAIL \u2013 JAY-Z\n273 ENGEL \u2013 RAMMSTEIN\n272 IT'S A BEAUTIFUL DAY \u2013 MICHAEL BUBL\u00c9\n271 WIND OF CHANGE \u2013 SCORPIONS\n270 M\u00c4NNER \u2013 HERBERT GR\u00d6NEMEYER\n269 (I CAN'T GET NO) SATISFACTION \u2013 ROLLING STONES\n268 YOU MAKE ME \u2013 AVICII\n267 XO \u2013 BEYONC\u00c9\n266 A LITTLE PARTY NEVER KILLED NOBODY\n(ALL WE GOT) \u2013 FERGIE AND Q-TIP AND GOONROCK\n265 BABY \u2013 JUSTIN BIEBER FEAT. LUDACRIS\n264 ICH WILL IMMER WIEDER... DIESES FIEBER\nSP\u00dcR'N \u2013 HELENE FISCHER\n263 SOME NIGHTS \u2013 FUN\n262 WRECKING BALL (LIVE BEI RADIO HAMBURG) \u2013\nJAMES ARTHUR\n261 MR. BRIGHTSIDE \u2013 THE KILLERS\n260 SCHATZI, SCHENK MIR EIN FOTO! \u2013 MICKIE KRAUSE\n259 CHEATING \u2013 JOHN NEWMAN\n258 WITH OR WITHOUT YOU \u2013 U2\n257 DANZA KUDURO \u2013 LUCENZO FEAT. DON OMAR\n256 IN THE END \u2013 LINKIN PARK\n255 LITTLE TALKS \u2013 OF MONSTERS AND MEN\n254 INSTANT CRUSH \u2013 DAFT PUNK FEAT\nJULIAN CASABLANCAS\n253 ANOTHER BRICK IN THE WALL (PART 2) \u2013\nPINK FLOYD\n252 120 SCHWEINE NACH BEIRUT \u2013 MIKE KR\u00dcGER\n251 WANNABE \u2013 SPICE GIRLS\n250 FEHLERFREI \u2013 HELENE FISCHER\n249 SHE LOOKS SO PERFECT \u2013\n5 SECONDS OF SUMMER\n248 IM ASCHEREGEN \u2013 CASPER\n247 PERSONAL JESUS \u2013 DEPECHE MODE\n246 JE VEUX \u2013 ZAZ\n245 NUR DIE BESTEN STERBEN JUNG \u2013 B\u00d6HSE ONKELZ\n244 MEIN HERZ \u2013 BEATRICE EGLI\n243 MY NAME IS NOT SUSAN (70s FLANGE MIX) \u2013\nWHITNEY HOUSTON\n242 MUSIC \u2013 JOHN MILES\n241 AUS DEM HOHEN NORDEN KOMMEN WIR \u2013\nDIE JUNX\n240 LET IT BE \u2013 BEATLES\n239 LIGHTS \u2013 ELLIE GOULDING\n238 SOMETHING I NEED \u2013 ONEREPUBLIC\n237 ORDINARY LOVE \u2013 U2\n236 WILD LOVE \u2013 REA GARVEY\n235 MEXICO \u2013 B\u00d6HSE ONKELZ\n234 STARDUST \u2013 LENA\n233 INSOMNIA \u2013 FAITHLESS\n232 ERROR \u2013 MADELINE JUNO\n231 MEIN HAMBURG LIEB ICH SEHR \u2013 ABSCHLACH!\n230 CHASING CARS \u2013 SNOW PATROL\n229 ERINNERUNGEN \u2013 B\u00d6HSE ONKELZ\n228 GOOD VIBRATIONS \u2013 BEACH BOYS\n227 LIEBE IST MEINE REBELLION \u2013 FRIDA GOLD\n226 TITANIUM \u2013 DAVID GUETTA FEAT. SIA\n225 THE FIDDLER ON THE DECK \u2013 SANTIANO\n224 LOCKED OUT OF HEAVEN \u2013 BRUNO MARS\n223 HAMBURG CIDDY \u2013 MAGGERS UNITED\n222 BEAT IT \u2013 MICHAEL JACKSON\n221 SOMEBODY THAT I USED TO KNOW \u2013\nGOTYE FEAT. KIMBRA\n220 PARANOID \u2013 BLACK SABBATH\n219 FREIHEIT (LIVE) \u2013 WESTERNHAGEN\n218 UNCONDITIONALLY \u2013 KATY PERRY\n217 SO WIE DU WARST \u2013 UNHEILIG\n216 WAKA WAKA (THIS TIME FOR AFRICA) \u2013\nSHAKIRA FEAT. FRESHLYGROUND\n215 SONG FOR YOU \u2013 THE HEADSTONES\n214 PURPLE RAIN \u2013 PRINCE\n213 OVER THE RAINBOW \u2013 ISRAEL\nKAMAKAWIWO'OLE\n212 H\u00c4TT ICH DICH HEUT ERWARTET \u2013\nERNIE & BERT & IHRE FREUNDE\n211 LIFE \u2013 THE HEADSTONES\n210 DU \u2013 CRO\n209 TAKE THE SILENCE \u2013 DANIEL SCHUHMACHER\n208 HALO \u2013 BEYONC\u00e9\n207 EIN STERN (DER DEINEN NAMEN TR\u00c4GT) \u2013\nDJ \u00d6TZI UND NIK P\n206 FIX YOU \u2013 COLDPLAY\n205 HALT DEIN MAUL \u2013 Y-TITTY\n204 SAFE AND SOUND \u2013 CAPITAL CITIES\n203 SANSIBAR \u2013 HAMBURGER LOKALPILOTEN\n202 LISTEN TO YOUR HEART \u2013 ROXETTE\n201 IT'S MY LIFE \u2013 BON JOVI\n200 ONE DAY (RECKONING SONG) \u2013\nASAF AVIDAN AND THE MOJOS\n199 TOO CLOSE \u2013 ALEX CLARE\n198 I FOLLOW RIVERS (THE MAGICAN REMIX) \u2013\nLYKKE LI\n197 AM FENSTER \u2013 CITY\n196 WE MUST BE CRAZY \u2013 MILOW\n195 EVERYBODY (BACKSTREET'S BACK) \u2013\nBACKSTREET BOYS\n194 REFLEKTOR \u2013 ARCADE FIRE\n193 NUR NOCH KURZ DIE WELT RETTEN \u2013\nTIM BENDZKO\n192 CREEP \u2013 RADIOHEAD\n191 DIESER WEG \u2013 XAVIER NAIDOO\n190 FAIRYTALE GONE BAD \u2013 SUNRISE AVENUE\n189 HO HEY \u2013 THE LUMINEERS\n188 LEVELS \u2013 AVICII\n187 TAINTED LOVE \u2013 SOFT CELL\n186 MARRY YOU \u2013 BRUNO MARS\n185 INFINITY 2008 \u2013 GURU JOSH PROJECT\n184 NUMB \u2013 LINKIN PARK\n183 PLAY HARD \u2013 DAVID GUETTA FEAT\nNE-YO AND AKON\n182 EINMAL UM DIE WELT \u2013 CRO\n181 HELLS BELLS \u2013 AC/DC\n180 JUNGE \u2013 HEINO\n179 SZENEN MEINES LEBENS \u2013\nHAMBURGER LOKALPILOTEN\n178 ALL OF ME \u2013 JOHN LEGEND\n177 HALL OF FAME \u2013 THE SCRIPT FEAT. WILL.I.AM\n176 JEIN \u2013 FETTES BROT\n175 ALWAYS \u2013 ERASURE\n174 ALTES FIEBER \u2013 DIE TOTEN HOSEN\n173 EUPHORIA \u2013 LOREEN\n172 READ ALL ABOUT IT (PART 3) \u2013 EMELI SAND\u00c9\n171 EARTH SONG \u2013 MICHAEL JACKSON\n170 DO IT \u2013 THE BOSSHOSS\n169 EIN KOMPLIMENT \u2013 SPORTFREUNDE STILLER\n168 VIVA LA VIDA \u2013 COLDPLAY\n167 TRY \u2013 P!NK\n166 I SING A LIAD F\u00dcR DI \u2013 ANDREAS GABALIER\n165 HOW I FEEL \u2013 FLO RIDA\n164 AUGENBLING \u2013 SEEED\n163 JUST THE WAY YOU ARE \u2013 BRUNO MARS\n162 PLAYED-A-LIVE (THE BONGO SONG) \u2013\nSAFRI DUO\n161 AM SEIDENEN FADEN \u2013 TIM BENDZKO\n160 RUN \u2013 LEONA LEWIS\n159 HOT N COLD \u2013 KATY PERRY\n158 NORDISCH BY NATURE \u2013\nFETTES BROT\n157 YELLOW \u2013 COLDPLAY\n156 ANYWHERE FOR YOU \u2013 JOHN MARTIN\n155 HOTEL CALIFORNIA \u2013 EAGLES\n154 UNTER DIE HAUT \u2013 TIM BENDZKO FEAT\nCASSANDRA STEEN\n153 INTO THE BLUE \u2013 KYLIE MINOGUE\n152 LILA WOLKEN \u2013 MARTERIA, YASHA &\nMISS PLATNUM\n151 WHATEVER \u2013 CRO\n150 I LOVE IT \u2013 ICONA POP FEAT. CHARLI XCX\n149 HIGHWAY TO HELL \u2013 AC/DC\n148 WRONG \u2013 DEPECHE MODE\n147 DON'T GIMME THAT \u2013 THE BOSSHOSS\n146 AI SE EU TE PEGO! \u2013 MICHEL TEL\u00d3\n145 CANDY \u2013 ROBBIE WILLIAMS\n144 PARADISE \u2013 COLDPLAY\n143 BEI MEINER SEELE \u2013 XAVIER NAIDOO\n142 FEEL \u2013 ROBBIE WILLIAMS\n141 SEX ON FIRE \u2013 KINGS OF LEON\n140 TIME TO WONDER \u2013\nFURY IN THE SLAUGHTERHOUSE\n139 STAY \u2013 RIHANNA FEAT\nMIKKY EKKO\n138 ON TOP OF THE WORLD \u2013\nIMAGINE DRAGONS\n137 IN THE AIR TONIGHT \u2013 PHIL COLLINS\n136 FOR YOU \u2013 DISCO BOYS FEAT\nMANFRED MANNS EARTH BAND\n135 EINER DIESER STEINE \u2013 SIDO FEAT\nMARK FORSTER\n134 ICH BAU DIR EIN SCHLOSS \u2013 J\u00dcRGEN DREWS\n133 I WAS MADE FOR LOVING YOU \u2013 KISS\n132 WESTERLAND \u2013 DIE \u00c4RZTE\n131 PAPAOUTAI \u2013 STROMAE\n130 ENJOY THE SILENCE \u2013 DEPECHE MODE\n129 HINTERLAND \u2013 CASPER\n128 POKER FACE \u2013 LADY GAGA\n127 AUFRECHT STEHEN \u2013 EXISTENT\n126 BOHEMIAN RHAPSODY \u2013 QUEEN\n125 VOLLIDIOTEN \u2013 EXISTENT\n124 CALL ME MAYBE \u2013 CARLY RAE JEPSEN\n123 ALS W\u00c4R'S DAS ERSTE MAL \u2013 UNHEILIG\n122 STILL \u2013 JUPITER JONES\n121 99 LUFTBALLONS \u2013 NENA\n120 THRIFT SHOP \u2013 MACKLEMORE AND\nRYAN LEWIS FEAT. WANZ\n119 SCHNAPPI, DAS KLEINE KROKODIL \u2013 SCHNAPPI\n118 AND WE DANCED \u2013 MACKLEMORE FEAT\nZIGGY STARDUST\n117 ROLLING IN THE DEEP \u2013 ADELE\n116 A.C.A. BEAUTIFUL \u2013 EXISTENT\n115 MOONSHINE \u2013 BRUNO MARS\n114 WEINEN \u2013 ADEL TAWIL\n113 CASTLE OF GLASS \u2013 LINKIN PARK\n112 BILLIE JEAN \u2013 MICHAEL JACKSON\n111 MARRY ME \u2013 JASON DERULO\n110 25 \u2013 DIE FANTASTISCHEN VIER FEAT\nDON SNOW AKA JONN SAVANNAH\n109 THE SCIENTIST \u2013 COLDPLAY\n108 WINGS \u2013 BIRDY\n107 FLIEGEN \u2013 LOTTO KING KARL FISCHERING ROH\n106 BREIT WIE 'NE NATTER \u2013 HAMBURGER\nLOKALPILOTEN\n105 BUDAPEST \u2013 GEORGE EZRA\n104 TSUNAMI \u2013 DVBBS & BORGEOUS\n103 MIT DIR \u2013 FREUNDESKREIS MIT JOY DENALANE\n102 MIRRORS \u2013 JUSTIN TIMBERLAKE\n101 WIR SIND ALLE WIE EINS \u2013 UNHEILIG\n100 LA LA LA \u2013 NAUGHTY BOY FEAT. SAM SMITH\n99 DAS KANN UNS KEINER NEHMEN \u2013\nREVOLVERHELD\n98 APPLAUSE \u2013 LADY GAGA\n97 NOTHING ELSE MATTERS (ORCHESTER) \u2013\nMETALLICA\n96 SOMEONE LIKE YOU \u2013 ADELE\n95 IMPOSSIBLE \u2013 JAMES ARTHUR\n94 THINGS WE LOST IN THE FIRE \u2013 BASTILLE\n93 HAUS AM SEE \u2013 PETER FOX\n92 WHITE WALLS \u2013 MACKLEMORE AND RYAN\nLEWIS FEAT. SCHOOLBOY Q AND HOLLIS\n91 STAY THE NIGHT \u2013\nZEDD FEAT. HAYLEY WILLIAMS\n90 GANGNAM STYLE \u2013 PSY\n89 POMPEII \u2013 BASTILLE\n88 SKYFALL \u2013 ADELE\n87 RUN BOY RUN \u2013 WOODKID\n86 LOVE ME AGAIN \u2013 JOHN NEWMAN\n85 THRILLER \u2013 MICHAEL JACKSON\n84 WILLST DU \u2013 ALLIGATOAH\n83 BURN \u2013 ELLIE GOULDING\n82 SHOT ME DOWN \u2013\nDAVID GUETTA FEAT SKYLAR GREY\n81 EMPIRE STATE OF MIND (PART II)\nBROKEN DOWN \u2013 ALICIA KEYS\n80 SCREAM & SHOUT \u2013\nWILL.I.AM & BRITNEY SPEARS\n79 HEART TO HEART \u2013 JAMES BLUNT\n78 BILDER IM KOPF \u2013 SIDO\n77 DIAMONDS \u2013 RIHANNA\n76 CELLO (MTV UNPLUGGED) \u2013\nUDO LINDENBERG FEAT. CLUESO\n75 ECHO \u2013 FETTES BROT\n74 SONNENTANZ \u2013 KLANGKARUSSELL\n73 DAS BESTE \u2013 SILBERMOND\n72 SKY AND SAND \u2013 PAUL & FRITZ KALKBRENNER\n71 COUNTING STARS \u2013 ONEREPUBLIC\n70 ANOTHER LOVE \u2013 TOM ODELL\n69 GO GENTLE \u2013 ROBBIE WILLIAMS\n68 SCH\u00d6NSTE ZEIT \u2013 BOSSE\n67 APPLAUS!! APPLAUS!! \u2013\nSPORTFREUNDE STILLER\n66 JUST GIVE ME A REASON \u2013\nP!NK FEAT. NATE RUESS\n65 WIR HAM' NOCH LANGE NICHT GENUG \u2013\nB\u00d6HSE ONKELZ\n64 ANGELS \u2013 ROBBIE WILLIAMS\n63 SANTIANO \u2013 SANTIANO\n62 LET HER GO \u2013 PASSENGER\n61 QUIETSCHE-ENTCHEN \u2013\nERNIE UND BERT UND IHRE FREUNDE\n60 HOLLYWOOD HILLS \u2013\nSUNRISE AVENUE\n59 F\u00dcR IMMER IMMER \u2013 FETTES BROT\n58 HERO \u2013 FAMILY OF THE YEAR\n57 SUPERGEIL \u2013 DER TOURIST FEAT\nFRIEDRICH LIECHTENSTEIN\n56 STORY OF MY LIFE \u2013 ONE DIRECTION\n55 REEPERBAHN 2011 (WHAT IT'S LIKE)\n(GUIDO CRAVEIRO REGGAE REMIX) \u2013\nUDO LINDENBERG FEAT. JAN DELAY\n54 LIEBE \u2013 SIDO\n53 BROTHER \u2013 MIGHTY OAKS\n52 GEBOREN UM ZU LEBEN \u2013 UNHEILIG\n51 TREASURE \u2013 BRUNO MARS\n50 THE FOX (WHAT DOES THE FOX SAY?) \u2013\nYLVIS\n49 RADIOACTIVE \u2013 IMAGINE DRAGONS\n48 THE MONSTER \u2013 EMINEM FEAT. RIHANNA\n47 OF THE NIGHT \u2013 BASTILLE\n46 TRUMPETS \u2013 JASON DERULO\n45 MONEY ON MY MIND \u2013 SAM SMITH\n44 RIPTIDE \u2013 VANCE JOY\n43 DEAR DARLIN' \u2013 OLLY MURS\n42 HARD OUT HERE \u2013 LILY ALLEN\n41 TEAM \u2013 LORDE\n40 OMG! \u2013 MARTERIA\n39 AUF GUTE FREUNDE \u2013\nB\u00d6HSE ONKELZ\n38 IS IT RIGHT \u2013 ELAIZA\n37 ANIMALS \u2013 MARTIN GARRIX\n36 DEMONS \u2013 IMAGINE DRAGONS\n35 TALK DIRTY \u2013 JASON DERULO\nFEAT. 2 CHAINZ\n34 TAGE WIE DIESE \u2013 DIE TOTEN HOSEN\n33 DO WHAT U WANT \u2013 LADY GAGA FEAT\nCHRISTINA AGUILERA\n32 CAN'T HOLD US \u2013 MACKLEMORE AND\nRYAN LEWIS FEAT. RAY DALTON\n31 WRECKING BALL \u2013 MILEY CYRUS\n30 MAGIC \u2013 COLDPLAY\n29 KIDS (2 FINGER AN DEN KOPF) \u2013\nMARTERIA\n28 STOLEN DANCE \u2013 MILKY CHANCE\n27 LET ME GO \u2013 GARY BARLOW\n26 ROAR \u2013 KATY PERRY\n25 SUMMER OF '69 \u2013 BRYAN ADAMS\n24 GET LUCKY \u2013 DAFT PUNK FEAT\nPHARRELL WILLIAMS\n23 LIFESAVER \u2013\nSUNRISE AVENUE\n22 CHANGES \u2013 FAUL & WAD AD VS. PNAU\n21 CAN'T REMEMBER TO FORGET YOU \u2013\nSHAKIRA FEAT. RIHANNA#Die Top 2020 BLURRED LINES - ROBIN THICKE FEAT. PHARELL WILLIAMS & T.I\n19 ROYALS - LORDE\n18 LIAR LIAR - CHRIS CAB FEAT. PHARREL WILLIAMS\n17 JUBEL - KLINGANDE\n16 BONFIRE HEART - JAMES BLUNT\n15 ADDICTED TO YOU - AVICII FEAT. AUDRA MAE\n14 ICH LASS F\u00dcR DICH DAS LICHT AN - REVOLVERHELD\n13 WAKE ME UP - AVICII FEAT. ALOE BLACC\n12 HEY BROTHER - AVICII FEAT. DAN TYMINSKI\n11 AM I WRONG - NICO & VINZ\n10 LIEDER - ADEL TAWIL\n9 RATHER BE - CLEAN BANDIT FEAT. JESS  GLYNNE\n8 DARK HORSE - KATY PERRY FEAT. JUICY J\n7 HAMBURG MEINE PERLE - LOTTO KING KARL\n6 ST. PAULI - JAN DELAY\n5 I SEE FIRE - ED SHEERAN (Regen)\n4 TIMBER - PITBULL FEAT. KE$HA\n3 ATEMLOS DURCH DIE NACHT - HELENE FISCHER\n2 WAVES - MR. PROBZ\n1 HAPPY - PHARREL WILLIAMS"
}