{
 "_type": "song",
 "annotation_count": 14,
 "api_path": "/songs/122475",
 "full_title": "Heart Attack by\u00a0Demi\u00a0Lovato",
 "header_image_thumbnail_url": "https://images.genius.com/791c8891676c71f986782c065973b38e.300x107x1.jpg",
 "header_image_url": "https://images.genius.com/791c8891676c71f986782c065973b38e.646x231x1.jpg",
 "id": 122475,
 "instrumental": false,
 "lyrics_owner_id": 192968,
 "lyrics_state": "complete",
 "lyrics_updated_at": 1606195608,
 "path": "/Demi-lovato-heart-attack-lyrics",
 "pyongs_count": 208,
 "song_art_image_thumbnail_url": "https://images.genius.com/be7999699c8e38ed5dbd2ee7df2e9c83.300x300x1.png",
 "song_art_image_url": "https://images.genius.com/be7999699c8e38ed5dbd2ee7df2e9c83.1000x1000x1.png",
 "song_art_primary_color": null,
 "song_art_secondary_color": null,
 "song_art_text_color": null,
 "stats": {
  "unreviewed_annotations": 10,
  "concurrents": 3,
  "hot": false,
  "pageviews": 221866
 },
 "title": "Heart Attack",
 "title_with_featured": "Heart Attack",
 "updated_by_human_at": 1610880472,
 "url": "https://genius.com/Demi-lovato-heart-attack-lyrics",
 "primary_artist": {
  "_type": "artist",
  "api_path": "/artists/13531",
  "header_image_url": "https://images.genius.com/d65089f706b29f74d8d2880f16c6093f.600x200x1.jpg",
  "id": 13531,
  "image_url": "https://images.genius.com/ab29e4de6a09d6e6135d1028c843edc2.360x360x1.jpg",
  "index_character": "d",
  "is_meme_verified": false,
  "is_verified": true,
  "name": "Demi Lovato",
  "slug": "Demi-lovato",
  "url": "https://genius.com/artists/Demi-lovato",
  "iq": 323
 },
 "artist": "Demi Lovato",
 "lyrics": "[Intro]\nPuttin' my defenses up\n'Cause I don't wanna fall in love\nIf I ever did that, I think I'd have a heart attack\n\n[Verse 1]\nNever put my love out on the line\nNever said \"yes\" to the right guy\nNever had trouble getting what I want\nBut when it comes to you, I'm never good enough\nWhen I don't care\nI can play 'em like a Ken doll\nWon't wash my hair\nThen make 'em bounce like a basketball\n\n[Pre-Chorus 1]\nBut you make me wanna act like a girl\nPaint my nails and wear high heels\nYes, you, make me so nervous that I just can't hold your hand\n\n[Chorus]\nYou make me glow\nBut I cover up, won't let it show\nSo I'm putting my defenses up\n'Cause I don't wanna fall in love\nIf I ever did that, I think I'd have a heart attack\nI think I'd have a heart attack\nI think I'd have a heart attack\n[Verse 2]\nNever break a sweat for the other guys\nWhen you come around, I get paralyzed\nAnd every time I try to be myself\nIt comes out wrong like a cry for help\nIt's just not fair\nPain's more trouble than love is worth\nI gasp for air\nIt feels so good, but you know it hurts\n\n[Pre-Chorus 2]\nBut you make me wanna act like a girl\nPaint my nails and wear perfume for you\nMake me so nervous that I just can't hold your hand\n\n[Chorus]\nYou make me glow\nBut I cover up, won't let it show\nSo I'm putting my defenses up\n'Cause I don't wanna fall in love\nIf I ever did that, I think I'd have a heart attack\nI think I'd have a heart attack\nI think I'd have a heart attack\n\n[Bridge]\nThe feelings are lost in my lungs\nThey're burning, I'd rather be numb (I'd rather be numb)\nAnd there's no one else to blame (No one else to blame)\nSo scared, I'll take off in a run\nI'm flying too close to the sun\nAnd I'll burst into flames\n[Chorus]\nYou make me glow\nBut I cover up, won't let it show\nSo I'm putting my defenses up\n'Cause I don't wanna fall in love\nIf I ever did that, I think I'd have a heart attack\nI think I'd have a heart attack (Heart attack)\nI think I'd have a heart attack (-Tack)\nOh, I think I'd have a heart attack\nI think I'd have a heart attack"
}