{
 "_type": "song",
 "annotation_count": 1,
 "api_path": "/songs/78331",
 "full_title": "Love Somebody by\u00a0Maroon\u00a05",
 "header_image_thumbnail_url": "https://images.genius.com/cf255fd136979db84ff97b0e5c4cb93d.300x300x1.jpg",
 "header_image_url": "https://images.genius.com/cf255fd136979db84ff97b0e5c4cb93d.500x500x1.jpg",
 "id": 78331,
 "instrumental": false,
 "lyrics_owner_id": 11524,
 "lyrics_state": "complete",
 "lyrics_updated_at": 1615180903,
 "path": "/Maroon-5-love-somebody-lyrics",
 "pyongs_count": 24,
 "song_art_image_thumbnail_url": "https://images.genius.com/cf255fd136979db84ff97b0e5c4cb93d.300x300x1.jpg",
 "song_art_image_url": "https://images.genius.com/cf255fd136979db84ff97b0e5c4cb93d.500x500x1.jpg",
 "song_art_primary_color": null,
 "song_art_secondary_color": null,
 "song_art_text_color": null,
 "stats": {
  "unreviewed_annotations": 1,
  "hot": false,
  "pageviews": 77208
 },
 "title": "Love Somebody",
 "title_with_featured": "Love Somebody",
 "updated_by_human_at": 1615180903,
 "url": "https://genius.com/Maroon-5-love-somebody-lyrics",
 "primary_artist": {
  "_type": "artist",
  "api_path": "/artists/13539",
  "header_image_url": "https://images.genius.com/dd99997ae884d898f17ca4f6e648bc22.1000x333x1.jpg",
  "id": 13539,
  "image_url": "https://images.genius.com/6780ce1add3af75c73929a8f6630e099.900x900x1.jpg",
  "index_character": "m",
  "is_meme_verified": false,
  "is_verified": false,
  "name": "Maroon 5",
  "slug": "Maroon-5",
  "url": "https://genius.com/artists/Maroon-5"
 },
 "artist": "Maroon 5",
 "lyrics": "[Verse 1]\nI know your insides are feeling so hollow\nAnd it's a hard pill for you to swallow, yeah\nBut if I fall for you, I'll never recover\nIf I fall for you, I'll never be the same\n\n[Chorus]\nI really wanna love somebody\nI really wanna dance the night away\nI know we're only half way there\nBut you take me all the way, you take me all the way\nI really wanna touch somebody\nI think about you every single day\nI know we're only half way there\nBut you take me all the way, you take me all the way\n\n[Verse 2]\nYou're such a hard act for me to follow\nLove me today, don't leave me tomorrow, yeah\nBut if I fall for you, I'll never recover\nIf I fall for you, I'll never be the same\n\n[Chorus]\nI really wanna love somebody\nI really wanna dance the night away\nI know we're only half way there\nBut you take me all the way, you take me all the way\nI really wanna touch somebody\nI think about you every single day\nI know we're only half way there\nBut you take me all the way, you take me all the way\n[Breakdown]\nOh, oh, oh, oh-oh-oh\nOh, oh, oh, oh-oh-oh\n\n[Bridge]\nI don't know where to start, I'm just a little lost\nI wanna feel like we're never gonna ever stop\nI don't know what to do, I'm right in front of you\nAsking you to stay, you should stay, stay with me tonight, yeah\n\n[Chorus]\nI really wanna love somebody\nI really wanna dance the night away\nI know we're only half way there\nBut you take me all the way, you take me all the way\nI really wanna touch somebody\nI think about you every single day\nI know we're only half way there\nBut you take me all the way, you take me all the way\n\n[Breakdown]\nOh, oh, oh, oh-oh-oh\nOh, oh, oh, oh-oh-oh\n\n[Outro]\nYou take me all the way, you take me all the way, yeah"
}