{
 "_type": "song",
 "annotation_count": 12,
 "api_path": "/songs/87884",
 "full_title": "I Will Wait by\u00a0Mumford\u00a0& Sons",
 "header_image_thumbnail_url": "https://images.genius.com/68b649562427d886c60c3e19dd81a7c2.300x300x1.jpg",
 "header_image_url": "https://images.genius.com/68b649562427d886c60c3e19dd81a7c2.316x316x1.jpg",
 "id": 87884,
 "instrumental": false,
 "lyrics_owner_id": 30043,
 "lyrics_state": "complete",
 "lyrics_updated_at": 1601865337,
 "path": "/Mumford-and-sons-i-will-wait-lyrics",
 "pyongs_count": 34,
 "song_art_image_thumbnail_url": "https://images.genius.com/68b649562427d886c60c3e19dd81a7c2.300x300x1.jpg",
 "song_art_image_url": "https://images.genius.com/68b649562427d886c60c3e19dd81a7c2.316x316x1.jpg",
 "song_art_primary_color": null,
 "song_art_secondary_color": null,
 "song_art_text_color": null,
 "stats": {
  "unreviewed_annotations": 1,
  "hot": false,
  "pageviews": 155673
 },
 "title": "I Will Wait",
 "title_with_featured": "I Will Wait",
 "updated_by_human_at": 1601865337,
 "url": "https://genius.com/Mumford-and-sons-i-will-wait-lyrics",
 "primary_artist": {
  "_type": "artist",
  "api_path": "/artists/1170",
  "header_image_url": "https://images.genius.com/13d4405802acce8cba4e431c272facee.1000x333x1.jpg",
  "id": 1170,
  "image_url": "https://images.genius.com/1c8b739c4cfeee66342629460699c968.1000x1000x1.jpg",
  "index_character": "m",
  "is_meme_verified": false,
  "is_verified": true,
  "name": "Mumford & Sons",
  "slug": "Mumford-and-sons",
  "url": "https://genius.com/artists/Mumford-and-sons",
  "iq": 252
 },
 "artist": "Mumford & Sons",
 "lyrics": "[Intro]\nWell I came home\nLike a stone\nAnd I fell heavy into your arms\nThese days of dust\nWhich we've known\nWill blow away with this new sun\n\n[Verse 1]\nBut I'll kneel down\nWait for now\nAnd I'll kneel down\nKnow my ground\n[Chorus]\nAnd I will wait, I will wait for you\nAnd I will wait, I will wait for you\n\n[Verse 2]\nSo break my step\nAnd relent\nWell you forgave and I won't forget\nKnow what we've seen\nAnd him with less\nNow in some way\nShake the excess\n[Chorus]\n'Cause I will wait, I will wait for you\nAnd I will wait, I will wait for you\nAnd I will wait, I will wait for you\nAnd I will wait, I will wait for you\n\n[Verse 3]\nSo I'll be bold\nAs well as strong\nAnd use my head alongside my heart\nSo tame my flesh\nAnd fix my eyes\nA tethered mind, freed from the lies\n\n[Verse 4]\nBut I'll kneel down\nWait for now\nI'll kneel down\nKnow my ground\n\n[Bridge]\nRaise my hands\nPaint my spirit gold\nAnd bow my head\nKeep my heart slow\n[Chorus]\n'Cause I will wait, I will wait for you\nAnd I will wait, I will wait for you\nAnd I will wait, I will wait for you\nAnd I will wait, I will wait for you"
}