{
 "_type": "song",
 "annotation_count": 7,
 "api_path": "/songs/100386",
 "full_title": "Try by\u00a0P!nk",
 "header_image_thumbnail_url": "https://images.genius.com/98ff79b0147689df3a3dc8b4d6a67dbe.300x300x1.jpg",
 "header_image_url": "https://images.genius.com/98ff79b0147689df3a3dc8b4d6a67dbe.1000x1000x1.jpg",
 "id": 100386,
 "instrumental": false,
 "lyrics_owner_id": 162554,
 "lyrics_state": "complete",
 "lyrics_updated_at": 1604906266,
 "path": "/P-nk-try-lyrics",
 "pyongs_count": 30,
 "song_art_image_thumbnail_url": "https://images.rapgenius.com/ed36c975a9a6cbc536984dfc80d0dbd6.180x180x1.jpg",
 "song_art_image_url": "https://images.rapgenius.com/ed36c975a9a6cbc536984dfc80d0dbd6.180x180x1.jpg",
 "song_art_primary_color": null,
 "song_art_secondary_color": null,
 "song_art_text_color": null,
 "stats": {
  "unreviewed_annotations": 2,
  "hot": false,
  "pageviews": 141609
 },
 "title": "Try",
 "title_with_featured": "Try",
 "updated_by_human_at": 1604906266,
 "url": "https://genius.com/P-nk-try-lyrics",
 "primary_artist": {
  "_type": "artist",
  "api_path": "/artists/345",
  "header_image_url": "https://images.genius.com/78fa1cfbda8f669185658a36f307efda.1000x333x1.jpg",
  "id": 345,
  "image_url": "https://images.genius.com/f73fa86a27df7e60fc56aaf58ee25c9a.1000x667x1.jpg",
  "index_character": "p",
  "is_meme_verified": false,
  "is_verified": false,
  "name": "P!nk",
  "slug": "P-nk",
  "url": "https://genius.com/artists/P-nk"
 },
 "artist": "P!nk",
 "lyrics": "[Verse 1]\nEver wonder about what he's doing\nHow it all turned to lies?\nSometimes I think\ufeff that it's better to never ask why\n\n[Chorus]\nWhere there is desire\nThere is gonna be a flame\nWhere there is a flame\nSomeone's bound to get burned\nBut just because it burns\nDoesn't mean you're gonna die\nYou've gotta get up and try, try, try\nGotta get up and try, try, try\nYou gotta get up and try, try, try\n\n[Break]\nEh, eh, eh\n\n[Verse 2]\nFunny how the heart can be deceiving\nMore than just a couple times\nWhy do we fall in love so easy\nEven when it's not right\n\n[Chorus]\nWhere there is desire\nThere is gonna be a flame\nWhere there is a flame\nSomeone's bound to get burned\nBut just because it burns\nDoesn't mean you're gonna die\nYou've gotta get up and try, try, try\nGotta get up and try, try, try\nYou gotta get up and try, try, try\n[Verse 3]\nEver worried that it might be ruined\nAnd does it make you wanna cry?\nWhen you're out there doing what you're doing\nAre you just getting by?\nTell me are you just getting by by by\n\n[Chorus]\nWhere there is desire\nThere is gonna be a flame\nWhere there is a flame\nSomeone's bound to get burned\nBut just because it burns\nDoesn't mean you're gonna die\nYou've gotta get up and try, try, try\nGotta get up and try, try, try\nYou gotta get up and try, try, try\nGotta get up and try, try, try\nGotta get up and try, try, try\nYou gotta get up and try, try, try\nGotta get up and try, try, try\n\n[Outro]\nYou gotta get up and try, try, try\nGotta get up and try, try, try"
}