{
 "_type": "song",
 "annotation_count": 14,
 "api_path": "/songs/154239",
 "full_title": "Wagon Wheel by\u00a0Darius\u00a0Rucker",
 "header_image_thumbnail_url": "https://images.genius.com/71f204d1ae373a8a004af02b79495487.300x300x1.jpg",
 "header_image_url": "https://images.genius.com/71f204d1ae373a8a004af02b79495487.600x600x1.jpg",
 "id": 154239,
 "instrumental": false,
 "lyrics_owner_id": 10380,
 "lyrics_state": "complete",
 "lyrics_updated_at": 1614808371,
 "path": "/Darius-rucker-wagon-wheel-lyrics",
 "pyongs_count": 31,
 "song_art_image_thumbnail_url": "https://images.genius.com/2dae9fa1d992ffefce2720300bb53840.300x300x1.jpg",
 "song_art_image_url": "https://images.genius.com/2dae9fa1d992ffefce2720300bb53840.300x300x1.jpg",
 "song_art_primary_color": null,
 "song_art_secondary_color": null,
 "song_art_text_color": null,
 "stats": {
  "unreviewed_annotations": 0,
  "hot": false,
  "pageviews": 166331
 },
 "title": "Wagon Wheel",
 "title_with_featured": "Wagon Wheel",
 "updated_by_human_at": 1614808371,
 "url": "https://genius.com/Darius-rucker-wagon-wheel-lyrics",
 "primary_artist": {
  "_type": "artist",
  "api_path": "/artists/21867",
  "header_image_url": "https://images.genius.com/6a629cf1a4b6fec5b21a8dd995cf928f.1000x519x1.jpg",
  "id": 21867,
  "image_url": "https://images.genius.com/0fc3950433f07df236e4337d78c09551.400x400x1.jpg",
  "index_character": "d",
  "is_meme_verified": false,
  "is_verified": false,
  "name": "Darius Rucker",
  "slug": "Darius-rucker",
  "url": "https://genius.com/artists/Darius-rucker"
 },
 "artist": "Darius Rucker",
 "lyrics": "[Verse 1]\nHeading down south to the land of the pines\nI'm thumbing my way into North Caroline\nStaring up the road and pray to God I see headlights\nI made it down the coast in seventeen hours\nPicking me a bouquet of dogwood flowers\nAnd I'm a-hoping for Raleigh, I can see my baby tonight\n\n[Chorus]\nSo rock me mama like a wagon wheel\nRock me mama any way you feel\nHey mama rock me\nRock me mama like the wind and the rain\nRock me mama like a south bound train\nHey mama rock me\n\n[Verse 2]\nRunning from the cold up in New England\nI was born to be a fiddler in an old time string band\nMy baby plays a guitar, I pick a banjo now\nOh, north country winters keep a-getting me down\nLost my money playing poker so I had to leave town\nBut I ain't turning back to living that old life no more\n\n[Chorus]\nSo rock me mama like a wagon wheel\nRock me mama any way you feel\nHey mama rock me\nRock me mama like the wind and the rain\nRock me mama like a south bound train\nHey mama rock me\n[Verse 3]\nWalking to the south out of Roanoke\nI caught a trucker out of Philly had a nice long toke\nBut he's a heading west from the Cumberland gap\nTo Johnson City, Tennessee\nAnd I got to get a move on before the sun\nI hear my baby calling my name and I know that she's the only one\nAnd if I die in Raleigh at least I will die free\n\n[Chorus]\nSo rock me mama like a wagon wheel\nRock me mama any way you feel\nHey mama rock me\nOh rock me mama like the wind and the rain\nRock me mama like a south bound train\nHey hey mama rock me\nSo rock me mama like a wagon wheel\nRock me mama any way you feel\nHey hey mama rock me\nMama rock me\nMama rock me\nRock me mama like the wind and the rain\nRock me mama like a south bound train\nHey hey mama rock me\nYou can rock me\nRock me"
}