{
 "_type": "song",
 "annotation_count": 25,
 "api_path": "/songs/88368",
 "full_title": "\uac15\ub0a8\uc2a4\ud0c0\uc77c (Gangnam Style) by\u00a0PSY",
 "header_image_thumbnail_url": "https://images.genius.com/ed62846fca4d8043ed3ebdfbb273d7f1.300x300x1.jpg",
 "header_image_url": "https://images.genius.com/ed62846fca4d8043ed3ebdfbb273d7f1.1000x1000x1.jpg",
 "id": 88368,
 "instrumental": false,
 "lyrics_owner_id": 6721806,
 "lyrics_state": "complete",
 "lyrics_updated_at": 1614510977,
 "path": "/Psy-gangnam-style-lyrics",
 "pyongs_count": 35,
 "song_art_image_thumbnail_url": "https://images.genius.com/ed62846fca4d8043ed3ebdfbb273d7f1.300x300x1.jpg",
 "song_art_image_url": "https://images.genius.com/ed62846fca4d8043ed3ebdfbb273d7f1.1000x1000x1.jpg",
 "song_art_primary_color": null,
 "song_art_secondary_color": null,
 "song_art_text_color": null,
 "stats": {
  "unreviewed_annotations": 0,
  "hot": false,
  "pageviews": 245284
 },
 "title": "\uac15\ub0a8\uc2a4\ud0c0\uc77c (Gangnam Style)",
 "title_with_featured": "\uac15\ub0a8\uc2a4\ud0c0\uc77c (Gangnam Style)",
 "updated_by_human_at": 1616533865,
 "url": "https://genius.com/Psy-gangnam-style-lyrics",
 "primary_artist": {
  "_type": "artist",
  "api_path": "/artists/24364",
  "header_image_url": "https://images.genius.com/9f6074ae859574c20a0109c696867805.1000x563x1.jpg",
  "id": 24364,
  "image_url": "https://images.genius.com/7c9251560f7e7b1dcbdbd5f7cf10e6d9.393x393x1.jpg",
  "index_character": "p",
  "is_meme_verified": false,
  "is_verified": false,
  "name": "PSY",
  "slug": "Psy",
  "url": "https://genius.com/artists/Psy"
 },
 "artist": "PSY",
 "lyrics": "Hangul\n\n[Intro]\n\uc624\ube64 \uac15\ub0a8 \uc2a4\ud0c0\uc77c\n\uac15\ub0a8 \uc2a4\ud0c0\uc77c\n\n[Verse 1]\n\ub0ae\uc5d0\ub294 \ub530\uc0ac\ub85c\uc6b4 \uc778\uac04\uc801\uc778 \uc5ec\uc790\n\ucee4\ud53c \ud55c\uc794\uc758 \uc5ec\uc720\ub97c \uc544\ub294, \ud488\uaca9 \uc788\ub294 \uc5ec\uc790\n\ubc24\uc774 \uc624\uba74 \uc2ec\uc7a5\uc774 \ub728\uac70\uc6cc\uc9c0\ub294 \uc5ec\uc790\n\uadf8\ub7f0 \ubc18\uc804 \uc788\ub294 \uc5ec\uc790\n\ub098\ub294 \uc0ac\ub098\uc774\n\ub0ae\uc5d0\ub294 \ub108\ub9cc\ud07c \ub530\uc0ac\ub85c\uc6b4 \uadf8\ub7f0 \uc0ac\ub098\uc774\n\ucee4\ud53c \uc2dd\uae30\ub3c4 \uc804\uc5d0 \uc6d0\uc0f7 \ub54c\ub9ac\ub294 \uc0ac\ub098\uc774\n\ubc24\uc774 \uc624\uba74 \uc2ec\uc7a5\uc774 \ud130\uc838 \ubc84\ub9ac\ub294 \uc0ac\ub098\uc774\n\uadf8\ub7f0 \uc0ac\ub098\uc774\n\n[Pre-Chorus]\n\uc544\ub984\ub2e4\uc6cc\n\uc0ac\ub791\uc2a4\ub7ec\uc6cc\n\uadf8\ub798, \ub108 (Hey)\n\uadf8\ub798, \ubc14\ub85c \ub108 (Hey)\n\uc544\ub984\ub2e4\uc6cc\n\uc0ac\ub791\uc2a4\ub7ec\uc6cc\n\uadf8\ub798, \ub108 (Hey)\n\uadf8\ub798, \ubc14\ub85c \ub108 (Hey)\n\uc9c0\uae08\ubd80\ud130 \uac08 \ub370\uae4c\uc9c0 \uac00 \ubcfc\uae4c\n[Chorus]\n\uc624\ube64 \uac15\ub0a8 \uc2a4\ud0c0\uc77c\n\uac15\ub0a8 \uc2a4\ud0c0\uc77c\n\uc635, \uc635, \uc635, \uc635, \uc624\ube64 \uac15\ub0a8 \uc2a4\ud0c0\uc77c\n\uac15\ub0a8 \uc2a4\ud0c0\uc77c\n\uc635, \uc635, \uc635, \uc635, \uc624\ube64 \uac15\ub0a8 \uc2a4\ud0c0\uc77c\n\uc5d0, sexy lady\n\uc635, \uc635, \uc635, \uc635, \uc624\ube64 \uac15\ub0a8 \uc2a4\ud0c0\uc77c\n\uc5d0, sexy lady\n\uc635, \uc635, \uc635, \uc635, \uc5d0\uc5d0\uc5d0 \uc5d0\uc5d0\uc5d0\n\n[Verse 2]\n\uc815\uc219\ud574 \ubcf4\uc774\uc9c0\ub9cc \ub180 \ub550 \ub178\ub294 \uc5ec\uc790\n\uc774\ub54c\ub2e4 \uc2f6\uc73c\uba74 \ubb36\uc5c8\ub358 \uba38\ub9ac \ud478\ub294 \uc5ec\uc790\n\uac00\ub838\uc9c0\ub9cc \uc6ec\ub9cc\ud55c \ub178\ucd9c\ubcf4\ub2e4 \uc57c\ud55c \uc5ec\uc790\n\uadf8\ub7f0 \uac10\uac01\uc801\uc778 \uc5ec\uc790\n\ub098\ub294 \uc0ac\ub098\uc774\n\uc810\uc796\uc544 \ubcf4\uc774\uc9c0\ub9cc \ub180 \ub550 \ub178\ub294 \uc0ac\ub098\uc774\n\ub54c\uac00 \ub418\uba74 \uc644\uc804 \ubbf8\uccd0 \ubc84\ub9ac\ub294 \uc0ac\ub098\uc774\n\uadfc\uc721\ubcf4\ub2e4 \uc0ac\uc0c1\uc774 \uc6b8\ud241\ubd88\ud241\ud55c \uc0ac\ub098\uc774\n\uadf8\ub7f0 \uc0ac\ub098\uc774\n\n[Pre-Chorus]\n\uc544\ub984\ub2e4\uc6cc\n\uc0ac\ub791\uc2a4\ub7ec\uc6cc\n\uadf8\ub798, \ub108 (Hey)\n\uadf8\ub798, \ubc14\ub85c \ub108 (Hey)\n\uc544\ub984\ub2e4\uc6cc\n\uc0ac\ub791\uc2a4\ub7ec\uc6cc\n\uadf8\ub798, \ub108 (Hey)\n\uadf8\ub798, \ubc14\ub85c \ub108 (Hey)\n\uc9c0\uae08\ubd80\ud130 \uac08 \ub370\uae4c\uc9c0 \uac00 \ubcfc\uae4c\n[Chorus]\n\uc624\ube64 \uac15\ub0a8 \uc2a4\ud0c0\uc77c\n\uac15\ub0a8 \uc2a4\ud0c0\uc77c\n\uc635, \uc635, \uc635, \uc635, \uc624\ube64 \uac15\ub0a8 \uc2a4\ud0c0\uc77c\n\uac15\ub0a8 \uc2a4\ud0c0\uc77c\n\uc635, \uc635, \uc635, \uc635, \uc624\ube64 \uac15\ub0a8 \uc2a4\ud0c0\uc77c\n\uc5d0, sexy lady\n\uc635, \uc635, \uc635, \uc635, \uc624\ube64 \uac15\ub0a8 \uc2a4\ud0c0\uc77c\n\uc5d0, sexy lady\n\uc635, \uc635, \uc635, \uc635, \uc5d0\uc5d0\uc5d0 \uc5d0\uc5d0\uc5d0\n\n[Bridge]\n\ub6f0\ub294 \ub188, \uadf8 \uc704\uc5d0 \ub098\ub294 \ub188\nBaby baby\n\ub098\ub294 \ubb58 \uc880 \uc544\ub294 \ub188\n\ub6f0\ub294 \ub188, \uadf8 \uc704\uc5d0 \ub098\ub294 \ub188\nBaby baby\n\ub098\ub294 \ubb58 \uc880 \uc544\ub294 \ub188\nYou know what I'm saying\n\n[Outro]\n\uc624\ube64 \uac15\ub0a8 \uc2a4\ud0c0\uc77c\n\uc5d0\uc5d0\uc5d0 \uc5d0\uc5d0\uc5d0 \uc5d0, sexy lady\n\uc635, \uc635, \uc635, \uc635, \uc624\ube64 \uac15\ub0a8 \uc2a4\ud0c0\uc77c\n\uc5d0, sexy lady\n\uc635, \uc635, \uc635, \uc635, \uc5d0\uc5d0\uc5d0 \uc5d0\uc5d0\uc5d0\n\uc624\ube64 \uac15\ub0a8 \uc2a4\ud0c0\uc77c\nRomanization\nOppan gang-namseutayil\nKang-namseutayil\nNaje-neun ttasaroun inkanjeo-gin yeoja\nKeopi hanjanye yeoyureuraneun pumkyeok i-nneun yeoja\nBami omyeon shimjangi tteugeowojineun yeoja\nKeureon banjeon i-nneun yeoja\nNaneun sana-i\nNaje-neun neomankeum ttasaroun geureon sana-i\nKeopi shikgido jeone wonsyas ttaerineun sana-i\nBami omyeon shimjangi teojyeobeorineun sana-i\nKeureon sana-i\nAreumdawo sarangseureowo\nKeurae neo hey keurae baro neo hey\nAreumdawo sarangseureowo\nKeurae neo hey keurae baro neo hey\nChigeumbu-teo kal dekkaji kabol-kka\nOppan Gangnam style\nGangnam style\nOppan Gangnam style\nGangnam style\nOppan Gangnam style\nEh- sexy lady\nOppan Gangnam style\nEh- sexy lady\nO-oo-o\nJeongsu-khae boijiman nol ttaen noneun yeoja\nIttaeda shipeumyeon mukkeot-deon meori puneun yeoja\nKaryeot-jiman wen-manhan nochulboda yahan yeoja\nKeureon gamkakjeo-gin yeoja\nNaneun sana-i\nJeomjanha boijiman nol ttaen noneun sana-i\nTtae-ga dwehmyeon wahnjeon michyeobeorineun sana-i\nKeunyukboda sasangi ul-tungbul-tung-han sana-i\nKeureon sana-i\nAreumdawo, sarangseureowo\nKeurae neo hey keurae baro neo hey\nAreumdawo, sarangseureowo\nKeurae neo hey keurae baro neo hey\nChigeumbu-teo kal dekkaji kabol-kka\nOppan Gangnam style\nGangnam style\nOppan Gangnam style\nGangnam style\nOppan Gangnam style\n\nEh- sexy lady\nOppan Gangnam style\nEh- sexy lady\nO-oo-o\n\nTtwiineun nom keu wiie naneun nom\nBaby baby\nNaneun mwol jom aneun nom\nTtwiineun nom keu wiie naneun nom\nBaby baby\nNaneun mwol jom aneun nom\nYou know what I\u2019m sayin'\nOppan Gangnam style\n\nEh- Sexy Lady Oppa Gangnam style\nEh- Sexy Lady Oppa Gangnam style o-oo-o oh"
}