{
 "_type": "song",
 "annotation_count": 10,
 "api_path": "/songs/154286",
 "full_title": "I Need Your Love by\u00a0Calvin\u00a0Harris (Ft.\u00a0Ellie\u00a0Goulding)",
 "header_image_thumbnail_url": "https://images.genius.com/4dba3e56f7a315d4d67b5663abaed60b.300x300x1.jpg",
 "header_image_url": "https://images.genius.com/4dba3e56f7a315d4d67b5663abaed60b.1000x1000x1.jpg",
 "id": 154286,
 "instrumental": false,
 "lyrics_owner_id": 26826,
 "lyrics_state": "complete",
 "lyrics_updated_at": 1611997543,
 "path": "/Calvin-harris-i-need-your-love-lyrics",
 "pyongs_count": 56,
 "song_art_image_thumbnail_url": "https://images.genius.com/30c2bf716e266236af4cc163be93db05.300x300x1.png",
 "song_art_image_url": "https://images.genius.com/30c2bf716e266236af4cc163be93db05.1000x1000x1.png",
 "song_art_primary_color": null,
 "song_art_secondary_color": null,
 "song_art_text_color": null,
 "stats": {
  "unreviewed_annotations": 1,
  "hot": false,
  "pageviews": 152843
 },
 "title": "I Need Your Love",
 "title_with_featured": "I Need Your Love (Ft.\u00a0Ellie\u00a0Goulding)",
 "updated_by_human_at": 1611997542,
 "url": "https://genius.com/Calvin-harris-i-need-your-love-lyrics",
 "primary_artist": {
  "_type": "artist",
  "api_path": "/artists/2069",
  "header_image_url": "https://images.genius.com/7dd591bc0e15efdb391751cfd33170e5.820x312x1.png",
  "id": 2069,
  "image_url": "https://images.genius.com/5a4c19533211eca706c6abdef9f14586.960x960x1.jpg",
  "index_character": "c",
  "is_meme_verified": false,
  "is_verified": true,
  "name": "Calvin Harris",
  "slug": "Calvin-harris",
  "url": "https://genius.com/artists/Calvin-harris",
  "iq": 160
 },
 "artist": "Calvin Harris",
 "lyrics": "[Chorus]\nI need your love, I need your time\nWhen everything's wrong, you make it right\nI feel so high, I come alive\nI need to be free with you tonight\nI need your love\nI need your love\n\n[Verse 1]\nI take a deep breath every time I pass your door\nI know you're there, but I can't see you anymore\nAnd that's the reason you're in the dark\nI've been a stranger ever since we fell apart\n\n[Pre-Chorus]\nAnd I feel so helpless here\nWatch, my eyes are filled with fear\nTell me, do you feel the same?\nHold me in your arms again\n[Chorus]\nI need your love, I need your time\nWhen everything's wrong, you make it right\nI feel so high, I come alive\nI need to be free with you tonight\nI need your love\nI need your love\n[Verse 2]\nNow I'm dreaming, will ever find you now?\nI walk in circles, but I'll never figure out\nWhat I mean to you, do I belong?\nI try to fight this, but I know I'm not that strong\n\n[Pre-Chorus]\nAnd I feel so helpless here\nWatch, my eyes are filled with fear\nTell me, do you feel the same?\nHold me in your arms again\n[Chorus]\nI need your love, I need your time\nWhen everything's wrong, you make it right\nI feel so high, I come alive\nI need to be free with you tonight\nI need your love\nI need your love\n\n[Bridge]\nAll the years, all the times\nYou were never been to blame\nAnd now my eyes are open\nAnd now my heart is closing\nAnd all the tears, all the lies, all the waste\nI've been trying to make it change\nAnd now my eyes are open\n[Chorus]\nI need your love, I need your time\nWhen everything's wrong, you make it right\nI feel so high, I come alive\nI need to be free"
}