{
 "_type": "song",
 "annotation_count": 5,
 "api_path": "/songs/89732",
 "full_title": "Die Young by\u00a0Kesha",
 "header_image_thumbnail_url": "https://images.genius.com/bf97854aa6bf7c055327c4bced113f68.300x300x1.jpg",
 "header_image_url": "https://images.genius.com/bf97854aa6bf7c055327c4bced113f68.1000x1000x1.jpg",
 "id": 89732,
 "instrumental": false,
 "lyrics_owner_id": 12128,
 "lyrics_state": "complete",
 "lyrics_updated_at": 1614141771,
 "path": "/Kesha-die-young-lyrics",
 "pyongs_count": 28,
 "song_art_image_thumbnail_url": "https://images.genius.com/bf97854aa6bf7c055327c4bced113f68.300x300x1.jpg",
 "song_art_image_url": "https://images.genius.com/bf97854aa6bf7c055327c4bced113f68.1000x1000x1.jpg",
 "song_art_primary_color": null,
 "song_art_secondary_color": null,
 "song_art_text_color": null,
 "stats": {
  "unreviewed_annotations": 2,
  "hot": false,
  "pageviews": 138390
 },
 "title": "Die Young",
 "title_with_featured": "Die Young",
 "updated_by_human_at": 1614141771,
 "url": "https://genius.com/Kesha-die-young-lyrics",
 "primary_artist": {
  "_type": "artist",
  "api_path": "/artists/1519",
  "header_image_url": "https://images.genius.com/6f02277855a5c63db0d57f9ac232806e.1000x1000x1.jpg",
  "id": 1519,
  "image_url": "https://images.genius.com/09ad9446377eb964518263b9c86641f4.864x864x1.jpg",
  "index_character": "k",
  "is_meme_verified": false,
  "is_verified": false,
  "name": "Kesha",
  "slug": "Kesha",
  "url": "https://genius.com/artists/Kesha"
 },
 "artist": "Kesha",
 "lyrics": "[Chorus]\nI hear your heart beat to the beat of the drums\nOh, what a shame that you came here with someone\nSo while you're here in my arms\nLet's make the most of the night, like we're gonna die young\nWe're gonna die young\nWe're gonna die young\nLet's make the most of the night, like we're gonna die young\nLet's make the most of the night, like we're gonna die young\n\n[Verse 1]\nYoung hearts, out our minds\nRunnin' 'til we outta time\nWild childs, lookin' good\nLivin' hard just like we should\nDon't care who's watchin' when we tearin' it up (You know)\nThat magic that we got, nobody can touch (Fo' sho')\n\n[Pre-Chorus]\nLookin' for some trouble tonight (Yeah)\nTake my hand, I'll show you the wild side\nLike it's the last night of our lives (Uh-huh)\nWe'll keep dancin' 'til we die\n\n[Chorus]\nI hear your heart beat to the beat of the drums\nOh, what a shame that you came here with someone\nSo while you're here in my arms\nLet's make the most of the night, like we're gonna die young\nWe're gonna die young\nWe're gonna die young\nLet's make the most of the night, like we're gonna die young\nLet's make the most of the night, like we're gonna die young\n[Verse 2]\nYoung punks takin' shots\nStrippin' down to dirty socks\nMusic up, gettin' hot\nKiss me, gimme all you got\nIt's pretty obvious that you got a crush (You know)\nThat magic in your pants, it's makin' me blush (Fo' sho')\n\n[Pre-Chorus]\nLookin' for some trouble tonight (Yeah)\nTake my hand, I'll show you the wild side\nLike it's the last night of our lives (Uh-huh)\nWe'll keep dancin' 'til we die\n\n[Chorus]\nI hear your heart beat to the beat of the drums\nOh, what a shame that you came here with someone\nSo while you're here in my arms\nLet's make the most of the night, like we're gonna die young\nI hear your heart beat to the beat of the drums\nOh, what a shame that you came here with someone\nSo while you're here in my arms\nLet's make the most of the night, like we're gonna die young\n\n[Outro]\nWe're gonna die young\nWe're gonna die young\nLet's make the most of the night, like we're gonna die young"
}