{
 "_type": "song",
 "annotation_count": 27,
 "api_path": "/songs/66704",
 "full_title": "Some Nights by\u00a0\u200bfun.",
 "header_image_thumbnail_url": "https://images.genius.com/f417046959bc53fbc215fbf26662473b.300x300x1.jpg",
 "header_image_url": "https://images.genius.com/f417046959bc53fbc215fbf26662473b.1000x1000x1.jpg",
 "id": 66704,
 "instrumental": false,
 "lyrics_owner_id": 74541,
 "lyrics_state": "complete",
 "lyrics_updated_at": 1614264220,
 "path": "/Fun-some-nights-lyrics",
 "pyongs_count": 80,
 "song_art_image_thumbnail_url": "https://images.genius.com/ee7cb36a035c843602d1ebc1159d6764.300x300x1.jpg",
 "song_art_image_url": "https://images.genius.com/ee7cb36a035c843602d1ebc1159d6764.800x800x1.jpg",
 "song_art_primary_color": null,
 "song_art_secondary_color": null,
 "song_art_text_color": null,
 "stats": {
  "unreviewed_annotations": 4,
  "concurrents": 2,
  "hot": false,
  "pageviews": 985550
 },
 "title": "Some Nights",
 "title_with_featured": "Some Nights",
 "updated_by_human_at": 1614729015,
 "url": "https://genius.com/Fun-some-nights-lyrics",
 "primary_artist": {
  "_type": "artist",
  "api_path": "/artists/16671",
  "header_image_url": "https://images.genius.com/e75d73303a7afd418811ff7d9c90d481.1000x400x1.jpg",
  "id": 16671,
  "image_url": "https://images.genius.com/075b02e36b1230145aa95025a576e735.1000x1000x1.jpg",
  "index_character": "f",
  "is_meme_verified": false,
  "is_verified": false,
  "name": "\u200bfun.",
  "slug": "Fun",
  "url": "https://genius.com/artists/Fun"
 },
 "artist": "\u200bfun.",
 "lyrics": "[Chorus]\nSome nights, I stay up cashing in my bad luck\nSome nights, I call it a draw\nSome nights, I wish that my lips could build a castle\nSome nights, I wish they'd just fall off\nBut I still wake up, I still see your ghost\nOh, Lord, I'm still not sure what I stand for, oh\n(Oh-ooh-whoa) What do I stand for?\n(Oh-ooh-whoa) What do I stand for?\nMost nights, I don't know anymore\n\n[Refrain]\nOh-whoa, oh-ooh-whoa-oh\nOh-ooh-whoa-oh, oh-oh\nOh-whoa, oh-ooh-whoa-oh\nOh-ooh-whoa-oh, oh-oh\n\n[Verse 1]\nThis is it, boys, this is war\n(Oh-whoa, oh-ooh-whoa-oh)\nWhat are we waiting for?\n(Oh-ooh-whoa-oh, oh-oh)\nWhy don't we break the rules already?\nI was never one to believe the hype\n(Oh-whoa, oh-ooh-whoa-oh)\nSave that for the black and white\n(Oh-ooh-whoa-oh, oh-oh)\nTry twice as hard and I'm half as liked\nBut here they come again to jack my style\n[Bridge]\nAnd that's alright (That's Alright)\nI found a martyr in my bed tonight\nShe stops my bones from wondering\nJust who I, who, I, who I am\nOh, who am I? Mmm, mmm\n\n[Chorus]\nWell, some nights, I wish that this all would end\n'Cause I could use some friends for a change\nAnd some nights, I'm scared you'll forget me again\nSome nights, I always win (I always win)\nBut I still wake up, I still see your ghost\nOh Lord, I'm still not sure what I stand for, oh\n(Oh-ooh-whoa-oh) What do I stand for?\n(Oh-ooh-whoa-oh) What do I stand for?\nMost nights, I don't know\n\n[Bridge]\n(Oh, come on) So this is it?\nI sold my soul for this?\nWashed my hands of that for this?\nI miss my mom and dad for this?\n(Oh, come on) No, when I see stars, when I s-\nWhen I see stars, that's all they are\nWhen I hear songs, they sound like a swan\nSo come on, oh come on, oh come on\nOh come on\n[Verse 2]\nWell, that is it, guys, that is all\n(Oh-whoa, oh-ooh-whoa-oh)\nFive minutes in, and I'm bored again\n(Oh-ooh-whoa-oh, oh-oh)\nTen years of this, I'm not sure if anybody understands\nThis one is not for the folks at home\n(Oh-whoa, oh-ooh-whoa-oh)\nSorry to leave, Mom, I had to go\n(Oh-ooh-whoa-oh, oh-oh)\nWho the fuck wants to die alone\nAll dried up in the desert sun?\n\n[Bridge]\nMy heart is breaking for my sister\nAnd the con that she called \"love\"\nAnd then I look into my nephew's eyes\nMan, you wouldn't believe\nThe most amazing things\nThat can come from\nSome terrible nights\n\n[Refrain]\nOh-whoa, oh-ooh-whoa-oh\nOh-ooh-whoa-oh, oh-oh\nOh-whoa, oh-ooh-whoa-oh\nOh-ooh-whoa-oh, oh-oh\n[Outro]\nThe other night, you wouldn't believe\nThe dream I just had about you and me\nI called you up, but we'd both agree\nIt's for the best you didn't listen\nIt's for the best we get our distance, oh\nFor the best you didn't listen\nIt's for the best we get our distance, oh"
}