{
 "_type": "song",
 "annotation_count": 14,
 "api_path": "/songs/115743",
 "full_title": "Mirrors by\u00a0Justin\u00a0Timberlake",
 "header_image_thumbnail_url": "https://images.genius.com/ca3c8ee7f6ec373b9efc836b13bd222f.300x300x1.jpg",
 "header_image_url": "https://images.genius.com/ca3c8ee7f6ec373b9efc836b13bd222f.1000x1000x1.jpg",
 "id": 115743,
 "instrumental": false,
 "lyrics_owner_id": 11524,
 "lyrics_state": "complete",
 "lyrics_updated_at": 1612355491,
 "path": "/Justin-timberlake-mirrors-lyrics",
 "pyongs_count": 227,
 "song_art_image_thumbnail_url": "https://images.rapgenius.com/8767b13a976942319147c2bee75c1860.300x300x1.jpg",
 "song_art_image_url": "https://images.rapgenius.com/8767b13a976942319147c2bee75c1860.600x600x1.jpg",
 "song_art_primary_color": null,
 "song_art_secondary_color": null,
 "song_art_text_color": null,
 "stats": {
  "unreviewed_annotations": 0,
  "concurrents": 8,
  "hot": false,
  "pageviews": 2808178
 },
 "title": "Mirrors",
 "title_with_featured": "Mirrors",
 "updated_by_human_at": 1612355491,
 "url": "https://genius.com/Justin-timberlake-mirrors-lyrics",
 "primary_artist": {
  "_type": "artist",
  "api_path": "/artists/334",
  "header_image_url": "https://images.genius.com/aa6dfaa347c15f7c3b5a4c768beb5465.1000x563x1.jpg",
  "id": 334,
  "image_url": "https://images.genius.com/d33775ee78f5b76308d1e024eb2c5867.1000x1000x1.jpg",
  "index_character": "j",
  "is_meme_verified": false,
  "is_verified": true,
  "name": "Justin Timberlake",
  "slug": "Justin-timberlake",
  "url": "https://genius.com/artists/Justin-timberlake",
  "iq": 521
 },
 "artist": "Justin Timberlake",
 "lyrics": "[Verse 1]\nAren't you somethin' to admire?\n'Cause your shine is somethin' like a mirror\nAnd I can't help but notice\nYou reflect in this heart of mine\nIf you ever feel alone and\nThe glare makes me hard to find\nJust know that I'm always\nParallel on the other side\n\n[Pre-Chorus]\n'Cause with your hand in my hand and a pocket full of soul\nI can tell you there's no place we couldn't go\nJust put your hand on the glass\nI\u2019ll be there to pull you through\nYou just gotta be strong\n\n[Chorus]\nI don't wanna lose you now\nI'm lookin' right at the other half of me\nThe vacancy that sat in my heart\nIs a space that now you hold\nShow me how to fight for now\nAnd I'll tell you, baby, it was easy\nComin' back here to you once I figured it out\nYou were right here all along\nIt's like you're my mirror (Oh)\nMy mirror staring back at me  (Oh)\nI couldn't get any bigger (Oh)\nWith anyone else beside me (Oh)\nAnd now it's clear as this promise\nThat we're making\nTwo reflections into one\n'Cause it's like you're my mirror (Oh)\nMy mirror staring back at me, staring back at me\n[Verse 2]\nAren't you somethin', an original?\n'Cause it doesn't seem merely assembled\nAnd I can't help but stare, 'cause\nI see truth somewhere in your eyes\nI can't ever change without you\nYou reflect me, I love that about you\nAnd if I could, I\nWould look at us all the time\n\n[Pre-Chorus]\n'Cause with your hand in my hand and a pocket full of soul\nI can tell you there's no place we couldn't go\nJust put your hand on the past\nI'm here tryna pull you through\nYou just gotta be strong\n\n[Chorus]\nI don't wanna lose you now\nI'm lookin' right at the other half of me\nThe vacancy that sat in my heart\nIs a space that now you hold\nShow me how to fight for now\nAnd I'll tell you, baby, it was easy\nComin' back here to you once I figured it out\nYou were right here all along\nIt's like you're my mirror (Oh)\nMy mirror staring back at me (Oh)\nI couldn't get any bigger (Oh)\nWith anyone else beside me (Oh)\nAnd now it's clear as this promise\nThat we're making\nTwo reflections into one\n'Cause it's like you're my mirror (Oh)\nMy mirror staring back at me, staring back at me\n[Bridge]\nYesterday is history, oh\nTomorrow's a mystery, oh\nI can see you lookin' back at me\nKeep your eyes on me\nBaby, keep your eyes on me\n\n[Chorus]\n'Cause I don't wanna lose you now\nI'm lookin' right at the other half of me\nThe vacancy that sat in my heart\nIs a space that now you hold\nShow me how to fight for now (You show me, baby)\nAnd I'll tell you, baby, it was easy\nComin' back here to you once I figured it out\nYou were right here all along\nIt's like you're my mirror (Oh)\nMy mirror staring back at me (Oh)\nI couldn't get any bigger (Oh)\nWith anyone else beside me (Oh)\nAnd now it's clear as this promise\nThat we're making\nTwo reflections into one\n'Cause it's like you're my mirror (Oh)\nMy mirror staring back at me, staring back at me\n[Post-Chorus]\nOhh (Oh oh, oh oh)\nOhh (Oh oh, oh oh)\nOhh ohh (Oh oh, oh oh)\nUhh (Oh oh, oh oh)\nOhh (Oh oh, oh oh)\n\n[Break]\nYou are, you are the love of my life\nYou are, you are the love of my life\nYou are, you are the love of my life\nYou are, you are the love of my life\nYou are, you are the love of my life\nYou are, you are the love of my life\nYou are, you are the love of my life\nYou are, you are the love of my life\nYou are, you are the love of my life\n\n[Verse 3]\nNow, you're the inspiration of this precious song\nAnd I just wanna see your face light up since you put me on\nSo now I say goodbye to the old me, it's already gone\nAnd I can't wait, wait, wait, wait, wait to get you home\nJust to let you know, you are\n\n[Break]\nYou are, you are the love of my life\nYou are, you are the love of my life\nYou are, you are the love of my life\nYou are, you are the love of my life\nYou are, you are the love of my life\nYou are, you are the love of my life\nYou are, you are the love of my life\nYou are, you are the love of my life\n\n[Verse 4]\nGirl, you're my reflection, all I see is you\nMy reflection, in everything I do\nYou're my reflection and all I see is you\nMy reflection, in everything I do\n\n[Break]\nYou are, you are the love of my life\nYou are, you are the love of my life\nYou are, you are the love of my life\nYou are, you are the love of my life\nYou are, you are the love of my life\nYou are, you are the love of my life\nYou are, you are the love of my life\nYou are, you are the love of my life\nYou are, you are the love of my life\nYou are, you are the love of my life\nYou are, you are the love of my life\nYou are, you are the love of my life\nYou are, you are the love of my life\nYou are, you are the love of my life\nYou are, you are the love of my life\nYou are, you are the love of my life"
}