{
 "_type": "song",
 "annotation_count": 12,
 "api_path": "/songs/156344",
 "full_title": "Gone, Gone, Gone by\u00a0Phillip\u00a0Phillips",
 "header_image_thumbnail_url": "https://images.genius.com/5e232dd64287b8e4a77f5fb9eaddea71.300x300x1.jpg",
 "header_image_url": "https://images.genius.com/5e232dd64287b8e4a77f5fb9eaddea71.1000x1000x1.jpg",
 "id": 156344,
 "instrumental": false,
 "lyrics_owner_id": 10380,
 "lyrics_state": "complete",
 "lyrics_updated_at": 1611684657,
 "path": "/Phillip-phillips-gone-gone-gone-lyrics",
 "pyongs_count": 40,
 "song_art_image_thumbnail_url": "https://images.genius.com/b9ec569565cc6299816e0d5ed2165c8f.300x300x1.png",
 "song_art_image_url": "https://images.genius.com/b9ec569565cc6299816e0d5ed2165c8f.1000x1000x1.png",
 "song_art_primary_color": null,
 "song_art_secondary_color": null,
 "song_art_text_color": null,
 "stats": {
  "unreviewed_annotations": 11,
  "hot": false,
  "pageviews": 106966
 },
 "title": "Gone, Gone, Gone",
 "title_with_featured": "Gone, Gone, Gone",
 "updated_by_human_at": 1611684657,
 "url": "https://genius.com/Phillip-phillips-gone-gone-gone-lyrics",
 "primary_artist": {
  "_type": "artist",
  "api_path": "/artists/49866",
  "header_image_url": "https://images.genius.com/7a1007619c7e0dd0357c324a4b315ec9.1000x333x1.jpg",
  "id": 49866,
  "image_url": "https://images.genius.com/79f090fbbff6f2360c849b6868fb2d91.400x400x1.jpg",
  "index_character": "p",
  "is_meme_verified": false,
  "is_verified": false,
  "name": "Phillip Phillips",
  "slug": "Phillip-phillips",
  "url": "https://genius.com/artists/Phillip-phillips"
 },
 "artist": "Phillip Phillips",
 "lyrics": "[Verse 1]\nWhen life leaves you high and dry\nI'll be at your door tonight\nIf you need help, if you need help\nI'll shut down the city lights\nI'll lie, cheat, I'll beg and bribe\nTo make you well, to make you well\n\n[Verse 2]\nWhen enemies are at your door\nI'll carry you away from war\nIf you need help, if you need help\nYour hope dangling by a string\nI'll share in your suffering\nTo make you well, to make you well\n\n[Bridge]\nGive me reasons to believe\nThat you would do the same for me\n\n[Chorus]\nAnd I will do it for you, for you\nBaby, I'm not moving on\nI'll love you long after you're gone\nFor you, for you\nYou will never sleep alone\nI'll love you long after you're gone\nAnd long after you're gone, gone, gone\n[Verse 3]\nWhen you fall like a statue\nI'm gon' be there to catch you\nPut you on your feet, you on your feet\nAnd if your well is empty\nNot a thing will prevent me\nTell me what you need, what do you need\n\n[Pre Chorus]\nI surrender honestly\nYou've always done the same for me\n\n[Chorus]\nSo I will do it for you, for you\nBaby, I'm not moving on\nI'll love you long after you're gone\nFor you, for you\nYou will never sleep alone\nI'll love you long after you're gone\nAnd long after you're gone, gone, gone\n\n[Bridge]\nYou're my backbone\nYou're my cornerstone\nYou're my crutch when my legs stop moving\nYou're my head start\nYou're my rugged heart\nYou're the pulse that I've always needed\nLike a drum, baby, don't stop beating\nLike a drum, baby, don't stop beating\nLike a drum, baby, don't stop beating\nLike a drum my heart never stops beating\n[Chorus]\nFor you, for you\nBaby, I'm not moving on\nI'll love you long after you're gone\nFor you, for you\nYou will never sleep alone\nI'll love you long after you're gone\nFor you, for you\nBaby, I'm not moving on\nI'll love you long after you're gone\nFor you, for you\nYou will never sleep alone\nI'll love you long\nLong after you're gone\n\n[Outro]\nLike a drum, baby, don't stop beating\nLike a drum, baby, don't stop beating\nLike a drum, baby, don't stop beating\nLike a drum my heart never stops beating for you\nAnd long after you're gone, gone, gone\nI'll love you long after you're gone, gone, gone"
}