{
 "_type": "song",
 "annotation_count": 13,
 "api_path": "/songs/109206",
 "full_title": "Demons by\u00a0Imagine\u00a0Dragons",
 "header_image_thumbnail_url": "https://images.genius.com/932c0ea85b588b21992d8a4b541bbc51.300x300x1.jpg",
 "header_image_url": "https://images.genius.com/932c0ea85b588b21992d8a4b541bbc51.905x905x1.jpg",
 "id": 109206,
 "instrumental": false,
 "lyrics_owner_id": 172611,
 "lyrics_state": "complete",
 "lyrics_updated_at": 1613194954,
 "path": "/Imagine-dragons-demons-lyrics",
 "pyongs_count": 367,
 "song_art_image_thumbnail_url": "https://images.genius.com/cc614ee6032a8b68a85647e0b3b32899.300x300x1.jpg",
 "song_art_image_url": "https://images.genius.com/cc614ee6032a8b68a85647e0b3b32899.1000x1000x1.jpg",
 "song_art_primary_color": null,
 "song_art_secondary_color": null,
 "song_art_text_color": null,
 "stats": {
  "unreviewed_annotations": 0,
  "hot": false,
  "pageviews": 1160914
 },
 "title": "Demons",
 "title_with_featured": "Demons",
 "updated_by_human_at": 1615148743,
 "url": "https://genius.com/Imagine-dragons-demons-lyrics",
 "primary_artist": {
  "_type": "artist",
  "api_path": "/artists/29472",
  "header_image_url": "https://images.genius.com/c473cf5623f679f213e3c6e2e59b9297.1000x375x1.jpg",
  "id": 29472,
  "image_url": "https://images.genius.com/e3c19e5979960875de2b85e4dc289118.1000x1000x1.jpg",
  "index_character": "i",
  "is_meme_verified": false,
  "is_verified": false,
  "name": "Imagine Dragons",
  "slug": "Imagine-dragons",
  "url": "https://genius.com/artists/Imagine-dragons"
 },
 "artist": "Imagine Dragons",
 "lyrics": "[Verse 1]\nWhen the days are cold and the cards all fold\nAnd the saints we see are all made of gold\nWhen your dreams all fail and the ones we hail\nAre the worst of all, and the blood's run stale\n\n[Pre-Chorus]\nI wanna hide the truth, I wanna shelter you\nBut with the beast inside, there's nowhere we can hide\nNo matter what we breed, we still are made of greed\nThis is my kingdom come, this is my kingdom come\n\n[Chorus]\nWhen you feel my heat, look into my eyes\nIt's where my demons hide, it's where my demons hide\nDon't get too close; it's dark inside\nIt's where my demons hide, it's where my demons hide\n\n[Verse 2]\nAt the curtain's call it's the last of all\nWhen the lights fade out, all the sinners crawl\nSo they dug your grave and the masquerade\nWill come calling out at the mess you've made\n\n[Pre-Chorus]\nDon't wanna let you down, but I am hell-bound\nThough this is all for you, don't wanna hide the truth\nNo matter what we breed, we still are made of greed\nThis is my kingdom come, this is my kingdom come\n[Chorus]\nWhen you feel my heat, look into my eyes\nIt's where my demons hide, it's where my demons hide\nDon't get too close; it's dark inside\nIt's where my demons hide, it's where my demons hide\n\n[Bridge]\nThey say it's what you make, I say it's up to fate\nIt's woven in my soul, I need to let you go\nYour eyes, they shine so bright, I wanna save that light\nI can't escape this now, unless you show me how\n\n[Chorus]\nWhen you feel my heat, look into my eyes\nIt's where my demons hide, it's where my demons hide\nDon't get too close; it's dark inside\nIt's where my demons hide, it's where my demons hide"
}