{
 "_type": "song",
 "annotation_count": 13,
 "api_path": "/songs/145495",
 "full_title": "Counting Stars by\u00a0OneRepublic",
 "header_image_thumbnail_url": "https://images.genius.com/76785cba45df6397ce5309d58a49cb4a.300x300x1.jpg",
 "header_image_url": "https://images.genius.com/76785cba45df6397ce5309d58a49cb4a.1000x1000x1.jpg",
 "id": 145495,
 "instrumental": false,
 "lyrics_owner_id": 44992,
 "lyrics_state": "complete",
 "lyrics_updated_at": 1602727975,
 "path": "/Onerepublic-counting-stars-lyrics",
 "pyongs_count": 395,
 "song_art_image_thumbnail_url": "https://images.genius.com/cbab86a76758a657a0ac50b4400a5a7b.300x300x1.png",
 "song_art_image_url": "https://images.genius.com/cbab86a76758a657a0ac50b4400a5a7b.300x300x1.png",
 "song_art_primary_color": null,
 "song_art_secondary_color": null,
 "song_art_text_color": null,
 "stats": {
  "unreviewed_annotations": 0,
  "hot": false,
  "pageviews": 1193338
 },
 "title": "Counting Stars",
 "title_with_featured": "Counting Stars",
 "updated_by_human_at": 1615051610,
 "url": "https://genius.com/Onerepublic-counting-stars-lyrics",
 "primary_artist": {
  "_type": "artist",
  "api_path": "/artists/934",
  "header_image_url": "https://images.genius.com/b8ca2eadccb3e14e3dfe1cda57430f7e.1000x1000x1.jpg",
  "id": 934,
  "image_url": "https://images.genius.com/d6a861490a1229c8c906d2c943ae0b33.1000x1000x1.jpg",
  "index_character": "o",
  "is_meme_verified": true,
  "is_verified": true,
  "name": "OneRepublic",
  "slug": "Onerepublic",
  "url": "https://genius.com/artists/Onerepublic",
  "iq": 3105
 },
 "artist": "OneRepublic",
 "lyrics": "[Chorus]\nLately, I've been, I've been losing sleep\nDreaming about the things that we could be\nBut baby, I've been, I've been praying hard\nSaid no more counting dollars, we'll be counting stars\nYeah, we'll be counting stars\n\n[Verse 1]\nI see this life, like a swinging vine\nSwing my heart across the line\nAnd in my face is flashing signs\nSeek it out and ye' shall find\nOld, but I'm not that old\nYoung, but I'm not that bold\nAnd I don't think the world is sold\nOn just doing what we're told\n\n[Pre-Chorus]\nI feel something so right doing the wrong thing\nI feel something so wrong doing the right thing\nI couldn't lie, couldn't lie, couldn't lie\nEverything that kills me makes me feel alive\n\n[Chorus]\nLately, I've been, I've been losing sleep\nDreaming about the things that we could be\nBut baby, I've been, I've been praying hard\nSaid no more counting dollars, we'll be counting stars\nLately, I've been, I've been losing sleep\nDreaming about the things that we could be\nBut baby, I've been, I've been praying hard\nSaid no more counting dollars, we'll be, we'll be counting stars\n[Verse 2]\nI feel your love and I feel it burn\nDown this river, every turn\nHope is our four-letter word\nMake that money, watch it burn\nOld, but I'm not that old\nYoung, but I'm not that bold\nAnd I don't think the world is sold\nOn just doing what we're told\n\n[Pre-Chorus]\nI feel something so wrong doing the right thing\nI couldn't lie, couldn't lie, couldn't lie\nEverything that drowns me makes me wanna fly\n\n[Chorus]\nLately, I've been, I've been losing sleep\nDreaming about the things that we could be\nBut baby, I've been, I've been praying hard\nSaid no more counting dollars, we'll be counting stars\nLately, I've been, I've been losing sleep\nDreaming about the things that we could be\nBut baby, I've been, I've been praying hard\nSaid no more counting dollars, we'll be, we'll be counting stars\n\n[Bridge]\nTake that money, watch it burn\nSink in the river the lessons I learned\nTake that money, watch it burn\nSink in the river the lessons I learned\nTake that money, watch it burn\nSink in the river the lessons I learned\nTake that money, watch it burn\nSink in the river the lessons I learned\n[Pre-Chorus]\nEverything that kills me makes me feel alive\n\n[Chorus]\nLately, I've been, I've been losing sleep\nDreaming about the things that we could be\nBut baby, I've been, I've been praying hard\nSaid no more counting dollars, we'll be counting stars\nLately, I've been, I've been losing sleep\nDreaming about the things that we could be\nBut baby, I've been, I've been praying hard\nSaid no more counting dollars, we'll be, we'll be counting stars\n\n[Outro]\nTake that money, watch it burn\nSink in the river the lessons I've learned\nTake that money, watch it burn\nSink in the river the lessons I've learned\nTake that money, watch it burn\nSink in the river the lessons I've learned\nTake that money, watch it burn\nSink in the river the lessons I've learned"
}