{
 "_type": "song",
 "annotation_count": 9,
 "api_path": "/songs/92170",
 "full_title": "I Cry by\u00a0Flo\u00a0Rida",
 "header_image_thumbnail_url": "https://images.genius.com/6732a46235bea9825aa76105e0a11d54.300x300x1.png",
 "header_image_url": "https://images.genius.com/6732a46235bea9825aa76105e0a11d54.300x300x1.png",
 "id": 92170,
 "instrumental": false,
 "lyrics_owner_id": 131608,
 "lyrics_state": "complete",
 "lyrics_updated_at": 1613707155,
 "path": "/Flo-rida-i-cry-lyrics",
 "pyongs_count": 15,
 "song_art_image_thumbnail_url": "https://images.genius.com/6732a46235bea9825aa76105e0a11d54.300x300x1.png",
 "song_art_image_url": "https://images.genius.com/6732a46235bea9825aa76105e0a11d54.300x300x1.png",
 "song_art_primary_color": null,
 "song_art_secondary_color": null,
 "song_art_text_color": null,
 "stats": {
  "unreviewed_annotations": 2,
  "hot": false,
  "pageviews": 73313
 },
 "title": "I Cry",
 "title_with_featured": "I Cry",
 "updated_by_human_at": 1613707155,
 "url": "https://genius.com/Flo-rida-i-cry-lyrics",
 "primary_artist": {
  "_type": "artist",
  "api_path": "/artists/1081",
  "header_image_url": "https://images.genius.com/44e416652d99d5ed1cb096db255fc5ab.1000x333x1.jpg",
  "id": 1081,
  "image_url": "https://images.genius.com/0c53aacbe8eb21d44f3a7faf98e26f45.658x658x1.jpg",
  "index_character": "f",
  "is_meme_verified": false,
  "is_verified": false,
  "name": "Flo Rida",
  "slug": "Flo-rida",
  "url": "https://genius.com/artists/Flo-rida"
 },
 "artist": "Flo Rida",
 "lyrics": "[Chorus: Flo Rida & Brenda Russell]\nI know\nCaught up in the middle\nI cry, just a little\nWhen I think of letting go\nOh no\nGave up on the riddle\nI cry, just a little\nWhen I think of letting go\n\n[Verse 1: Flo Rida]\nI know you wanna get behind the wheel, but only one Rida\nEyes shut, still got me swimming like a diver\nCan't let go, I got fans in Okinawa\nMy heart to Japan, quake losers and surviors\nNorway, no, you didn't get my flowers\nNo way to say it better, but the killer was a Coward\nFace just showered, the minute in a hour\nHeard about the news, whole day went sour\nLil mama got me feeling like a lemon-head\nPut you in the box just as poisonous as cigarettes\nGive 'em my regards or regardless I get arrested\nAin't worried about the killers, just the young and restless\nGetting mad cause the quarter million on my necklace\nDUI never said I was driving reckless\nYou and I know that jealously is not impressive\nOh no, I can't stop, I was destined\n[Chorus: Brenda Russell with Flo Rida]\nI know\nCaught up in the middle\nI cry, just a little\nWhen I think of letting go\nOh no\nGave up on the riddle\nI cry, just a little\nWhen I think of letting go\nI know\nCaught up in the middle\nI cry, just a little\nWhen I think of letting go\nOh no\nGave up on the riddle\nI cry, just a little\nWhen I think of letting go\n\n[Verse 2: Flo Rida]\nChampagne buckets still got two tears in it\nAnd I put that on my tattoo of Jimi Hendrix\nGet the pressed leather outfit all in it\n'Cause the press tell it all get a meal ticket\nClean next, get a call, just a lil visit\nSacrifice just to make a hit still vivid\nReality stressed when you're blessed, just kill critics\nBuggatti never meant I'm rich, just God-fearing\nLook at me steering, got the bossing staring\nGot a good feeling, Mr. Mike Caren\nTell his Billie Jeans, I'm on another planet\nThank E-Class, Big Chuck or Lee Prince Perries\nBuy my momma chandeliers on my tears, dammit\nThirty years you had thought these emotions vanish\nTryna live, tryna figure how your sister vanish\nNo cheers, I know you wouldn't panic\n[Chorus: Brenda Russell with Flo Rida]\nI know\nCaught up in the middle\nI cry, just a little\nWhen I think of letting go\nOh no\nGave up on the riddle\nI cry, just a little\nWhen I think of letting go\nI know\nCaught up in the middle\nI cry, just a little\nWhen I think of letting go\nOh no\nGave up on the riddle\nI cry, just a little\nWhen I think of letting go\n\n[Bridge: Flo Rida]\nWhen I need a healing, I just look up to the ceiling\nI see the sun coming down, I know it's all better now\nWhen I need a healing, I just look up to the ceiling\nI see the sun coming down, I know it's all better now\nWhen I need a healing, I just look up to the ceiling\nI see the sun coming down I know it's all better now\nWhen I need a healing, I just look up to the ceiling\nI see the sun coming down, I know it's all better now\n[Post-Chorus: Brenda Russell with Flo Rida]\nI know\nI know\nI know\nI know\nI, I, I, I\nI think of letting go, go, go\n[Chorus: Brenda Russell with Flo Rida]\nI know\nCaught up in the middle\nI cry, just a little\nWhen I think of letting go\nOh no\nGave up on the riddle\nI cry, just a little\nWhen I think of letting go\nI know\nCaught up in the middle\nI cry, just a little\nWhen I think of letting go\nOh no\nGave up on the riddle\nI cry, just a little\nWhen I think of letting go"
}