{
 "_type": "song",
 "annotation_count": 6,
 "api_path": "/songs/68718",
 "full_title": "Little Talks by\u00a0Of\u00a0Monsters and Men",
 "header_image_thumbnail_url": "https://images.genius.com/426eb0e5672f71ce15a7bbf59770ffb1.300x300x1.jpg",
 "header_image_url": "https://images.genius.com/426eb0e5672f71ce15a7bbf59770ffb1.640x640x1.jpg",
 "id": 68718,
 "instrumental": false,
 "lyrics_owner_id": 66760,
 "lyrics_state": "complete",
 "lyrics_updated_at": 1616464347,
 "path": "/Of-monsters-and-men-little-talks-lyrics",
 "pyongs_count": 111,
 "song_art_image_thumbnail_url": "https://images.genius.com/426eb0e5672f71ce15a7bbf59770ffb1.300x300x1.jpg",
 "song_art_image_url": "https://images.genius.com/426eb0e5672f71ce15a7bbf59770ffb1.640x640x1.jpg",
 "song_art_primary_color": null,
 "song_art_secondary_color": null,
 "song_art_text_color": null,
 "stats": {
  "unreviewed_annotations": 1,
  "hot": false,
  "pageviews": 534695
 },
 "title": "Little Talks",
 "title_with_featured": "Little Talks",
 "updated_by_human_at": 1616464347,
 "url": "https://genius.com/Of-monsters-and-men-little-talks-lyrics",
 "primary_artist": {
  "_type": "artist",
  "api_path": "/artists/18453",
  "header_image_url": "https://images.genius.com/627547567a789573c06ee6d85dcdb726.1000x333x1.jpg",
  "id": 18453,
  "image_url": "https://images.genius.com/f5ca5f79d281d7e4153a62df3c8c4314.960x960x1.jpg",
  "index_character": "o",
  "is_meme_verified": false,
  "is_verified": false,
  "name": "Of Monsters and Men",
  "slug": "Of-monsters-and-men",
  "url": "https://genius.com/artists/Of-monsters-and-men"
 },
 "artist": "Of Monsters and Men",
 "lyrics": "[Refrain: Nanna Brynd\u00eds Hilmarsd\u00f3ttir, Ragnar \u00de\u00f3rhallsson]\nHey!\nHey!\nHey!\n\n[Verse 1: Nanna, Ragnar & Both]\nI don't like walking around this old and empty house\nSo hold my hand, I'll walk with you my dear\nThe stairs creak as you sleep; it's keeping me awake\nIt's the house telling you to close your eyes\nAnd some days I can't even dress myself\nIt's killing me to see you this way\n'Cause though the truth may vary, this\nShip will carry our\nBodies safe to shore\n\n[Refrain: Nanna, Ragnar]\nHey!\nHey!\nHey!\n\n[Verse 2: Nanna, Ragnar & Both]\nThere's an old voice in my head that's holding me back\nWell, tell her that I miss our little talks\nSoon it will be over and buried with our past\nWe used to play outside when we were young, and full of life and full of love\nSome days, I don't know if I am wrong or right\nYour mind is playing tricks on you, my dear\n'Cause though the truth may vary, this\nShip will carry our\nBodies safe to shore\n[Chorus: Nanna & Ragnar, band]\nHey! Don't listen to a word I say\nHey! The screams all sound the same\nHey! Though the truth may vary, this\nShip will carry our\nBodies safe to shore\n\n[Refrain: Nanna, Ragnar]\nHey!\nHey!\n\n[Bridge: Nanna, Ragnar]\nYou're gone, gone, gone away; I watched you disappear\nAll that's left is a ghost of you\nNow we're torn, torn, torn apart; there's nothing we can do\nJust let me go, we'll meet again soon\nNow wait, wait, wait for me; please hang around\nI'll see you when I fall asleep\n\n[Chorus: Nanna & Ragnar, band]\nHey! Don't listen to a word I say\nHey! The screams all sound the same\nHey! Though the truth may vary, this\nShip will carry our\nBodies safe to shore\n[Chorus: Nanna & Ragnar, band]\nDon't listen to a word I say\nHey! The screams all sound the same\nHey! Though the truth may vary, this\nShip will carry our\nBodies safe to shore\n\n[Outro: Nanna, Ragnar]\nThough the truth may vary, this\nShip will carry our\nBodies safe to shore\nThough the truth may vary, this\nShip will carry our\nBodies safe to shore"
}