{
 "_type": "song",
 "annotation_count": 5,
 "api_path": "/songs/154542",
 "full_title": "The Other Side by\u00a0Jason\u00a0Derulo",
 "header_image_thumbnail_url": "https://images.genius.com/690398b197ac7793169b691a24a81970.300x300x1.jpg",
 "header_image_url": "https://images.genius.com/690398b197ac7793169b691a24a81970.1000x1000x1.jpg",
 "id": 154542,
 "instrumental": false,
 "lyrics_owner_id": 8534,
 "lyrics_state": "complete",
 "lyrics_updated_at": 1562772454,
 "path": "/Jason-derulo-the-other-side-lyrics",
 "pyongs_count": 17,
 "song_art_image_thumbnail_url": "https://images.genius.com/690398b197ac7793169b691a24a81970.300x300x1.jpg",
 "song_art_image_url": "https://images.genius.com/690398b197ac7793169b691a24a81970.1000x1000x1.jpg",
 "song_art_primary_color": null,
 "song_art_secondary_color": null,
 "song_art_text_color": null,
 "stats": {
  "unreviewed_annotations": 0,
  "hot": false,
  "pageviews": 74975
 },
 "title": "The Other Side",
 "title_with_featured": "The Other Side",
 "updated_by_human_at": 1562772454,
 "url": "https://genius.com/Jason-derulo-the-other-side-lyrics",
 "primary_artist": {
  "_type": "artist",
  "api_path": "/artists/17764",
  "header_image_url": "https://images.genius.com/df3695123ddcc6f12164016bc1269035.1000x333x1.jpg",
  "id": 17764,
  "image_url": "https://images.genius.com/fd6809c8918d60d9126a397de46dc7dc.400x400x1.jpg",
  "index_character": "j",
  "is_meme_verified": false,
  "is_verified": true,
  "name": "Jason Derulo",
  "slug": "Jason-derulo",
  "url": "https://genius.com/artists/Jason-derulo",
  "iq": 1331
 },
 "artist": "Jason Derulo",
 "lyrics": "[Prod. by Joshua \"Ammo\" Coleman and Martin Johnson]\n[Verse 1]\nIn the beginning\nI never thought it would be you\nWhen we were chillin'\nSmilin' in the photo booth\nBut we got closer (Yeah)\n'Til you were eating off my spoon\nYou're coming over\nAnd we would talk all afternoon\n\n[Pre-Chorus]\nTonight we'll just get drunk, disturb the peace\nFind your hands all over me\nAnd then you bite your lip, whisper and say\n\"We\u2019re going all the way\"\n\n[Chorus]\nTonight, take me to the other side\nSparks fly like the Fourth of July\nJust take me to the other side\nI see that sexy look in your eyes\nAnd I know, we ain't friends anymore\nIf we walk down this road, we'll be lovers for sure\nSo tonight, kiss me like it's do or die\nAnd take me to the other side\n[Verse 2]\nWait, this could be perfect (Yeah)\nBut we won't know unless we try (Try)\nI know you're nervous\nSo just sit back and let me drive\n\n[Pre-Chorus]\nTonight we'll just get drunk, disturb the peace\nFind your hands all over me\nAnd then you bite your lip, whisper and say\n\"We\u2019re going all the way\"\n\n[Chorus]\nTonight, take me to the other side\nSparks fly like the Fourth of July\nJust take me to the other side\nI see that sexy look in your eyes\nAnd I know, we ain't friends anymore\nIf we walk down this road, we'll be lovers for sure\nSo tonight, kiss me like it's do or die\nAnd take me to the other side\n\n[Post-Chorus]\nOh oh oh oh oh oh oh\nOh oh oh oh oh oh oh\nOh oh oh oh oh oh oh\nKiss me like it's do or die\nOh oh oh oh oh oh oh\nAnd take me to the other side\n[Bridge]\nTonight we'll just get drunk, disturb the peace\nLet your love crash into me\nAnd then you bite your lip, whisper and say\n\"We\u2019re going all the way\"\n\n[Chorus]\nTonight, take me to the other side\nSparks fly like the Fourth of July (Yes they do, yeah)\nJust take me to the other side (Take me, baby)\nI see that sexy look in your eyes\nAnd I know, we ain't friends anymore\nIf we walk down this road, we'll be lovers for sure\nSo tonight (So tonight)\nKiss me like it's do or die (Kiss me, kiss me)\nAnd take me to the other side\n\n[Post-Chorus]\nOh oh oh oh oh oh oh\nTake me to the other side\nOh oh oh oh oh oh oh\nAnd take me to the other side\nOh oh oh oh oh oh oh\nKiss me like it's do or die\nOh oh oh oh oh oh oh\nAnd take me to the other side"
}