{
 "_type": "song",
 "annotation_count": 10,
 "api_path": "/songs/188773",
 "full_title": "Catch My Breath by\u00a0Kelly\u00a0Clarkson",
 "header_image_thumbnail_url": "https://images.genius.com/db56dd1aea14eadee7c21304f01ac290.300x300x1.jpg",
 "header_image_url": "https://images.genius.com/db56dd1aea14eadee7c21304f01ac290.1000x1000x1.jpg",
 "id": 188773,
 "instrumental": false,
 "lyrics_owner_id": 251107,
 "lyrics_state": "complete",
 "lyrics_updated_at": 1587425430,
 "path": "/Kelly-clarkson-catch-my-breath-lyrics",
 "pyongs_count": 8,
 "song_art_image_thumbnail_url": "https://images.genius.com/a442c821bd6a447750fbee1194af7cb9.300x300x1.jpg",
 "song_art_image_url": "https://images.genius.com/a442c821bd6a447750fbee1194af7cb9.1000x1000x1.jpg",
 "song_art_primary_color": null,
 "song_art_secondary_color": null,
 "song_art_text_color": null,
 "stats": {
  "unreviewed_annotations": 1,
  "hot": false,
  "pageviews": 16129
 },
 "title": "Catch My Breath",
 "title_with_featured": "Catch My Breath",
 "updated_by_human_at": 1587425430,
 "url": "https://genius.com/Kelly-clarkson-catch-my-breath-lyrics",
 "primary_artist": {
  "_type": "artist",
  "api_path": "/artists/11714",
  "header_image_url": "https://images.genius.com/e1c5d213c9830232ec86efe57067d209.1000x333x1.jpg",
  "id": 11714,
  "image_url": "https://images.genius.com/35d04c2c1d704c5c87bd5d9a393ae424.400x400x1.jpg",
  "index_character": "k",
  "is_meme_verified": false,
  "is_verified": false,
  "name": "Kelly Clarkson",
  "slug": "Kelly-clarkson",
  "url": "https://genius.com/artists/Kelly-clarkson"
 },
 "artist": "Kelly Clarkson",
 "lyrics": "[Verse 1]\nI don't wanna be left behind\nDistance was a friend of mine\nCatching breath in a web of lies\nI've spent most of my life\nRiding waves, playing acrobat\nShadowboxing the other half\nLearning how to react\nI've spent most of my time\n\n[Pre-Chorus]\nCatching my breath, letting it go\nTurning my cheek for the sake of the show\nNow that you know, this is my life\nI won't be told what's supposed to be right\n\n[Chorus]\nCatch my breath\nNo one can hold me back, I ain't got time for that\nCatch my breath\nWon't let 'em get me down, it's all so simple now\n\n[Verse 2]\nAddicted to the love I found\nHeavy heart, now a weightless cloud\nMaking time for the ones that count\nI'll spend the rest of my time\nLaughing hard with the windows down\nLeaving footprints all over town\nKeeping faith, karma comes around\nI will spend the rest of my life\n[Pre-Chorus]\nCatching my breath, letting it go\nTurning my cheek for the sake of the show\nNow that you know, this is my life\nI won't be told what's supposed to be right\n\n[Chorus]\nCatch my breath\nNo one can hold me back, I ain't got time for that\nCatch my breath\nWon't let 'em get me down, it's all so simple now\n\n[Bridge]\nYou helped me see\nThe beauty in everything\n\n[Pre-Chorus]\nCatching my breath, letting it go\nTurning my cheek for the sake of the show\nNow that you know, this is my life\nI won't be told what's supposed to be right\nCatching my breath, letting it go\nTurning my cheek for the sake of the show\nNow that you know, this is my life\nI won't be told what's supposed to be right\n[Chorus]\n(Catch my breath)\nCatch my breath\nNo one can hold me back, I ain't got time for that\nCatch my breath\nWon't let 'em get me down, it's all so simple now\nIt's all so simple now\n\n[Pre-Chorus]\nCatching my breath, letting it go\nTurning my cheek for the sake of the show\nNow that you know, this is my life\nI won't be told what's supposed to be right\n\n[Chorus]\n(Catch my breath)\nCatch my breath\nNo one can hold me back, I ain't got time for that\nCatch my, catch\nCatch my breath (Catch my breath)\nWon't let 'em get me down, it's all so simple now"
}