{
 "_type": "song",
 "annotation_count": 2,
 "api_path": "/songs/154244",
 "full_title": "Crash My Party by\u00a0Luke\u00a0Bryan",
 "header_image_thumbnail_url": "https://images.genius.com/471ecdc62e4d37e206750b76ab4be09e.300x300x1.jpg",
 "header_image_url": "https://images.genius.com/471ecdc62e4d37e206750b76ab4be09e.1000x1000x1.jpg",
 "id": 154244,
 "instrumental": false,
 "lyrics_owner_id": 10380,
 "lyrics_state": "complete",
 "lyrics_updated_at": 1572445838,
 "path": "/Luke-bryan-crash-my-party-lyrics",
 "pyongs_count": 12,
 "song_art_image_thumbnail_url": "https://images.genius.com/00a00032cfc10264f9300f412e275b33.300x300x1.jpg",
 "song_art_image_url": "https://images.genius.com/00a00032cfc10264f9300f412e275b33.600x600x1.jpg",
 "song_art_primary_color": null,
 "song_art_secondary_color": null,
 "song_art_text_color": null,
 "stats": {
  "unreviewed_annotations": 0,
  "hot": false,
  "pageviews": 17114
 },
 "title": "Crash My Party",
 "title_with_featured": "Crash My Party",
 "updated_by_human_at": 1572445838,
 "url": "https://genius.com/Luke-bryan-crash-my-party-lyrics",
 "primary_artist": {
  "_type": "artist",
  "api_path": "/artists/22764",
  "header_image_url": "https://images.genius.com/38ad1f4d795dcbd52f7a678e9498c78e.1000x333x1.png",
  "id": 22764,
  "image_url": "https://images.genius.com/2f36d36a60a43617a67f676d89ce8af1.399x399x1.jpg",
  "index_character": "l",
  "is_meme_verified": false,
  "is_verified": false,
  "name": "Luke Bryan",
  "slug": "Luke-bryan",
  "url": "https://genius.com/artists/Luke-bryan"
 },
 "artist": "Luke Bryan",
 "lyrics": "[Verse 1]\nIt don\u2019t matter what plans I got, I can break \u2018em\nYeah, I can turn this thing around at the next red light\nAnd I don\u2019t mind telling all the guys \u201cI can\u2019t meet \u2018em\u201d\nHell, we can all go raise some hell any other night\nGirl, I don\u2019t care, oh, I just gotta see what you\u2019re wearing\nYour hair, is it pulled up or falling down?\nOh, I just have to see it now\n\n[Chorus]\nIf you wanna call me, call me, call me\nYou don\u2019t have to worry \u2018bout it, baby\nYou can wake me up in the dead of the night\nWreck my plans, baby that\u2019s alright\nThis is a drop everything kind of thing\nSwing on by I will pour you a drink\nThe door\u2019s unlocked. I\u2019ll leave on the lights\nBaby, you can crash my party anytime\n\n[Verse 2]\nAin\u2019t a spot downtown that\u2019s rockin\u2019 the way that you rock me\nAin\u2019t a bar that can make me buzz the way that you do\nI could be on the front row of the best show\nAnd look down and see your face on my phone\nAnd I\u2019m gone so long, hang on. I\u2019ll meet you in a minute or two\n[Chorus]\nIf you wanna call me, call me, call me\nYou don\u2019t have to worry \u2018bout it, baby\nYou can wake me up in the dead of the night\nWreck my plans, baby that\u2019s alright\nThis is a drop everything kind of thing\nSwing on by I will pour you a drink\nThe door\u2019s unlocked. I\u2019ll leave on the lights\nBaby, you can crash my party anytime\n\n[Bridge]\nIf it\u2019s two in the morning and you\u2019re feeling lonely\nAnd wondering what I\u2019m doing\n\n[Chorus]\nIf you wanna call me, call me, call me\nYou don\u2019t have to worry \u2018bout it, baby\nYou can wake me up in the dead of the night\nWreck my plans, baby that\u2019s alright\nThis is a drop everything kind of thing\nSwing on by I will pour you a drink\nThe door\u2019s unlocked. I\u2019ll leave on the lights\nBaby, you can crash my party anytime\nBaby, you can crash my party anytime"
}