{
 "_type": "song",
 "annotation_count": 13,
 "api_path": "/songs/108589",
 "full_title": "Just Give Me a Reason by\u00a0P!nk (Ft.\u00a0Nate\u00a0Ruess)",
 "header_image_thumbnail_url": "https://images.genius.com/5dc3f569858a4af5fa5415ca53eaf80b.300x300x1.jpg",
 "header_image_url": "https://images.genius.com/5dc3f569858a4af5fa5415ca53eaf80b.1000x1000x1.jpg",
 "id": 108589,
 "instrumental": false,
 "lyrics_owner_id": 175106,
 "lyrics_state": "complete",
 "lyrics_updated_at": 1604907180,
 "path": "/P-nk-just-give-me-a-reason-lyrics",
 "pyongs_count": 74,
 "song_art_image_thumbnail_url": "https://images.genius.com/6097fcba3e907b0f1def32b7cb8f24c0.300x300x1.png",
 "song_art_image_url": "https://images.genius.com/6097fcba3e907b0f1def32b7cb8f24c0.300x300x1.png",
 "song_art_primary_color": null,
 "song_art_secondary_color": null,
 "song_art_text_color": null,
 "stats": {
  "unreviewed_annotations": 5,
  "hot": false,
  "pageviews": 560432
 },
 "title": "Just Give Me a Reason",
 "title_with_featured": "Just Give Me a Reason (Ft.\u00a0Nate\u00a0Ruess)",
 "updated_by_human_at": 1604907180,
 "url": "https://genius.com/P-nk-just-give-me-a-reason-lyrics",
 "primary_artist": {
  "_type": "artist",
  "api_path": "/artists/345",
  "header_image_url": "https://images.genius.com/78fa1cfbda8f669185658a36f307efda.1000x333x1.jpg",
  "id": 345,
  "image_url": "https://images.genius.com/f73fa86a27df7e60fc56aaf58ee25c9a.1000x667x1.jpg",
  "index_character": "p",
  "is_meme_verified": false,
  "is_verified": false,
  "name": "P!nk",
  "slug": "P-nk",
  "url": "https://genius.com/artists/P-nk"
 },
 "artist": "P!nk",
 "lyrics": "[Verse 1: P!nk]\nRight from the start\nYou were a thief, you stole my heart\nAnd I, your willing victim\nI let you see the parts of me that weren't all that pretty\nAnd with every touch, you fixed them\n\n[Pre-Chorus: P!nk]\nNow you've been talking in your sleep\nOh, oh\nThings you never say to me\nOh, oh\nTell me that you've had enough\nOf our love, our love\n\n[Chorus: P!nk]\nJust give me a reason\nJust a little bit's enough\nJust a second - we're not broken, just bent\nAnd we can learn to love again\nIt's in the stars\nIt's been written in the scars on our hearts\nWe're not broken, just bent\nAnd we can learn to love again\n\n[Verse 2: Nate Ruess & P!nk]\nI'm sorry I don't understand\nWhere all of this is coming from\nI thought that we were fine\n(Oh, we had everything)\nYour head is running wild again\nMy dear, we still have everything\nAnd it's all in your mind\n(Yeah, but this is happening)\n[Pre-Chorus: Nate Ruess & P!nk]\nYou've been having real bad dreams\nOh, oh\nYou used to lie so close to me\nOh, oh\nThere's nothing more than empty sheets\nBetween our love, our love\nOh, our love, our love, love\n\n[Chorus: Nate Ruess & P!nk]\nJust give me a reason\nJust a little bit\u2019s enough\nJust a second - we\u2019re not broken, just bent\nAnd we can learn to love again\nI\u2019ve never stopped\nYou\u2019re still written in the scars on my heart\nYou\u2019re not broken, just bent\nAnd we can learn to love again\n\n[Bridge: Nate Ruess & P!nk]\nOh, tears ducts and rust\nI'll fix it for us\nWe're collecting dust, but our love's enough\nYou're holding it in\nYou're pouring a drink\nNo, nothing is as bad as it seems\nWe'll come clean\n[Chorus: Nate Ruess & P!nk]\nJust give me a reason\nJust a little bit's enough\nJust a second - we're not broken, just bent\nAnd we can learn to love again\nIt's in the stars\nIt's been written in the scars on our hearts\nThat we're not broken, just bent\nAnd we can learn to love again\nJust give me a reason\nJust a little bit's enough\nJust a second we're not broken, just bent\nAnd we can learn to love again\nIt's in the stars\nIt's still written in the scars on our hearts\nThat we're not broken, just bent\nAnd we can learn to love again\n\n[Outro: P!nk]\nOh-oh, we can learn to love again\nOh-oh, can learn to love again\nOh-oh\nThat we're not broken, just bent\nAnd we can learn to love again"
}