{
 "_type": "song",
 "annotation_count": 6,
 "api_path": "/songs/97824",
 "full_title": "Pour It Up by\u00a0Rihanna",
 "header_image_thumbnail_url": "https://images.genius.com/4fdaed37a6f53b920224e85ed1e9043c.300x300x1.jpg",
 "header_image_url": "https://images.genius.com/4fdaed37a6f53b920224e85ed1e9043c.1000x1000x1.jpg",
 "id": 97824,
 "instrumental": false,
 "lyrics_owner_id": 113967,
 "lyrics_state": "complete",
 "lyrics_updated_at": 1614265263,
 "path": "/Rihanna-pour-it-up-lyrics",
 "pyongs_count": 68,
 "song_art_image_thumbnail_url": "https://images.genius.com/3f3fb268528b1d6c4f27498b783b13fc.300x300x1.jpg",
 "song_art_image_url": "https://images.genius.com/3f3fb268528b1d6c4f27498b783b13fc.1000x1000x1.jpg",
 "song_art_primary_color": null,
 "song_art_secondary_color": null,
 "song_art_text_color": null,
 "stats": {
  "unreviewed_annotations": 0,
  "hot": false,
  "pageviews": 422569
 },
 "title": "Pour It Up",
 "title_with_featured": "Pour It Up",
 "updated_by_human_at": 1614265263,
 "url": "https://genius.com/Rihanna-pour-it-up-lyrics",
 "primary_artist": {
  "_type": "artist",
  "api_path": "/artists/89",
  "header_image_url": "https://images.genius.com/8353714f907477857490bd7411edb550.600x468x1.jpg",
  "id": 89,
  "image_url": "https://images.genius.com/a23400b7447be0fb91c3c4c839c6efe7.442x442x1.jpg",
  "index_character": "r",
  "is_meme_verified": true,
  "is_verified": true,
  "name": "Rihanna",
  "slug": "Rihanna",
  "url": "https://genius.com/artists/Rihanna",
  "iq": 2125
 },
 "artist": "Rihanna",
 "lyrics": "[Chorus]\nThrow it up, throw it up\nWatch it all fall out\nPour it up, pour it up\nThat's how we ball out\nThrow it up, throw it up\nWatch it all fall out\nPour it up, pour it up\nThat's how we ball out\n\n[Verse 1]\nStrip clubs and dolla' bills, I still got mo' money\nPatron shots can I get a refill\nI still got mo' money\nStrippers going up and down that pole\nAnd I still got mo' money\nFour o'clock and we ain't going home, cause I still got mo' money\nMoney make the world go round, I still got mo' money\nBands make your girl go down, I still got mo' money\nLot more where that came from, I still got mo' money\nThe look in your eyes I know you want some\nAnd I still got mo' money...\n\n[Pre-Chorus]\nOh-ohh-ohh, ohh, oh-oh-oh\nAll I see is signs, all I see is dolla' signs\nOh-ohh-ohh, ohh, oh-oh-oh\nMoney on my mind, money, money on my mind\nThrow it, throw it up\nWatch it fall out from the sky\n[Chorus]\nThrow it up, throw it up\nWatch it all fall out\nPour it up, pour it up\nThat's how we ball out\nThrow it up, throw it up\nWatch it all fall out\nPour it up, pour it up\nThat's how we ball out\n\n[Interlude]\nThat's how we ball out\nThat's how we ball out\nThat's how we ball out\n\n[Verse 2]\nValet cost a hundred bill and I still got mo' money\nGold all up in my grill, I still got mo' money\nWho cares how you haters feel and I still got mo' money\nCall Jay up and close a deal, I still got mo' money\nMy fragrance on and they love my smell, I still got mo' money\nSo who cares about what I spend, I still got mo' money\nMy pockets deep and they never end, I still got mo' money\nI'm going dumb with all my friends, I still got mo' money\n\n[Pre-Chorus]\nOh-ohh-ohh, ohh, oh-oh-oh\nAll I see is signs, all I see is dolla' signs\nOh-ohh-ohh, ohh, oh-oh-oh\nMoney on my mind, money, money on my mind\nThrow it up, throw it up\nWatch it fall out from the sky\n[Chorus]\nThrow it up, throw it up\nWatch it all fall out\nPour it up, pour it up\nThat's how we ball out\nThrow it up, throw it up\nWatch it all fall out\nPour it up, pour it up\nThat's how we ball out\nThat's how we ball out\nThat's how we ball out\nThat's how we ball out"
}