{
 "_type": "song",
 "annotation_count": 8,
 "api_path": "/songs/102705",
 "full_title": "22 by\u00a0Taylor\u00a0Swift",
 "header_image_thumbnail_url": "https://images.genius.com/602a721e2d153a37307ba4667f79af9a.300x300x1.jpg",
 "header_image_url": "https://images.genius.com/602a721e2d153a37307ba4667f79af9a.1000x1000x1.jpg",
 "id": 102705,
 "instrumental": false,
 "lyrics_owner_id": 104344,
 "lyrics_state": "complete",
 "lyrics_updated_at": 1606064507,
 "path": "/Taylor-swift-22-lyrics",
 "pyongs_count": 77,
 "song_art_image_thumbnail_url": "https://images.genius.com/2463ee507f2bce8d0ea12d764c64899a.300x300x1.jpg",
 "song_art_image_url": "https://images.genius.com/2463ee507f2bce8d0ea12d764c64899a.1000x1000x1.jpg",
 "song_art_primary_color": null,
 "song_art_secondary_color": null,
 "song_art_text_color": null,
 "stats": {
  "unreviewed_annotations": 0,
  "concurrents": 2,
  "hot": false,
  "pageviews": 254975
 },
 "title": "22",
 "title_with_featured": "22",
 "updated_by_human_at": 1599880094,
 "url": "https://genius.com/Taylor-swift-22-lyrics",
 "primary_artist": {
  "_type": "artist",
  "api_path": "/artists/1177",
  "header_image_url": "https://images.genius.com/382ebc39e763a6d7b5fa7a2312d14905.1000x333x1.jpg",
  "id": 1177,
  "image_url": "https://images.genius.com/3c1f124fcbbc2857a95e513fb34cc5a8.400x400x1.jpg",
  "index_character": "t",
  "is_meme_verified": true,
  "is_verified": true,
  "name": "Taylor Swift",
  "slug": "Taylor-swift",
  "url": "https://genius.com/artists/Taylor-swift",
  "iq": 1540
 },
 "artist": "Taylor Swift",
 "lyrics": "[Verse 1]\nIt feels like a perfect night\nTo dress up like hipsters\nAnd make fun of our exes, uh-uh, uh-uh\nIt feels like a perfect night\nFor breakfast at midnight\nTo fall in love with strangers, uh-uh, uh-uh\n\n[Pre-Chorus]\nYeah\nWe're happy, free, confused, and lonely at the same time\nIt's miserable and magical, oh, yeah\nTonight's the night when we forget about the deadlines\nIt's time, oh-oh\n\n[Chorus]\nI don't know about you, but I'm feeling 22\nEverything will be alright if you keep me next to you\nYou don't know about me, but I'll bet you want to\nEverything will be alright if we just keep dancing like we're\n22, 22\n\n[Verse 2]\nIt seems like one of those nights\nThis place is too crowded\nToo many cool kids, uh-uh, uh-uh\n(Who's Taylor Swift, anyway? Ew)\nIt seems like one of those nights\nWe ditch the whole scene\nAnd end up dreaming\nInstead of sleeping\n[Pre-Chorus]\nYeah\nWe're happy, free, confused, and lonely in the best way\nIt's miserable and magical, oh, yeah\nTonight's the night when we forget about the heartbreaks\nIt's time, oh-oh\n\n[Chorus]\n(Hey!)\nI don't know about you, but I'm feeling 22\nEverything will be alright (Ooh) if you keep me next to you\nYou don't know about me, but I'll bet you want to\nEverything will be alright if (Alright)\nWe just keep dancing like we're 22 (Oh, oh, oh, oh, oh)\n22 (I don't know about you)\n22, 22\n\n[Bridge]\nIt feels like one of those nights\nWe ditch the whole scene\nIt feels like one of those nights\nWe won't be sleeping\nIt feels like one of those nights\nYou look like bad news\nI gotta have you\nI gotta have you\nOoh, ooh, yeah\n[Chorus]\n(Hey!)\nI don't know about you, but I'm feeling 22\nEverything will be alright if (Ooh) you keep me next to you\nYou don't know about me, but I'll bet you want to\nEverything will be alright if we just keep dancing like we're\n22 (Whoa, oh)\n22 (Dancing like)\n22 (Yeah, yeah), 22, (Yeah, yeah, yeah)\n\n[Outro]\nIt feels like one of those nights\nWe ditch the whole scene\nIt feels like one of those nights\nWe won't be sleeping\nIt feels like one of those nights\nYou look like bad news\nI gotta have you\nI gotta have you"
}