{
 "_type": "song",
 "annotation_count": 2,
 "api_path": "/songs/155148",
 "full_title": "I Want Crazy by\u00a0Hunter\u00a0Hayes",
 "header_image_thumbnail_url": "https://images.genius.com/5d5e5ac80ea4004ccd6d9deadc421c0f.300x300x1.jpg",
 "header_image_url": "https://images.genius.com/5d5e5ac80ea4004ccd6d9deadc421c0f.1000x1000x1.jpg",
 "id": 155148,
 "instrumental": false,
 "lyrics_owner_id": 10380,
 "lyrics_state": "complete",
 "lyrics_updated_at": 1589235083,
 "path": "/Hunter-hayes-i-want-crazy-lyrics",
 "pyongs_count": 20,
 "song_art_image_thumbnail_url": "https://images.genius.com/6083a41b2eef6a674e54373bd0e76ee8.300x300x1.jpg",
 "song_art_image_url": "https://images.genius.com/6083a41b2eef6a674e54373bd0e76ee8.300x300x1.jpg",
 "song_art_primary_color": null,
 "song_art_secondary_color": null,
 "song_art_text_color": null,
 "stats": {
  "unreviewed_annotations": 0,
  "hot": false,
  "pageviews": 22229
 },
 "title": "I Want Crazy",
 "title_with_featured": "I Want Crazy",
 "updated_by_human_at": 1589235083,
 "url": "https://genius.com/Hunter-hayes-i-want-crazy-lyrics",
 "primary_artist": {
  "_type": "artist",
  "api_path": "/artists/22977",
  "header_image_url": "https://images.genius.com/c3ffbc90046194adfa8897ea5ab3f27f.1000x294x1.jpg",
  "id": 22977,
  "image_url": "https://images.genius.com/e7505d10ffc383d09a7d987f73f6357b.1000x1000x1.jpg",
  "index_character": "h",
  "is_meme_verified": false,
  "is_verified": true,
  "name": "Hunter Hayes",
  "slug": "Hunter-hayes",
  "url": "https://genius.com/artists/Hunter-hayes",
  "iq": 770
 },
 "artist": "Hunter Hayes",
 "lyrics": "[Verse 1]\nI'm booking myself a one-way flight\nI gotta see the color in your eyes\nAnd telling myself I'm gonna be alright\nWithout you, baby, is a waste of time\nYeah, our first date, girl, the seasons changed\nIt got washed away in a summer rain\nYou can't undo a fall like this\n'Cause love don't know what distance is\nYeah, I know it's crazy\n\n[Chorus]\nBut I don't want \"good\" and I don't want \"good enough\"\nI want \"can't sleep, can't breathe without your love\"\nFront porch and one more kiss\nIt doesn't make sense to anybody else\nWho cares if you're all I think about?\nI've searched the world and I know now\nIt ain't right if you ain't lost your mind\nYeah, I don't want easy, I want crazy\nAre you with me, baby? Let's be crazy\nYeah\n\n[Verse 2]\nWell, I wanna be scared, don't wanna know why\nWanna feel good, don't have to be right\nThe world makes all kinds of rules for love\nI say you gotta let it do what it does\nI don't want just another hug and a kiss goodnight\nCatching up calls and a date sometimes\nI love that we're rebels and we still believe\nWe're the kind of crazy people wish that they could be, yeah\nUh, and I know we're crazy, yeah\n[Chorus]\nBut I don't want \"good\" and I don't want \"good enough\"\nI want \"can't sleep, can't breathe without your love\"\nFront porch and one more kiss\nIt doesn't make sense to anybody else\nWho cares if you're all I think about?\nI've searched the world and I know now\nIt ain't right if you ain't lost your mind\nYeah, I don't want easy, I want crazy\nAre you with me, baby? Let's be crazy\n\n[Interlude]\nNa-na-na-na-na-na-na-na-na\n\n[Chorus]\nNo, I don't want \"good\" and I don't want \"good enough\"\nI want \"can't sleep, can't breathe without your love\"\nFront porch and one more kiss\nIt doesn't make sense to anybody else\nWho cares if you're all I think about?\nI've searched the world and I know now\nIt ain't right if you ain't lost your mind\nYeah, I don't want easy, I want crazy\n\n[Bridge]\nYeah, look at us, baby\nTonight the midnight rules are breaking\nThere's no such thing as wild enough\nMaybe we just think too much\nWho needs to play it safe in love?\nLet's be crazy\n[Outro]\nWho cares if we're crazy\nWe gotta be crazy\nI know that we're crazy\nSo let's be crazy\nYeah, yeah"
}