{
 "_type": "song",
 "annotation_count": 15,
 "api_path": "/songs/214369",
 "full_title": "The Fox (What Does the Fox Say?) by\u00a0Ylvis",
 "header_image_thumbnail_url": "https://images.genius.com/e3e086bfec1e253322e8a4ef1e031b33.300x300x1.jpg",
 "header_image_url": "https://images.genius.com/e3e086bfec1e253322e8a4ef1e031b33.1000x1000x1.jpg",
 "id": 214369,
 "instrumental": false,
 "lyrics_owner_id": 1553,
 "lyrics_state": "complete",
 "lyrics_updated_at": 1613826266,
 "path": "/Ylvis-the-fox-what-does-the-fox-say-lyrics",
 "pyongs_count": 73,
 "song_art_image_thumbnail_url": "https://images.genius.com/e3e086bfec1e253322e8a4ef1e031b33.300x300x1.jpg",
 "song_art_image_url": "https://images.genius.com/e3e086bfec1e253322e8a4ef1e031b33.1000x1000x1.jpg",
 "song_art_primary_color": null,
 "song_art_secondary_color": null,
 "song_art_text_color": null,
 "stats": {
  "unreviewed_annotations": 1,
  "hot": false,
  "pageviews": 707464
 },
 "title": "The Fox (What Does the Fox Say?)",
 "title_with_featured": "The Fox (What Does the Fox Say?)",
 "updated_by_human_at": 1613826340,
 "url": "https://genius.com/Ylvis-the-fox-what-does-the-fox-say-lyrics",
 "primary_artist": {
  "_type": "artist",
  "api_path": "/artists/69575",
  "header_image_url": "https://images.genius.com/d9e9b0a69ea933fb064f0d899e777b03.970x600x1.jpg",
  "id": 69575,
  "image_url": "https://images.genius.com/35fd9b245d29a43f7824e80b72ecbafb.941x941x1.jpg",
  "index_character": "y",
  "is_meme_verified": false,
  "is_verified": false,
  "name": "Ylvis",
  "slug": "Ylvis",
  "url": "https://genius.com/artists/Ylvis"
 },
 "artist": "Ylvis",
 "lyrics": "[Verse 1: B\u00e5rd]\nDog goes \"woof\"\nCat goes \"meow\"\nBird goes \"tweet\"\nAnd mouse goes \"squeak\"\nCow goes \"moo\"\nFrog goes \"croak\"\nAnd the elephant goes \"toot\"\nDucks say \"quack\"\nAnd fish go \"blub\"\nAnd the seal goes \"ow ow ow\"\n\n[Pre-Chorus: B\u00e5rd]\nBut there's one sound\nThat no one knows\nWhat does the fox say?\n\n[Chorus 1: B\u00e5rd]\n\"Ring-ding-ding-ding-dingeringeding!\nGering-ding-ding-ding-dingeringeding!\nGering-ding-ding-ding-dingeringeding!\"\nWhat the fox say?\n\"Wa-pa-pa-pa-pa-pa-pow!\nWa-pa-pa-pa-pa-pa-pow!\nWa-pa-pa-pa-pa-pa-pow!\"\nWhat the fox say?\n\"Hatee-hatee-hatee-ho!\nHatee-hatee-hatee-ho!\nHatee-hatee-hatee-ho!\"\nWhat the fox say?\n\"Joff-tchoff-tchoffo-tchoffo-tchoff!\nTchoff-tchoff-tchoffo-tchoffo-tchoff!\nJoff-tchoff-tchoffo-tchoffo-tchoff!\"\nWhat the fox say?\n[Verse 2: Vegard]\nBig blue eyes, pointy nose\nChasing mice and digging holes\nTiny paws up the hill\nSuddenly you're standing still\n\n[Pre-Chorus 2: Bard & Vegard, B\u00e5rd]\nYour fur is red, so beautiful like an angel in disguise\nBut if you meet a friendly horse\nWill you communicate by?\nMo-o-o-o-orse?\nMo-o-o-o-orse?\nMo-o-o-o-orse?\nHow will you speak to that\nHo-o-o-o-orse?\nHo-o-o-o-orse?\nHo-o-o-o-orse?\n\n[Chorus 2: B\u00e5rd]\nWhat does the fox say?\n\"Jacha-chacha-chacha-chow!\nChacha-chacha-chacha-chow!\nChacha-chacha-chacha-chow!\"\nWhat the fox say?\n\"Fraka-kaka-kaka-kaka-kow!\nFraka-kaka-kaka-kaka-kow!\nFraka-kaka-kaka-kaka-kow!\"\nWhat the fox say?\n\"A-hee-ahee ha-hee!\nA-hee-ahee ha-hee!\nA-hee-ahee ha-hee!\"\nWhat the fox say?\n\"A-oo-oo-oo-ooo! Woo-oo-oo-ooo!\"\nWhat does the fox say?\n[Bridge: Vegard & B\u00e5rd]\nThe secret of the fox\nAncient mystery\nSomewhere deep in the woods\nI know you're hiding\nWhat is your sound?\nWill we ever know?\nWill always be a mystery\nWhat do you say?\n\n[Outro: B\u00e5rd]\nYou're my guardian angel\nHiding in the woods\nWhat is your sound?\n(Wa-wa-way-do Wub-wid-bid-dum-way-do Wa-wa-way-do)\nWill we ever know?\n(Bay-budabud-dum-bam)\nI want to\n(Mama-dum-day-do)\nI want to\nI want to know!\n(Abay-ba-da bum-bum bay-do la)"
}