{
 "_type": "song",
 "annotation_count": 6,
 "api_path": "/songs/194065",
 "full_title": "Best Song Ever by\u00a0One\u00a0Direction",
 "header_image_thumbnail_url": "https://images.genius.com/d0da1786b0beddc32dbdef01102b1398.300x300x1.jpg",
 "header_image_url": "https://images.genius.com/d0da1786b0beddc32dbdef01102b1398.1000x1000x1.jpg",
 "id": 194065,
 "instrumental": false,
 "lyrics_owner_id": 257762,
 "lyrics_state": "complete",
 "lyrics_updated_at": 1617037879,
 "path": "/One-direction-best-song-ever-lyrics",
 "pyongs_count": 51,
 "song_art_image_thumbnail_url": "https://images.rapgenius.com/15a862e7c2720be999205e0b61e96df9.300x300x1.png",
 "song_art_image_url": "https://images.rapgenius.com/15a862e7c2720be999205e0b61e96df9.1000x1000x1.png",
 "song_art_primary_color": null,
 "song_art_secondary_color": null,
 "song_art_text_color": null,
 "stats": {
  "unreviewed_annotations": 5,
  "hot": false,
  "pageviews": 249110
 },
 "title": "Best Song Ever",
 "title_with_featured": "Best Song Ever",
 "updated_by_human_at": 1617037879,
 "url": "https://genius.com/One-direction-best-song-ever-lyrics",
 "primary_artist": {
  "_type": "artist",
  "api_path": "/artists/19657",
  "header_image_url": "https://images.genius.com/d556360ef2b1a2f6a80d526a9a957a80.1000x709x1.jpg",
  "id": 19657,
  "image_url": "https://images.genius.com/bc6a5168555725c9c4dc30f13d953276.224x224x1.jpg",
  "index_character": "o",
  "is_meme_verified": false,
  "is_verified": false,
  "name": "One Direction",
  "slug": "One-direction",
  "url": "https://genius.com/artists/One-direction"
 },
 "artist": "One Direction",
 "lyrics": "[Verse 1: Harry]\nMaybe it's the way she walked\nStraight into my heart and stole it\nThrough the doors and past the guards\nJust like she already owned it\n\n[Pre-Chorus: Zayn]\nI said, \"Can you give it back to me?\"\nShe said, \"Never in your wildest dreams\"\n\n[Chorus: All]\nAnd we danced all night to the best song ever\nWe knew every line now I can't remember\nHow it goes but I know that I won't forget her\n'Cause we danced all night to the best song ever\nI think it went oh, oh, oh\nI think it went yeah, yeah, yeah\nI think it goes\n\n[Verse 2: Liam & Harry & Niall]\nSaid her name was Georgia Rose\nAnd her daddy was a dentist\nSaid I had a dirty mouth (I got a dirty mouth)\nBut she kissed me like she meant it\n\n[Pre-Chorus: Niall]\nI said, \"Can I take you home with me?\"\nShe said, \"Never in your wildest dreams\"\n[Chorus: All]\nAnd we danced all night to the best song ever\nWe knew every line now I can't remember\nHow it goes but I know that I won't forget her\n'Cause we danced all night to the best song ever\nI think it went oh, oh, oh\nI think it went yeah, yeah, yeah\nI think it goes\n\n[Bridge: Louis & Zayn & Harry]\nYou know, I know, you know I'll remember you\nAnd I know, you know, I know you'll remember me\nAnd you know, I know, you know I'll remember you\nAnd I know, you know, I hope you'll remember how we danced, how we danced\n1, 2 - 1, 2, 3\n\n[Chorus: All & (Zayn) & Harry]\nHow we danced all night to the best song ever\n(How we danced!)\nWe knew every line now I can't remember\n(We knew every line)\nHow it goes but I know that I won't forget her\n'Cause we danced all night to the best song ever\nWe danced, we danced\nAnd it goes something like this\nAnd we danced all night to the best song ever\nWe knew every line now I can't remember\nHow it goes but I know that I won't forget her\n(I know that I won't forget her)\n'Cause we danced all night to the best song ever\n(Best song ever!)\nI think it went oh, oh, oh\nI think it went yeah, yeah, yeah\nI think it goes\n[Outro: Zayn]\nBest song ever\nIt was the best song ever\nIt was the best song ever\nIt was the best song ever"
}