{
 "_type": "song",
 "annotation_count": 17,
 "api_path": "/songs/60449",
 "full_title": "The A Team by\u00a0Ed\u00a0Sheeran",
 "header_image_thumbnail_url": "https://images.genius.com/b1606726607ab59e00c33c01c61d5857.300x300x1.jpg",
 "header_image_url": "https://images.genius.com/b1606726607ab59e00c33c01c61d5857.1000x1000x1.jpg",
 "id": 60449,
 "instrumental": false,
 "lyrics_owner_id": 52562,
 "lyrics_state": "complete",
 "lyrics_updated_at": 1598905514,
 "path": "/Ed-sheeran-the-a-team-lyrics",
 "pyongs_count": 191,
 "song_art_image_thumbnail_url": "https://images.rapgenius.com/1e6f49bfa032b5f1930fbc6631c4c39b.300x300x1.jpg",
 "song_art_image_url": "https://images.rapgenius.com/1e6f49bfa032b5f1930fbc6631c4c39b.800x800x1.jpg",
 "song_art_primary_color": null,
 "song_art_secondary_color": null,
 "song_art_text_color": null,
 "stats": {
  "unreviewed_annotations": 1,
  "concurrents": 2,
  "hot": false,
  "pageviews": 888846
 },
 "title": "The A Team",
 "title_with_featured": "The A Team",
 "updated_by_human_at": 1610127924,
 "url": "https://genius.com/Ed-sheeran-the-a-team-lyrics",
 "primary_artist": {
  "_type": "artist",
  "api_path": "/artists/12418",
  "header_image_url": "https://images.genius.com/9b501d1e2fedb6654f9f7f078a14679d.1000x667x1.jpg",
  "id": 12418,
  "image_url": "https://images.genius.com/1ff6b6189e1a78e497e09c90c1f6692e.1000x1000x1.jpg",
  "index_character": "e",
  "is_meme_verified": true,
  "is_verified": true,
  "name": "Ed Sheeran",
  "slug": "Ed-sheeran",
  "url": "https://genius.com/artists/Ed-sheeran",
  "iq": 1300
 },
 "artist": "Ed Sheeran",
 "lyrics": "[Verse 1]\nWhite lips, pale face\nBreathing in the snowflakes\nBurnt lungs, sour taste\nLight's gone, days end\nStruggling to pay rent\nLong nights, strange men\n\n[Pre-Chorus]\nAnd they say\nShe's in the Class A Team\nStuck in her daydream\nBeen this way since 18\nBut lately, her face seems\nSlowly sinking, wasting\nCrumbling like pastries\nAnd they scream\nThe worst things in life come free to us\n\n[Chorus]\n'Cause we're just under the upper hand\nAnd go mad for a couple grams\nAnd she don't want to go outside tonight\nAnd in a pipe she flies to the Motherland\nOr sells love to another man\nIt's too cold outside\nFor angels to fly\nAngels to fly\n[Verse 2]\nRipped gloves, raincoat\nTried to swim and stay afloat\nDry house, wet clothes\nLoose change, bank notes\nWeary-eyed, dry throat\nCall girl, no phone\n\n[Pre-Chorus]\nAnd they say\nShe's in the Class A Team\nStuck in her daydream\nBeen this way since 18\nBut lately, her face seems\nSlowly sinking, wasting\nCrumbling like pastries\nAnd they scream\nThe worst things in life come free to us\n\n[Chorus]\n'Cause we're just under the upper hand\nAnd go mad for a couple grams\nAnd she don't want to go outside tonight\nAnd in a pipe she flies to the Motherland\nOr sells love to another man\nIt's too cold outside\nFor angels to fly\n[Bridge]\nAn angel will die\nCovered in white\nClosed eyes and hopin' for a better life\nThis time, we'll fade out tonight\nStraight down the line\n\n[Pre-Chorus]\nAnd they say\nShe's in the Class A Team\nStuck in her daydream\nBeen this way since 18\nBut lately, her face seems\nSlowly sinking, wasting\nCrumbling like pastries\nAnd they scream\nThe worst things in life come free to us\n\n[Chorus]\nAnd we're all under the upper hand\nAnd go mad for a couple grams\nAnd we don't want to go outside tonight\nAnd in a pipe we fly to the Motherland\nOr sell love to another man\nIt's too cold outside\nFor angels to fly\nAngels to fly\nFly, fly\nFor angels to fly\nTo fly, to fly\nFor angels to die"
}