{
 "_type": "song",
 "annotation_count": 19,
 "api_path": "/songs/71564",
 "full_title": "Carry On by\u00a0\u200bfun.",
 "header_image_thumbnail_url": "https://images.genius.com/fb7d0d634e984cec87234d3a414aaf08.300x300x1.jpg",
 "header_image_url": "https://images.genius.com/fb7d0d634e984cec87234d3a414aaf08.1000x1000x1.jpg",
 "id": 71564,
 "instrumental": false,
 "lyrics_owner_id": 11524,
 "lyrics_state": "complete",
 "lyrics_updated_at": 1592993584,
 "path": "/Fun-carry-on-lyrics",
 "pyongs_count": 31,
 "song_art_image_thumbnail_url": "https://images.genius.com/b8368677a9c20f1d718408d45f503b20.300x300x1.jpg",
 "song_art_image_url": "https://images.genius.com/b8368677a9c20f1d718408d45f503b20.953x953x1.jpg",
 "song_art_primary_color": null,
 "song_art_secondary_color": null,
 "song_art_text_color": null,
 "stats": {
  "unreviewed_annotations": 2,
  "hot": false,
  "pageviews": 156024
 },
 "title": "Carry On",
 "title_with_featured": "Carry On",
 "updated_by_human_at": 1614729041,
 "url": "https://genius.com/Fun-carry-on-lyrics",
 "primary_artist": {
  "_type": "artist",
  "api_path": "/artists/16671",
  "header_image_url": "https://images.genius.com/e75d73303a7afd418811ff7d9c90d481.1000x400x1.jpg",
  "id": 16671,
  "image_url": "https://images.genius.com/075b02e36b1230145aa95025a576e735.1000x1000x1.jpg",
  "index_character": "f",
  "is_meme_verified": false,
  "is_verified": false,
  "name": "\u200bfun.",
  "slug": "Fun",
  "url": "https://genius.com/artists/Fun"
 },
 "artist": "\u200bfun.",
 "lyrics": "[Verse 1]\nWell I woke up to the sound of silence\nThe cars were cutting like knives in a fist fight\nAnd I found you with a bottle of wine\nYour head in the curtains\nAnd heart like the fourth of July\nYou swore and said\nWe are not\nWe are not shining stars\nThis I know\nI never said we are\nThough I've never been through hell like that\nI've closed enough windows\nTo know you can never look back\n\n[Chorus]\nIf you're lost and alone\nOr you're sinking like a stone\nCarry on\nMay your past be the sound\nOf your feet upon the ground\nCarry on\nCarry on, carry on\n\n[Verse 2]\nSo I met up with some friends\nAt the edge of the night\nAt a bar off 75\nAnd we talked and talked\nAbout how our parents will die\nAll our neighbors and wives\nBut I'd like to think\nI can cheat it all\nTo make up for the times I've been cheated on\nAnd it's nice to know\nWhen I was left for dead\nI was found and now I don't roam these streets\nI am not the ghost you want of me\n[Chorus]\nIf you're lost and alone\nOr you're sinking like a stone\nCarry on\nMay your past be the sound\nOf your feet upon the ground and\nCarry on\n\n[Bridge]\nWoah\nMy head is on fire\nBut my legs are fine\nAfter all they are mine\nLay your clothes down on the floor\nClose the door\nHold the phone\nShow me how\nNo one's ever gonna stop us now\n\n[Guitar solo]\n\n[Bridge 2]\nCause we are\nWe are shining stars\nWe are invincible\nWe are who we are\nOn our darkest day\nWhen we're miles away\nSo we'll come\nWe will find our way home\n[Chorus]\nIf you're lost and alone\nOr you're sinking like a stone\nCarry on\nMay your past be the sound\nOf your feet upon the ground and\nCarry on\n\n[Outro]\nNo one's ever gonna stop us now"
}