{
 "_type": "song",
 "annotation_count": 4,
 "api_path": "/songs/154241",
 "full_title": "Highway Don't Care by\u00a0Tim\u00a0McGraw (Ft.\u00a0Keith\u00a0Urban & Taylor\u00a0Swift)",
 "header_image_thumbnail_url": "https://images.genius.com/20c642815ec2756bcf07268c9790e1d4.300x300x1.jpg",
 "header_image_url": "https://images.genius.com/20c642815ec2756bcf07268c9790e1d4.1000x1000x1.jpg",
 "id": 154241,
 "instrumental": false,
 "lyrics_owner_id": 10380,
 "lyrics_state": "complete",
 "lyrics_updated_at": 1585423771,
 "path": "/Tim-mcgraw-highway-dont-care-lyrics",
 "pyongs_count": 6,
 "song_art_image_thumbnail_url": "https://images.genius.com/b5c287b698b0850a11600e380cf15eb3.300x300x1.jpg",
 "song_art_image_url": "https://images.genius.com/b5c287b698b0850a11600e380cf15eb3.953x953x1.jpg",
 "song_art_primary_color": null,
 "song_art_secondary_color": null,
 "song_art_text_color": null,
 "stats": {
  "unreviewed_annotations": 0,
  "hot": false,
  "pageviews": 32729
 },
 "title": "Highway Don\u2019t Care",
 "title_with_featured": "Highway Don't Care (Ft.\u00a0Keith\u00a0Urban & Taylor\u00a0Swift)",
 "updated_by_human_at": 1614743624,
 "url": "https://genius.com/Tim-mcgraw-highway-dont-care-lyrics",
 "primary_artist": {
  "_type": "artist",
  "api_path": "/artists/4791",
  "header_image_url": "https://images.genius.com/b6bc6d7e07be81a614522bffc7a2a5fe.900x506x1.jpg",
  "id": 4791,
  "image_url": "https://images.genius.com/de6db039a00c317a900600a18a922d05.506x506x1.jpg",
  "index_character": "t",
  "is_meme_verified": true,
  "is_verified": true,
  "name": "Tim McGraw",
  "slug": "Tim-mcgraw",
  "url": "https://genius.com/artists/Tim-mcgraw",
  "iq": 1163
 },
 "artist": "Tim McGraw",
 "lyrics": "[Verse 1: Tim McGraw]\nBet your window's rolled down and your hair's pulled back\nAnd I bet you got no idea you're going way too fast\nYou're trying not to think about what went wrong\nTrying not to stop 'til you get where you goin'\nYou're trying to stay awake so I bet you turn on the radio\nAnd the song goes\n\n[Pre-Chorus: Taylor Swift]\nI can't live without you, I can't live without you, baby\nI can't live without you, I can't live without you, baby, oh, baby\n\n[Chorus:Tim McGraw]\nThe highway won't hold you tonight\nThe highway don't know you're alive\nThe highway don't care if you're all alone\nBut I do, I do\nThe highway won't dry your tears\nThe highway don't need you here\nThe highway don't care if you're coming home\nBut I do, I do\n\n[Verse 2: Tim McGraw & Taylor Swift]\nI bet you got a dead cell phone in your shotgun seat\nYeah, I bet you're bending God's ear talking 'bout me\nYou're trying not to let the first tear fall out\nYou're trying not to think about turning around\nYou're trying not to get lost in the sound but that song is always on\nSo you sing along\n[Pre-Chorus: Taylor Swift]\nI can't live without you, I can't live without you, baby\nI can't live without you, I can't live without you, baby, oh baby\n\n[Chorus: Tim McGraw]\nThe highway won't hold you tonight\nThe highway don't know you're alive\nThe highway don't care if you're all alone\nBut I do, I do\nThe highway won't dry your tears\nThe highway don't need you here\nThe highway don't care if you're coming home\nBut I do, I do\n\n[Pre-Chorus: Taylor Swift]\nI can't live without you, I can't live without you, baby\nI can't live without you, I can't live without you, baby, oh baby\n\n[Bridge: Tim McGraw & Taylor Swift]\nThe highway don't care\nThe highway don't care\nThe highway don't care\nBut I do, I do\nI can't live without you, I can't live without you, baby\nI can't live without I can't live without you, baby, oh baby\nThe highway don't care\nThe highway don't care\nThe highway don't care\nBut I do, I do\nI can't live without you, I can't live without you, baby\nI can't live without I can't live without you, baby\nThe highway don't care\nThe highway don't care\nThe highway don't care\nBut I do, I do\nI can't live without you, I can't live without you, baby\nI can't live without I can't live without you, baby, oh baby\nThe highway don't care\nThe highway don't care\nThe highway don't care\nBut I do, I do\n[Outro: Taylor Swift]\nI can't live without you, I can't live without you, baby"
}