{
 "_type": "song",
 "annotation_count": 4,
 "api_path": "/songs/214595",
 "full_title": "That's My Kind of Night by\u00a0Luke\u00a0Bryan",
 "header_image_thumbnail_url": "https://images.genius.com/471ecdc62e4d37e206750b76ab4be09e.300x300x1.jpg",
 "header_image_url": "https://images.genius.com/471ecdc62e4d37e206750b76ab4be09e.1000x1000x1.jpg",
 "id": 214595,
 "instrumental": false,
 "lyrics_owner_id": 48951,
 "lyrics_state": "complete",
 "lyrics_updated_at": 1596713288,
 "path": "/Luke-bryan-thats-my-kind-of-night-lyrics",
 "pyongs_count": 26,
 "song_art_image_thumbnail_url": "https://images.genius.com/620587abad503a428a3e251c33349e6d.300x300x1.png",
 "song_art_image_url": "https://images.genius.com/620587abad503a428a3e251c33349e6d.300x300x1.png",
 "song_art_primary_color": null,
 "song_art_secondary_color": null,
 "song_art_text_color": null,
 "stats": {
  "unreviewed_annotations": 0,
  "hot": false,
  "pageviews": 60689
 },
 "title": "That\u2019s My Kind of Night",
 "title_with_featured": "That's My Kind of Night",
 "updated_by_human_at": 1596713288,
 "url": "https://genius.com/Luke-bryan-thats-my-kind-of-night-lyrics",
 "primary_artist": {
  "_type": "artist",
  "api_path": "/artists/22764",
  "header_image_url": "https://images.genius.com/38ad1f4d795dcbd52f7a678e9498c78e.1000x333x1.png",
  "id": 22764,
  "image_url": "https://images.genius.com/2f36d36a60a43617a67f676d89ce8af1.399x399x1.jpg",
  "index_character": "l",
  "is_meme_verified": false,
  "is_verified": false,
  "name": "Luke Bryan",
  "slug": "Luke-bryan",
  "url": "https://genius.com/artists/Luke-bryan"
 },
 "artist": "Luke Bryan",
 "lyrics": "[Verse 1]\nI got that real good, feel good stuff\nUp under the seat of my big black jacked up truck\nRollin' on 35's, pretty girl by my side\nYou got that sun tan skirt and boots\nWaiting on you to look my way and scoot\nYour little hot self over here\nGirl hand me another beer, yeah!\n\n[Chorus]\nAll them other boys want to wine you up and take you downtown\nBut you look like the kind that likes to take it way out\nOut where the corn rows grow, row, row my boat\nFloatin' down the Flint River, catch us up a little catfish dinner\nGoing to sound like a winner, when I lay you down and love you right\nYeah, that's my kind of night!\n\n[Verse 2]\nMight sit down on my diamond plate tailgate\nPut in my country-rock, hip-hop mixtape\nLittle Conway, a little T-Pain, might just make it rain\nYou can hang your t-shirt on a limb\nHit that bank and we can ease on in\nSoak us up a little moonlight\nYou know I know what you like, yeah!\n[Chorus]\nAll them other boys want to wine you up and take you downtown\nBut you look like the kind that likes to take it way out\nOut where the corn rows grow, row, row my boat\nFloatin' down the Flint River, catch us up a little catfish dinner\nGoing to sound like a winner, when I lay you down and love you right\nYeah, that\u2019s my kind of night!\nYeah, that\u2019s my kind of night!\n\n[Bridge]\nMy kinda-- your kind-- is this kind of night\nWe dance in the dark and your lips land on mine\nOh oh oh oh oh, gonna get our love on\nOh oh oh oh oh, time to get our buzz on\n\n[Chorus]\nAll them other boys want to wine you up and take you downtown\nBut you look like the kind that likes to take it way out\nOut where the corn rows grow, row, row my boat\nFloatin' down the Flint River, catch us up a little catfish dinner\nGoing to sound like a winner, when I lay you down and love you right\nYeah, that\u2019s my kind of night!\n\n[Outro]\nYeah, that's my kind of night!\nThat's my kind of night!\nYeah, that's my kind of night!\nCome on"
}