{
 "_type": "song",
 "annotation_count": 9,
 "api_path": "/songs/122542",
 "full_title": "When I Was Your Man by\u00a0Bruno\u00a0Mars",
 "header_image_thumbnail_url": "https://images.genius.com/89e7ab54960155be53766ef542e735db.300x300x1.jpg",
 "header_image_url": "https://images.genius.com/89e7ab54960155be53766ef542e735db.1000x1000x1.jpg",
 "id": 122542,
 "instrumental": false,
 "lyrics_owner_id": 151561,
 "lyrics_state": "complete",
 "lyrics_updated_at": 1615992449,
 "path": "/Bruno-mars-when-i-was-your-man-lyrics",
 "pyongs_count": 160,
 "song_art_image_thumbnail_url": "https://images.genius.com/2e1e1ea46235d86a0ba541a1c30b3397.300x300x1.jpg",
 "song_art_image_url": "https://images.genius.com/2e1e1ea46235d86a0ba541a1c30b3397.1000x1000x1.jpg",
 "song_art_primary_color": null,
 "song_art_secondary_color": null,
 "song_art_text_color": null,
 "stats": {
  "unreviewed_annotations": 5,
  "concurrents": 2,
  "hot": false,
  "pageviews": 943126
 },
 "title": "When I Was Your Man",
 "title_with_featured": "When I Was Your Man",
 "updated_by_human_at": 1615992449,
 "url": "https://genius.com/Bruno-mars-when-i-was-your-man-lyrics",
 "primary_artist": {
  "_type": "artist",
  "api_path": "/artists/500",
  "header_image_url": "https://images.genius.com/25d38ffc3fd6a36ac71a08ff6ed90fa2.1000x666x1.jpg",
  "id": 500,
  "image_url": "https://images.genius.com/edca1a867127a07d29f959070b1a2a5f.838x838x1.png",
  "index_character": "b",
  "is_meme_verified": true,
  "is_verified": true,
  "name": "Bruno Mars",
  "slug": "Bruno-mars",
  "url": "https://genius.com/artists/Bruno-mars",
  "iq": 250
 },
 "artist": "Bruno Mars",
 "lyrics": "[Verse 1]\nSame bed but it feels just a little bit bigger now\nOur song on the radio but it don't sound the same\nWhen our friends talk about you, all it does is just tear me down\n'Cause my heart breaks a little when I hear your name\n\n[Pre-Chorus]\nIt all just sounds like oooooh ooh\nMmm, too young, too dumb to realize\n\n[Chorus]\nThat I should have bought you flowers\nAnd held your hand\nShould have gave you all my hours\nWhen I had the chance\nTake you to every party\n'Cause all you wanted to do was dance\nNow my baby's dancing\nBut she's dancing with another man\n\n[Verse 2]\nMy pride, my ego, my needs, and my selfish ways\nCaused a good, strong woman like you to walk out my life\nNow I'll never, never get to clean up the mess I made (oh)\nAnd it haunts me every time I close my eyes\n[Pre-Chorus]\nIt all just sounds like oooooh ooh\nMmm, too young, too dumb to realize\n\n[Chorus]\nThat I should have bought you flowers\nAnd held your hand\nShould have gave you all my hours\nWhen I had the chance\nTake you to every party\n'Cause all you wanted to do was dance\nNow my baby's dancing\nBut she's dancing with another man\n\n[Bridge]\nAlthough it hurts\nI'll be the first to say that I was wrong\nOh, I know I'm probably much too late\nTo try and apologize for my mistakes\nBut I just want you to know\n\n[Chorus]\nI hope he buys you flowers\nI hope he holds your hand\nGive you all his hours\nWhen he has the chance\nTake you to every party\n'Cause I remember how much you loved to dance\nDo all the things I should have done\nWhen I was your man\n[Outro]\nDo all the things I should have done\nWhen I was your man"
}