{
 "_type": "song",
 "annotation_count": 8,
 "api_path": "/songs/122517",
 "full_title": "Sure Be Cool If You Did by\u00a0Blake\u00a0Shelton",
 "header_image_thumbnail_url": "https://images.genius.com/722a512cf4eb8c32d2813ab3b1fd9c29.300x300x1.jpg",
 "header_image_url": "https://images.genius.com/722a512cf4eb8c32d2813ab3b1fd9c29.1000x1000x1.jpg",
 "id": 122517,
 "instrumental": false,
 "lyrics_owner_id": 113688,
 "lyrics_state": "complete",
 "lyrics_updated_at": 1561583129,
 "path": "/Blake-shelton-sure-be-cool-if-you-did-lyrics",
 "pyongs_count": 11,
 "song_art_image_thumbnail_url": "https://images.genius.com/5be0c864d1e5a99c65233f5bb76cf13d.300x300x1.jpg",
 "song_art_image_url": "https://images.genius.com/5be0c864d1e5a99c65233f5bb76cf13d.1000x1000x1.jpg",
 "song_art_primary_color": null,
 "song_art_secondary_color": null,
 "song_art_text_color": null,
 "stats": {
  "unreviewed_annotations": 0,
  "hot": false,
  "pageviews": 16439
 },
 "title": "Sure Be Cool If You Did",
 "title_with_featured": "Sure Be Cool If You Did",
 "updated_by_human_at": 1580488670,
 "url": "https://genius.com/Blake-shelton-sure-be-cool-if-you-did-lyrics",
 "primary_artist": {
  "_type": "artist",
  "api_path": "/artists/34065",
  "header_image_url": "https://images.genius.com/1f19a03cf97cc3364d53af1d4b4c2951.1000x333x1.jpg",
  "id": 34065,
  "image_url": "https://images.genius.com/e371f4f26f8989eca9d4298a8afd0afe.570x570x1.jpg",
  "index_character": "b",
  "is_meme_verified": true,
  "is_verified": true,
  "name": "Blake Shelton",
  "slug": "Blake-shelton",
  "url": "https://genius.com/artists/Blake-shelton",
  "iq": 4199
 },
 "artist": "Blake Shelton",
 "lyrics": "[Click here to read Blake\u2019s story behind \u201cSure Be Cool If You Did\u201d]\n\n[Verse 1: Blake Shelton]\nI was gonna keep it real like chill like only have a drink or two\nBut it turned into a party when I started talking to you\nNow you're standing in the neon looking like a high I wanna be on\nBaby it's your call, no pressure at all\n\n[Chorus: Blake Shelton]\nYou don\u2019t have to throw back your pretty pink lemonade shooter and lean a little closer\nYou don\u2019t have to keep on smiling that smile that\u2019s driving me wild and when the night is almost over\nMeet me in the middle of a moonlit Chevy bench seat and do a little bit of country song, hanging on\nYou don\u2019t have to keep me fallin\u2019 like this\nBut it\u2019d sure be cool if you did\n\n[Verse 2: Blake Shelton]\nYou can\u2019t shoot me down cause you already knocked me dead\nGot me falling apart with my heart talking out of my head\nLet your mind take a little back road\nJust as far as you wanna go\nBaby I\u2019ll do whatever you wanna do\n\n[Chorus: Blake Shelton]\nYou don't have to throw back your pretty pink lemonade shooter\nAnd lean a little closer\nYou don't have to keep on smiling that smile that's driving me wild\nAnd when the night is almost over\nMeet me in the middle of a moonlit Chevy bench seat\nAnd do a little bit of country song, hanging on\nYou don't have to keep me falling like this\nBut it'd sure be cool if you did\n[Bridge: Blake Shelton]\nHave a night that you'll never forget\nAnd now you're standing in the neon\nLooking like a high I wanna be on\n\n[Chorus: Blake Shelton]\nYou don't have to throw back your pretty pink lemonade shooter\nAnd lean a little closer\nYou don't have to keep on smiling that smile that's driving me wild\nAnd when the night is almost over\nMeet me in the middle of a moonlit Chevy bench seat\nAnd do a little bit of country song, hanging on\nYou don't have to keep me falling like this\nBut it'd sure be cool if you did"
}