{
 "_type": "song",
 "annotation_count": 4,
 "api_path": "/songs/148751",
 "full_title": "#Beautiful by\u00a0Mariah\u00a0Carey (Ft.\u00a0Miguel)",
 "header_image_thumbnail_url": "https://images.genius.com/f673beb7244367b0254203639057152d.300x300x1.jpg",
 "header_image_url": "https://images.genius.com/f673beb7244367b0254203639057152d.1000x1000x1.jpg",
 "id": 148751,
 "instrumental": false,
 "lyrics_owner_id": 149650,
 "lyrics_state": "complete",
 "lyrics_updated_at": 1583571608,
 "path": "/Mariah-carey-beautiful-lyrics",
 "pyongs_count": 25,
 "song_art_image_thumbnail_url": "https://images.genius.com/14eb50937dcdfccfd21edc8244122bca.300x300x1.jpg",
 "song_art_image_url": "https://images.genius.com/14eb50937dcdfccfd21edc8244122bca.1000x1000x1.jpg",
 "song_art_primary_color": null,
 "song_art_secondary_color": null,
 "song_art_text_color": null,
 "stats": {
  "unreviewed_annotations": 1,
  "hot": false,
  "pageviews": 364958
 },
 "title": "#Beautiful",
 "title_with_featured": "#Beautiful (Ft.\u00a0Miguel)",
 "updated_by_human_at": 1583571608,
 "url": "https://genius.com/Mariah-carey-beautiful-lyrics",
 "primary_artist": {
  "_type": "artist",
  "api_path": "/artists/1205",
  "header_image_url": "https://images.genius.com/8a798508c8ef572c73944c89736ca6b8.1000x333x1.jpg",
  "id": 1205,
  "image_url": "https://images.genius.com/fac013b1272ad4973d59cf0e875c4f2b.400x400x1.jpg",
  "index_character": "m",
  "is_meme_verified": false,
  "is_verified": false,
  "name": "Mariah Carey",
  "slug": "Mariah-carey",
  "url": "https://genius.com/artists/Mariah-carey"
 },
 "artist": "Mariah Carey",
 "lyrics": "[Intro: Mariah Carey]\nAh, ah, you\u2019re beautiful (Yeah)\nAh, ah, you\u2019re beautiful\n\n[Verse 1: Miguel]\nHop on the back of my bike\nLet the good wind blow through your hair\nWith an ass like that and a smile so bright\nOh, you\u2019re killing me, you know it ain\u2019t fair, yeah\nRide on through the middle of the night\nLet the moonlight kiss your skin\nWhen you dance like that, your jeans so tight\nOh, you\u2019re killing me, baby, do it again, yeah\n\n[Chorus: Miguel & Both]\nYou\u2019re beautiful\nAnd your mind is fucking beautiful\nAnd I can\u2019t pretend\nThat doesn\u2019t mean a thing to me, to me, yeah\nYou\u2019re beautiful\nGood Lord, you\u2019re fucking beautiful\nAnd I can\u2019t pretend\nThat doesn\u2019t mean a thing to me, to me, yeah, yeah\n\n[Verse 2: Mariah Carey]\nI like when you run red lights\nDon\u2019t stop \u2019til you thrill me, oh, how you thrill me\nAlways in control, how you do it, I don\u2019t know\nBut I don\u2019t care, take me anywhere\n[Chorus: Mariah Carey & Both]\n\u2018Cause it\u2019s beautiful\nOh, you make me feel undressable\nAnd I can\u2019t pretend\nThat doesn\u2019t mean a thing to me, to me, oh yeah\nYou\u2019re beautiful\nAnd your mind is fucking beautiful\nAnd I can\u2019t pretend\nThat that doesn\u2019t mean a thing to me, to me, yes\nYou\u2019re beautiful\nGood Lord, you\u2019re fucking beautiful (so beautiful)\nAnd I can\u2019t pretend\nThat doesn\u2019t mean a thing to me, to me, yeah, yeah\n\n[Outro: Mariah Carey & Miguel]\nAh, ah, you\u2019re beautiful\nAh, ah, you\u2019re beautiful\nYou don\u2019t know what you\u2019re doing, darling\nAh, ah, you\u2019re beautiful\nHop on back my bike, darling\nOh-oh, I'll take you\nAh, ah, you\u2019re beautiful\nDon\u2019t you worry, darling\nAh, ah, you\u2019re beautiful"
}