{
 "_type": "song",
 "annotation_count": 3,
 "api_path": "/songs/123173",
 "full_title": "Troublemaker by\u00a0Olly\u00a0Murs (Ft.\u00a0Flo\u00a0Rida)",
 "header_image_thumbnail_url": "https://images.genius.com/e2400c2499138d37229397a206f37e94.300x300x1.jpg",
 "header_image_url": "https://images.genius.com/e2400c2499138d37229397a206f37e94.1000x1000x1.jpg",
 "id": 123173,
 "instrumental": false,
 "lyrics_owner_id": 19602,
 "lyrics_state": "complete",
 "lyrics_updated_at": 1596644478,
 "path": "/Olly-murs-troublemaker-lyrics",
 "pyongs_count": 16,
 "song_art_image_thumbnail_url": "https://images.genius.com/589b5b0a7733c242df04b500e800b048.300x300x1.png",
 "song_art_image_url": "https://images.genius.com/589b5b0a7733c242df04b500e800b048.1000x1000x1.png",
 "song_art_primary_color": null,
 "song_art_secondary_color": null,
 "song_art_text_color": null,
 "stats": {
  "unreviewed_annotations": 0,
  "hot": false,
  "pageviews": 73602
 },
 "title": "Troublemaker",
 "title_with_featured": "Troublemaker (Ft.\u00a0Flo\u00a0Rida)",
 "updated_by_human_at": 1601629699,
 "url": "https://genius.com/Olly-murs-troublemaker-lyrics",
 "primary_artist": {
  "_type": "artist",
  "api_path": "/artists/40181",
  "header_image_url": "https://images.genius.com/9639b11c48cba2ccd5ce001795fd8127.400x400x1.jpg",
  "id": 40181,
  "image_url": "https://images.genius.com/4964d74798b06f93317b547c0ed53227.400x400x1.jpg",
  "index_character": "o",
  "is_meme_verified": false,
  "is_verified": true,
  "name": "Olly Murs",
  "slug": "Olly-murs",
  "url": "https://genius.com/artists/Olly-murs",
  "iq": 638
 },
 "artist": "Olly Murs",
 "lyrics": "[Intro: Flo Rida]\nYou're a troublemaker, you're a troublemaker\nYou ain't nothing but a troublemaker, girl\n\n[Verse 1: Olly Murs]\nYou had me hooked again from the minute you sat down\nThe way you bite your lip got my head spinnin' around\nAfter a drink or two, I was putty in your hands\nI don't know if I have the strength to stand (Oh-oh)\n\n[Pre-Chorus: Olly Murs]\nTrouble troublemaker, yeah, that's your middle name (Oh-oh)\nI know you're no good, but you're stuck in my brain\nAnd I wanna know...\n\n[Chorus: Olly Murs]\nWhy does it feel so good, but hurt so bad (Whoa, oh)\nMy mind keeps saying, \"run as fast as you can\"\nI say, \"I'm done,\" but then you pull me back (Whoa, oh)\nI swear you're giving me a heart attack\nTroublemaker\n\n[Verse 2: Olly Murs]\nIt's like you're always there in the corners of my mind\nI see a silhouette every time I close my eyes\nThere must be poison in those finger tips of yours\n'Cause I keep comin' back again for more (Oh-oh)\n[Pre-Chorus: Olly Murs]\nTrouble troublemaker, yeah, that's your middle name (Oh-oh)\nI know you're no good, but you're stuck in my brain\nAnd I wanna know...\n\n[Chorus: Olly Murs]\nWhy does it feel so good, but hurt so bad? (Whoa, oh)\nMy mind keeps saying, \"run as fast as you can\"\nI say, \"I'm done,\" but then you pull me back (Whoa, oh)\nI swear you're giving me a heart attack\nTroublemaker\nWhy does it feel so good, but hurt so bad? (Whoa, oh)\n(Hurt so bad, yeah)\nMy mind keeps saying, \"run as fast as you can\" (You troublemaker)\nI say, \"I'm done,\" but then you pull me back (Whoa, oh)\nI swear you're giving me a heart attack\nTroublemaker\n\n[Verse 3: Flo Rida]\nMaybe I'm insane\n'Cause I keep doing the same damn thing\nThinking one day we gon' change\nBut you know just how to work that back\nAnd make me forget my name\nWhat the hell you do, I won't remember\nI'll be gone until November\nAnd you'll show up again next summer, yeah!\nTypical middle name is Prada\nFit you like a glove, girl\nI'm sick of the drama\nYou're a troublemaker\nBut damn, girl, it's like I love the trouble\nAnd I can't even explain why\n[Chorus: Olly Murs]\nWhy does it feel so good but hurt so bad (Whoa, oh)\nMy mind keeps saying, \"run as fast as you can\" (Troublemaker)\nI say, \"I'm done,\" but then you pull me back (Whoa, oh)\nI swear you're giving me a heart attack\nTroublemaker\nWhy does it feel so good but hurt so bad\n(And I can't even explain why)\nMy mind keeps saying, \"run as fast as you can\" (Troublemaker)\nI say, \"I'm done,\" but then you pull me back (Whoa, oh)\nI swear you're giving me a heart attack\nTroublemaker"
}