{
 "_type": "song",
 "annotation_count": 2,
 "api_path": "/songs/124045",
 "full_title": "Body Party by\u00a0Ciara",
 "header_image_thumbnail_url": "https://images.genius.com/6d7a6d829b5111d1b8f9c8305df910b7.300x300x1.jpg",
 "header_image_url": "https://images.genius.com/6d7a6d829b5111d1b8f9c8305df910b7.1000x1000x1.jpg",
 "id": 124045,
 "instrumental": false,
 "lyrics_owner_id": 99592,
 "lyrics_state": "complete",
 "lyrics_updated_at": 1594069227,
 "path": "/Ciara-body-party-lyrics",
 "pyongs_count": 48,
 "song_art_image_thumbnail_url": "https://images.genius.com/6d7a6d829b5111d1b8f9c8305df910b7.300x300x1.jpg",
 "song_art_image_url": "https://images.genius.com/6d7a6d829b5111d1b8f9c8305df910b7.1000x1000x1.jpg",
 "song_art_primary_color": null,
 "song_art_secondary_color": null,
 "song_art_text_color": null,
 "stats": {
  "unreviewed_annotations": 1,
  "hot": false,
  "pageviews": 277445
 },
 "title": "Body Party",
 "title_with_featured": "Body Party",
 "updated_by_human_at": 1610524017,
 "url": "https://genius.com/Ciara-body-party-lyrics",
 "primary_artist": {
  "_type": "artist",
  "api_path": "/artists/1630",
  "header_image_url": "https://images.genius.com/6979b66e84a39fbe25e8eefb366ec16e.1000x174x1.png",
  "id": 1630,
  "image_url": "https://images.genius.com/661ba9186ca36d1226fa7a1cc9215331.1000x1000x1.png",
  "index_character": "c",
  "is_meme_verified": false,
  "is_verified": false,
  "name": "Ciara",
  "slug": "Ciara",
  "url": "https://genius.com/artists/Ciara"
 },
 "artist": "Ciara",
 "lyrics": "[Intro]\nOhh, oooh\nOhh, ohhh\nYeah, right there\nNo, right there\nI was having fun\nI hope you're having fun too\nI said it\n\n[Verse 1]\nMy body is your party, baby\nNobody's invited but you, baby\nI can do it slow now tell me what you want\nBaby, put your phone down, you should turn it off\n'Cause tonight it's going down, tell your boys it's going down\nWe in the zone now, don't stop\nOoooh, oooh\n\n[Chorus]\nYou can't keep your hands off me\nTouch me right there, rock my body\nI can't keep my hands off you\nYour body is my party\nI'm doing this little dance for you\nYou got me so excited\nNow it's just me and you\nYour body's my party, let's get it started, ohh\nBoy, you should know that\nYour love is always on my mind\nI'm not gonna fight it\nI want it all the time\nBoy, you should know that\nYour love is always on my mind\nAnd I can't deny it\nI want you, I'm on you\n[Verse 2]\nI can't lie, I won't lie, it's amazing\nMy faces go places, you're taking me\nBaby, take your time now, there's no need to rush\nWe can go another round if that's what you want\n'Cause tonight it's going down\nYeah, you know it's going down\nWe in the zone now, don't stop\nOooh, ohh\n\n[Chorus]\nYou can't keep your hands off me\nTouch me right there, rock my body\nI can't keep my hands off you\nYour body is my party\nI'm doing this little dance for you\nYou got me so excited\nNow it's just me and you\nYour body's my party, let's get it started, ohh\nBoy, you should know that\nYour love is always on my mind\nI'm not gonna fight it\nI want it all the time\nBoy, you should know that\nYour love is always on my mind\nAnd I can't deny it\nI want you, I'm on you\n[Outro]\nThe things I wanna do to you\nMy body's calling you\nI'm having so much fun with you\nNow it's just me and you\nYour body's my party, let's get it started\nOhhh"
}