{
 "_type": "song",
 "annotation_count": 9,
 "api_path": "/songs/68713",
 "full_title": "Adorn by\u00a0Miguel",
 "header_image_thumbnail_url": "https://images.rapgenius.com/23a795fee7d604998af359b3d8bb0b7d.300x300x1.jpg",
 "header_image_url": "https://images.rapgenius.com/23a795fee7d604998af359b3d8bb0b7d.1000x1000x1.jpg",
 "id": 68713,
 "instrumental": false,
 "lyrics_owner_id": 36382,
 "lyrics_state": "complete",
 "lyrics_updated_at": 1583209692,
 "path": "/Miguel-adorn-lyrics",
 "pyongs_count": 65,
 "song_art_image_thumbnail_url": "https://images.rapgenius.com/23a795fee7d604998af359b3d8bb0b7d.300x300x1.jpg",
 "song_art_image_url": "https://images.rapgenius.com/23a795fee7d604998af359b3d8bb0b7d.1000x1000x1.jpg",
 "song_art_primary_color": null,
 "song_art_secondary_color": null,
 "song_art_text_color": null,
 "stats": {
  "unreviewed_annotations": 0,
  "hot": false,
  "pageviews": 421574
 },
 "title": "Adorn",
 "title_with_featured": "Adorn",
 "updated_by_human_at": 1606511379,
 "url": "https://genius.com/Miguel-adorn-lyrics",
 "primary_artist": {
  "_type": "artist",
  "api_path": "/artists/446",
  "header_image_url": "https://images.genius.com/8acda2c868067eb1594171d7b3e26737.1000x562x1.jpg",
  "id": 446,
  "image_url": "https://images.genius.com/4a9c9c355dd7d92bc043305f9554fe62.686x686x1.jpg",
  "index_character": "m",
  "is_meme_verified": false,
  "is_verified": true,
  "name": "Miguel",
  "slug": "Miguel",
  "url": "https://genius.com/artists/Miguel",
  "iq": 4895
 },
 "artist": "Miguel",
 "lyrics": "[Music Video Intro]\nHello, I am your subconscious\nDon't be afraid\nI am yours and yours alone\nI am the projector and you are the projection\nAnd I am always supreme\n\n[Intro]\nShe's art dealer chic\nWould you be my friend, my freak?\nShe's art dealer chic (yeah)\nWould you be my friend, my freak?\n\n[Verse 1]\nThese lips, can't wait to taste your skin, baby\nAnd these eyes, I can't wait to see your grin, (ooh ooh baby)\n\n[Chorus 1]\nJust let my love, Just let my love adorn you (please baby)\nAnd you gotta know, you gotta know\nYou know that I adore you (yeah baby)\n\n[Verse 2]\nBaby these fists, will always protect ya, lady\nAnd this mind, will never neglect you, (yeah baby)\nAnd if they try to break us down (oo-ooh)\nDon't let that affect us, no baby\n[Chorus 2]\nYou just gotta let my love\nLet my love, let my love adorn you\nAhh, le-le-le-let it dress you down\nYou gotta know, you gotta know\nKnow that I adore you\nJust that, baby\nOh, let my love adorn you, baby\nDon't you ever, don't you let nobody tell you different, baby\nI'll always adore you, you gotta know now\nYou gotta know na-nah-now, yeah\n\n[Bridge]\nOh yeah\nThe same way that the stars adorn the skies, yeah\n(Every night babe)\nNow look up sugar (Every night babe)\nNow hey hey hey\nThe same way that my whole world's in your eyes (when I look in your eyes babe)\nOooh and it's time now (It's time babe)\n\n[Chorus 3]\nJust let, let my love (do you baby!)\nHey, le-le-le-let it dress you down\nYou got to know baby, oh you got to know\nThat I adorn you, yeah\nOh love ain't never looked so good on ya\n[Outro]\nOh, put it on, baby\nLet my love adorn... You"
}