{
 "_type": "song",
 "annotation_count": 18,
 "api_path": "/songs/88207",
 "full_title": "Hall of Fame by\u00a0The\u00a0Script (Ft.\u00a0\u200bwill.i.am)",
 "header_image_thumbnail_url": "https://images.rapgenius.com/6808b60b427c626b41455ff375bb8b98.300x300x1.jpg",
 "header_image_url": "https://images.rapgenius.com/6808b60b427c626b41455ff375bb8b98.600x600x1.jpg",
 "id": 88207,
 "instrumental": false,
 "lyrics_owner_id": 124667,
 "lyrics_state": "complete",
 "lyrics_updated_at": 1581566127,
 "path": "/The-script-hall-of-fame-lyrics",
 "pyongs_count": 91,
 "song_art_image_thumbnail_url": "https://images.rapgenius.com/6808b60b427c626b41455ff375bb8b98.300x300x1.jpg",
 "song_art_image_url": "https://images.rapgenius.com/6808b60b427c626b41455ff375bb8b98.600x600x1.jpg",
 "song_art_primary_color": null,
 "song_art_secondary_color": null,
 "song_art_text_color": null,
 "stats": {
  "unreviewed_annotations": 0,
  "hot": false,
  "pageviews": 344783
 },
 "title": "Hall of Fame",
 "title_with_featured": "Hall of Fame (Ft.\u00a0\u200bwill.i.am)",
 "updated_by_human_at": 1613930351,
 "url": "https://genius.com/The-script-hall-of-fame-lyrics",
 "primary_artist": {
  "_type": "artist",
  "api_path": "/artists/15445",
  "header_image_url": "https://images.genius.com/4598fad687393737447933937f557292.750x500x1.jpg",
  "id": 15445,
  "image_url": "https://images.genius.com/f5c98eeb8d18dfd43a27e1c7a00f3270.1000x1000x1.jpg",
  "index_character": "s",
  "is_meme_verified": false,
  "is_verified": true,
  "name": "The Script",
  "slug": "The-script",
  "url": "https://genius.com/artists/The-script",
  "iq": 100
 },
 "artist": "The Script",
 "lyrics": "[Verse 1: Danny O'Donoghue & will.i.am]\nYeah, you can be the greatest, you can be the best\nYou can be the King Kong bangin' on your chest\nYou can beat the world, you can beat the war\nYou can talk to God, go bangin' on his door\nYou can throw your hands up, you can beat the clock (Yeah)\nYou can move a mountain, you can break rocks\nYou can be a master, don\u2019t wait for luck\nDedicate yourself and you gon' find yourself\n\n[Chorus: Danny O'Donoghue & will.i.am]\nStandin' in the Hall of Fame (Yeah)\nAnd the world\u2019s gonna know your name (Yeah)\n\u2018Cause you burn with the brightest flame (Yeah)\nAnd the world\u2019s gonna know your name (Yeah)\nAnd you\u2019ll be on the walls of the Hall of Fame\n\n[Verse 2: Danny O'Donoghue & will.i.am]\nYou can go the distance, you can run the mile\nYou can walk straight through hell with a smile\nYou can be the hero, you can get the gold\nBreakin' all the records they thought never could be broke, yeah\nDo it for your people, do it for your pride\nHow are you ever gonna know if you never even try?\nDo it for your country, do it for your name\n\u2018Cause there's gon' be a day, when you're\n[Chorus: Danny O'Donoghue & will.i.am]\nStandin' in the Hall of Fame (Yeah)\nAnd the world\u2019s gonna know your name (Yeah)\n\u2018Cause you burn with the brightest flame (Yeah)\nAnd the world\u2019s gonna know your name (Yeah)\nAnd you\u2019ll be on the walls of the Hall of Fame\n\n[Post-Chorus: will.i.am]\nBe a champion\nBe a champion\nBe a champion\nBe a champion\nAnd you\u2019ll be on the walls of the Hall of Fame\n\n[Bridge: Danny O'Donoghue]\nBe students, be teachers\nBe politicians, be preachers\nYeah\nBe believers, be leaders\nBe astronauts, be champions\nBe truth-seekers\nBe students, be teachers\nBe politicians, be preachers\nYeah\nBe believers, be leaders\nBe astronauts, be champions\n[Chorus: Danny O'Donoghue & will.i.am]\nStandin' in the Hall of Fame (Yeah)\nAnd the world\u2019s gonna know your name (Yeah)\n\u2018Cause you burn with the brightest flame (Yeah)\nAnd the world\u2019s gonna know your name (Yeah)\nAnd you\u2019ll be on the walls of the Hall of Fame\n\n[Outro: Danny O'Donoghue & will.i.am]\nYou can be the greatest, you can be the best\n(Be a champion)\nYou can be the King Kong bangin' on your chest\n(You can be a champion)\nYou can beat the world, you can beat the war\n(Be a champion)\nYou can talk to God, go bangin' on his door\n(You can be a champion)\nYou can throw your hands up, you can beat the clock\n(You can be a champion)\nYou can move a mountain, you can break rocks\n(You can be a champion)\nYou can be a master, don\u2019t wait for luck\n(You can be a champion)\nDedicate yourself and you gon' find yourself\n(You can be a champion)\nStanding in the Hall of Fame\u2026"
}