{
 "_type": "song",
 "annotation_count": 4,
 "api_path": "/songs/92862",
 "full_title": "Let Me Love You (Until You Learn to Love Yourself) by\u00a0Ne-Yo",
 "header_image_thumbnail_url": "https://images.genius.com/29f9e07cf8e179f49781a69a5b746649.300x300x1.png",
 "header_image_url": "https://images.genius.com/29f9e07cf8e179f49781a69a5b746649.1000x1000x1.png",
 "id": 92862,
 "instrumental": false,
 "lyrics_owner_id": 146810,
 "lyrics_state": "complete",
 "lyrics_updated_at": 1524972022,
 "path": "/Ne-yo-let-me-love-you-until-you-learn-to-love-yourself-lyrics",
 "pyongs_count": 21,
 "song_art_image_thumbnail_url": "https://images.genius.com/29f9e07cf8e179f49781a69a5b746649.300x300x1.png",
 "song_art_image_url": "https://images.genius.com/29f9e07cf8e179f49781a69a5b746649.1000x1000x1.png",
 "song_art_primary_color": null,
 "song_art_secondary_color": null,
 "song_art_text_color": null,
 "stats": {
  "unreviewed_annotations": 0,
  "hot": false,
  "pageviews": 61807
 },
 "title": "Let Me Love You (Until You Learn to Love Yourself)",
 "title_with_featured": "Let Me Love You (Until You Learn to Love Yourself)",
 "updated_by_human_at": 1615343207,
 "url": "https://genius.com/Ne-yo-let-me-love-you-until-you-learn-to-love-yourself-lyrics",
 "primary_artist": {
  "_type": "artist",
  "api_path": "/artists/375",
  "header_image_url": "https://images.genius.com/ed9f6acbd575d4aed5a7e892fe55e8bd.780x440x1.jpg",
  "id": 375,
  "image_url": "https://images.genius.com/fc40344c8046c66aca1f3e51bbc1c7f2.744x744x1.jpg",
  "index_character": "n",
  "is_meme_verified": true,
  "is_verified": true,
  "name": "Ne-Yo",
  "slug": "Ne-yo",
  "url": "https://genius.com/artists/Ne-yo",
  "iq": 2749
 },
 "artist": "Ne-Yo",
 "lyrics": "[Verse 1]\nMuch as you blame yourself, you can't be blamed for the way that you feel\nHad no example of a love that was even remotely real\nHow can you understand something that you never had?\nOoh, baby, if you let me, I can help you out with all of that\n\n[Chorus]\nGirl let me love you\nAnd I will love you\nUntil you learn to love yourself\nGirl let me love you\nAnd all your trouble\nDon't be afraid, girl let me help\nGirl let me love you\nAnd I will love you\nUntil you learn to love yourself\nGirl let me love you\nA heart of numbness gets brought to life\nI'll take you there\nGirl let me love you\nGirl let me love you, baby, oh\nGirl let me love you\nGirl let me love you, baby\nGirl let me love you\nLet me love you, let me love you, oh\n[Verse 2]\nI can see the pain behind your eyes\nIt's been there for quite a while\nI just wanna be the one to remind you what it is to smile\nI would like to show you what true love can really do\n\n[Chorus]\nGirl let me love you\nAnd I will love you\nUntil you learn to love yourself\nGirl let me love you\nAnd all your trouble\nDon't be afraid, girl let me help\nGirl let me love you\nAnd I will love you\nUntil you learn to love yourself\nGirl let me love you\nA heart of numbness, gets brought to life\nI'll take you there\nGirl let me love you, baby\nGirl let me love you\nLet me love you, let me love you, baby\nGirl let me love you\nGirl let me love you, baby\nGirl let me love you\nLet me love you, girl let me love you, baby\n[Bridge]\nFor every heart that beats\nFor every heart that beats\nFor every heart that beats\nFor every heart that beats\nHeart that beats\nHeart that beats\nHeart that beats\nHeart that beats\n\n[Chorus]\nGirl let me love you\nAnd I will love you\nUntil you learn to love yourself\nGirl let me love you\nAnd all your trouble\nDon't be afraid, girl let me help\nGirl let me love you\nAnd I will love you\nUntil you learn to love yourself\nGirl let me love you\nA heart of numbness, gets brought to life\nI'll take you there\n\n[Outro]\nGirl let me love you\nLet me love you, baby, love you, baby\nGirl let me love you\nLet me love you babe, love you babe, ooh-ooh-ah"
}