{
 "_type": "song",
 "annotation_count": 22,
 "api_path": "/songs/122189",
 "full_title": "U.O.E.N.O by\u00a0Rocko (Ft.\u00a0Future & Rick\u00a0Ross)",
 "header_image_thumbnail_url": "https://images.rapgenius.com/d61fef4c265005e7ee7e86974516efc5.300x300x1.png",
 "header_image_url": "https://images.rapgenius.com/d61fef4c265005e7ee7e86974516efc5.600x600x1.png",
 "id": 122189,
 "instrumental": false,
 "lyrics_owner_id": 181657,
 "lyrics_state": "complete",
 "lyrics_updated_at": 1613863631,
 "path": "/Rocko-uoeno-lyrics",
 "pyongs_count": 56,
 "song_art_image_thumbnail_url": "https://images.rapgenius.com/d61fef4c265005e7ee7e86974516efc5.300x300x1.png",
 "song_art_image_url": "https://images.rapgenius.com/d61fef4c265005e7ee7e86974516efc5.600x600x1.png",
 "song_art_primary_color": null,
 "song_art_secondary_color": null,
 "song_art_text_color": null,
 "stats": {
  "unreviewed_annotations": 1,
  "hot": false,
  "pageviews": 1587145
 },
 "title": "U.O.E.N.O",
 "title_with_featured": "U.O.E.N.O (Ft.\u00a0Future & Rick\u00a0Ross)",
 "updated_by_human_at": 1613863631,
 "url": "https://genius.com/Rocko-uoeno-lyrics",
 "primary_artist": {
  "_type": "artist",
  "api_path": "/artists/1424",
  "header_image_url": "https://images.genius.com/7c83faebf79e85cb6bc6a864eacc1aa8.609x609x1.jpg",
  "id": 1424,
  "image_url": "https://images.genius.com/7aab0f392a9e661150084b082479c007.609x609x1.jpg",
  "index_character": "r",
  "is_meme_verified": false,
  "is_verified": false,
  "name": "Rocko",
  "slug": "Rocko",
  "url": "https://genius.com/artists/Rocko"
 },
 "artist": "Rocko",
 "lyrics": "[Produced By: Childish Major]\n\n[Intro: Future]\nU.O.E.N.O it\nPo high-class niggas\nThis shit sound crazy\nFly shit on me\nYou know what I\u2019m sayin\u2019?\n\n[Chorus: Future]\nThis a thousand dollar pair of shoes and U.O.E.N.O it\nThis a thousand dollar cup of lean and U.O.E.N.O it\nThis a half a million dollar car, U.O.E.N.O it\nI came up from bottom, U.O.E.N.O it\nMy niggas all ride with me on, U.O.E.N.O it\nGot killers with me right now, U.O.E.N.O it\nThis a million dollar watch nigga, U.O.E.N.O it\nGot a million dollar crib nigga, U.O.E.N.O it\n\n[Verse 1: Rocko]\nAy that monster truck, sit tall as fuck, it\u2019s so big can\u2019t even tow it\nDon't like snakes keep my grass cut, so low can't even mow it\nSip Dom Peri', little high glow, no no we don\u2019t do Moet\nIf it ain't P.J., no Rose from me hostess don\u2019t even pour it\nSpecks on Tom Ford, button-down Michael Kors\nAlways on like the refrigerator, I\u2019m plugged in, ho, you know it\nA.P. and that Piguet, wear the Breitling when I\u2019m bored\nGot a Masterpiece and a 41-millimeter, and you ain\u2019t even know it\nKeep the .45 in my pocket: ain\u2019t gon' show it 'til I have to pop it\nThen you gon know it, damn who shot you, they don\u2019t even know it\nHawks game fuckin' floor it, TV seat front row it\nRocko Da Don CEO it, ain\u2019t gotta rap and you know it\n[Chorus: Future]\nThis a thousand dollar pair of shoes and U.O.E.N.O it\nThis a thousand dollar cup of lean and U.O.E.N.O it\nThis a half a million dollar car, U.O.E.N.O it\nI came up from bottom, U.O.E.N.O it\nMy niggas all ride with me on, U.O.E.N.O it\nGot killers with me right now, U.O.E.N.O it\nThis a million dollar watch nigga, U.O.E.N.O it\nGot a million dollar crib nigga, U.O.E.N.O it\n\n[Verse 2: Rick Ross]\nThat nigga sold you that re-rock, you ain't even know it\nI'd die over these Reeboks, you ain't even know it\nPut molly all in her champagne, she ain\u2019t even know it\nI took her home and I enjoyed that, she ain't even know it\nGot a hundred acres I live on, you ain't even know it\nGot a hundred rounds in this AR, you ain't even know it\nGot a bag of bitches I play with, on cloud 9 in my spaceship\nZoned out but he stay fresh from Zone 1 through Zone 6\nBricks all in my blood, birds all in my dreams\nBoats all in my yard, lemon pepper my wings\nI\u2019m 'bout to get you fuck niggas wacked, you ain't even know it\nYour main nigga bout to turn his back, you ain't even know it\n[Chorus: Future]\nThis a thousand dollar pair of shoes and U.O.E.N.O it\nThis a thousand dollar cup of lean and U.O.E.N.O it\nThis a half a million dollar car, U.O.E.N.O it\nI came up from bottom, U.O.E.N.O it\nMy niggas all ride with me on, U.O.E.N.O it\nGot killers with me right now, U.O.E.N.O it\nThis a million dollar watch nigga, U.O.E.N.O it\nGot a million dollar crib nigga, U.O.E.N.O it\n[Verse 3: Future]\nI\u2019m turned up every day, you don\u2019t even know it\nGot your bitch with me right now, you don\u2019t even know it\nWe turn up in the club, you don\u2019t even know it\nGot a hundred bottles comin', you don\u2019t even know it\nWe came up from nothin', you don\u2019t even know it\nDrive a half a million dollar car, you don\u2019t even know it\nThis a thousand dollar pair of shoes, you don't even know it\nGot a bitch that speak no English, she don't even know it\n\n[Chorus: Future]\nThis a thousand dollar pair of shoes and U.O.E.N.O it\nThis a thousand dollar cup of lean and U.O.E.N.O it\nThis a half a million dollar car, U.O.E.N.O it\nI came up from bottom, U.O.E.N.O it\nMy niggas all ride with me on, U.O.E.N.O it\nGot killers with me right now, U.O.E.N.O it\nThis a million dollar watch nigga, U.O.E.N.O it\nGot a million dollar crib nigga, U.O.E.N.O it"
}