{
 "_type": "song",
 "annotation_count": 1,
 "api_path": "/songs/121627",
 "full_title": "Next to Me by\u00a0Emeli\u00a0Sand\u00e9",
 "header_image_thumbnail_url": "https://images.genius.com/93c1f67d236e1084b3ba38974e306a6b.300x300x1.jpg",
 "header_image_url": "https://images.genius.com/93c1f67d236e1084b3ba38974e306a6b.1000x1000x1.jpg",
 "id": 121627,
 "instrumental": false,
 "lyrics_owner_id": 26826,
 "lyrics_state": "complete",
 "lyrics_updated_at": 1584171114,
 "path": "/Emeli-sande-next-to-me-lyrics",
 "pyongs_count": 12,
 "song_art_image_thumbnail_url": "https://images.genius.com/96366853bc7b6f760eb415164bf980da.300x300x1.jpg",
 "song_art_image_url": "https://images.genius.com/96366853bc7b6f760eb415164bf980da.1000x1000x1.jpg",
 "song_art_primary_color": null,
 "song_art_secondary_color": null,
 "song_art_text_color": null,
 "stats": {
  "unreviewed_annotations": 0,
  "hot": false,
  "pageviews": 67401
 },
 "title": "Next to Me",
 "title_with_featured": "Next to Me",
 "updated_by_human_at": 1611376609,
 "url": "https://genius.com/Emeli-sande-next-to-me-lyrics",
 "primary_artist": {
  "_type": "artist",
  "api_path": "/artists/13465",
  "header_image_url": "https://images.genius.com/07186091cd66c19c79679b3497c176cb.700x394x1.jpg",
  "id": 13465,
  "image_url": "https://images.genius.com/64a99a4432c1e181de73653993450e0a.741x741x1.jpg",
  "index_character": "e",
  "is_meme_verified": false,
  "is_verified": true,
  "name": "Emeli Sand\u00e9",
  "slug": "Emeli-sande",
  "url": "https://genius.com/artists/Emeli-sande",
  "iq": 989
 },
 "artist": "Emeli Sand\u00e9",
 "lyrics": "[Verse 1]\nYou won\u2019t find him drinking under tables\nRolling dice or staying out \u2019til three\nYou won\u2019t ever find him be unfaithful\nYou will find him, you\u2019ll find him next to me\nYou won\u2019t find him tryna change the devil\nFor money, fame, for power out of greed\nYou won't ever find him where the rest go\nYou will find him, you\u2019ll find him next to me\n\n[Chorus]\nNext to me \u2013 wooh hooo\nNext to me \u2013 wooh hooo\nNext to me \u2013 wooh hooo\nYou will find him, you\u2019ll find him next to me\n\n[Verse 2]\nWhen the money\u2019s spent and all my friends have vanished\nAnd I can\u2019t seem to find no help or love for free\nI know that there\u2019s no need for me to panic\n'Cause I\u2019ll find him, I\u2019ll find him next to me\nWhen the skies are grey and all the doors are closing\nAnd the rising pressure makes it hard to breathe\nWhen all I need\u2019s a hand to stop the tears from falling\nI will find him, I\u2019ll find him next to me\n[Chorus]\nNext to me \u2013 wooh hooo\nNext to me \u2013 wooh hooo\nNext to me \u2013 wooh hooo\nI will find him, I\u2019ll find him next to me\n\n[Verse 3]\nWhen the end has come and buildings falling down fast\nWhen we\u2019ve spoilt the land and dried up all the sea\nWhen everyone has lost their heads around us\nYou will find him, you\u2019ll find him next to me\n\n[Chorus]\nNext to me \u2013 wooh hooo\nNext to me \u2013 wooh hooo\nNext to me \u2013 wooh hooo\nYou will find him, you\u2019ll find him next to me\nNext to me \u2013 wooh hooo\nNext to me \u2013 wooh hooo\nNext to me \u2013 wooh hooo\nYou will find him, you\u2019ll find him next to me"
}