{
 "_type": "song",
 "annotation_count": 8,
 "api_path": "/songs/154243",
 "full_title": "Mama's Broken Heart by\u00a0Miranda\u00a0Lambert",
 "header_image_thumbnail_url": "https://images.genius.com/27a824f46adfb21adb3502629e3b021e.300x300x1.jpg",
 "header_image_url": "https://images.genius.com/27a824f46adfb21adb3502629e3b021e.1000x1000x1.jpg",
 "id": 154243,
 "instrumental": false,
 "lyrics_owner_id": 10380,
 "lyrics_state": "complete",
 "lyrics_updated_at": 1588740609,
 "path": "/Miranda-lambert-mamas-broken-heart-lyrics",
 "pyongs_count": 13,
 "song_art_image_thumbnail_url": "https://images.genius.com/8d9ceefbd7392e229b49ac594221e308.300x300x1.png",
 "song_art_image_url": "https://images.genius.com/8d9ceefbd7392e229b49ac594221e308.680x680x1.png",
 "song_art_primary_color": null,
 "song_art_secondary_color": null,
 "song_art_text_color": null,
 "stats": {
  "unreviewed_annotations": 0,
  "hot": false,
  "pageviews": 37875
 },
 "title": "Mama\u2019s Broken Heart",
 "title_with_featured": "Mama's Broken Heart",
 "updated_by_human_at": 1588740609,
 "url": "https://genius.com/Miranda-lambert-mamas-broken-heart-lyrics",
 "primary_artist": {
  "_type": "artist",
  "api_path": "/artists/22511",
  "header_image_url": "https://images.genius.com/1b114510de08f86124f8ddb860ccf387.1000x635x1.jpg",
  "id": 22511,
  "image_url": "https://images.genius.com/dc8fc174f6f84c14bd5bbfccdf6f71aa.400x400x1.jpg",
  "index_character": "m",
  "is_meme_verified": true,
  "is_verified": true,
  "name": "Miranda Lambert",
  "slug": "Miranda-lambert",
  "url": "https://genius.com/artists/Miranda-lambert",
  "iq": 100
 },
 "artist": "Miranda Lambert",
 "lyrics": "[Verse 1]\nI cut my bangs with some rusty kitchen scissors\nI screamed his name 'til the neighbors called the cops\nI numbed the pain at the expense of my liver\nDon\u2019t know what I did next, all I know I couldn\u2019t stop\n\n[Verse 2]\nWord got around to the barflies and the baptists\nMy mama\u2019s phone started ringin' off the hook\nI can hear her now, sayin' she ain\u2019t gonna have it\nDon\u2019t matter how you feel, it only matters how you look\n\n[Chorus]\nGo and fix your make up, girl, it\u2019s just a break up\nRun and hide your crazy and start actin\u2019 like a lady\n'Cause I raised you better, gotta keep it together\nEven when you fall apart\nBut this ain\u2019t my mama\u2019s broken heart\n\n[Verse 3]\nWish I could be just a little less dramatic\nLike a Kennedy when Camelot went down in flames\nLeave it to me to be holding the matches\nWhen the fire trucks show up and there\u2019s nobody else to blame\n\n[Verse 4]\nCan\u2019t get revenge and keep a spotless reputation\nSometimes revenge's just a choice you gotta make\nMy mama came from a softer generation\nWhere you get a grip and bite your lip just to save a little face\n[Chorus]\nGo and fix your make up, girl, it\u2019s just a break up\nRun and hide your crazy and start actin\u2019 like a lady\n'Cause I raised you better, gotta keep it together\nEven when you fall apart\nBut this ain\u2019t my mama\u2019s broken heart\n\n[Bridge]\nPowder your nose, paint your toes\nLine your lips and keep 'em closed\nCross your legs, dot your eyes\nAnd never let 'em see you cry\n\n[Chorus]\nGo and fix your make up, girl, it\u2019s just a break up\nRun and hide your crazy and start actin\u2019 like a lady\n'Cause I raised you better, gotta keep it together\nEven when you fall apart\nBut this ain\u2019t my mama\u2019s broken heart"
}