{
 "_type": "song",
 "annotation_count": 22,
 "api_path": "/songs/480201",
 "full_title": "Turn Up for Hick Hop? by\u00a0Mr.\u00a0Varnell",
 "header_image_thumbnail_url": "https://images.genius.com/41c9627c3b1408f093fc471f73c07b72.300x144x1.jpg",
 "header_image_url": "https://images.genius.com/41c9627c3b1408f093fc471f73c07b72.1000x481x1.jpg",
 "id": 480201,
 "instrumental": false,
 "lyrics_owner_id": 268569,
 "lyrics_state": "complete",
 "lyrics_updated_at": 1593644244,
 "path": "/Mr-varnell-turn-up-for-hick-hop-annotated",
 "pyongs_count": 9,
 "song_art_image_thumbnail_url": "https://images.genius.com/41c9627c3b1408f093fc471f73c07b72.300x144x1.jpg",
 "song_art_image_url": "https://images.genius.com/41c9627c3b1408f093fc471f73c07b72.1000x481x1.jpg",
 "song_art_primary_color": null,
 "song_art_secondary_color": null,
 "song_art_text_color": null,
 "stats": {
  "unreviewed_annotations": 0,
  "hot": false
 },
 "title": "Turn Up for Hick Hop?",
 "title_with_featured": "Turn Up for Hick Hop?",
 "updated_by_human_at": 1594067036,
 "url": "https://genius.com/Mr-varnell-turn-up-for-hick-hop-annotated",
 "primary_artist": {
  "_type": "artist",
  "api_path": "/artists/65750",
  "header_image_url": "https://images.genius.com/c46fbe43dde64191faa20eab10fbbb51.803x584x1.png",
  "id": 65750,
  "image_url": "https://images.genius.com/0fc5a3bb50803445d48bdf418f9e0616.296x296x1.png",
  "index_character": "m",
  "is_meme_verified": false,
  "is_verified": false,
  "name": "Mr. Varnell",
  "slug": "Mr-varnell",
  "url": "https://genius.com/artists/Mr-varnell",
  "iq": 42226
 },
 "artist": "Mr. Varnell",
 "lyrics": "Baby you're a song\nYou make me wanna roll my windows down and cruise\nYeah, when I first saw that bikini top on her\nShe's poppin' right out of the South Georgia water\nThought, \"Oh, good Lord, she had them long tanned legs\"\nCouldn't help myself so I walked up and said\nBaby you're a song\nYou make me wanna roll my windows down and cruise\nDown a back road blowin' stop signs through the middle\nEvery little farm town with you\nIn this brand new Chevy with a lift kit\nWould look a hell lot better with you up in it\nSo baby you're a song\nYou make me wanna roll my windows down and cruise\nShe was sippin' on southern and singin' Marshall Tucker\nWe were falling in love in the sweet heart of summer\nShe hopped right up into the cab of my truck and said\n\"Fire it up, let's go get this thing stuck\"\nBaby you're a song\nYou make me wanna roll my windows down and cruise\nDown a back road blowin' stop signs through the middle\nEvery little farm town with you\nIn this brand new Chevy with a lift kit\nWould look a hell lot better with you up in it\nSo baby you're a song\nYou make me wanna roll my windows down and cruise\nWhen that summer sun fell to its knees\nI looked at her and she looked at me\nAnd I turned on those KC lights and drove all night\n'Cause it felt so right, her and I, man we felt so right\nI put it in park and\nGrabbed my guitar\nAnd strummed a couple chords\nAnd sang from the heart\nGirl you sure got the beat in my chest bumpin'\nHell I can't get you out of my head\nBaby you're a song\nYou make me wanna roll my windows down and cruise\nDown a back road blowin' stop signs through the middle\nEvery little farm town with you\nBaby you're a song\nYou make me wanna roll my windows down and cruise\nDown a back road blowin' stop signs through the middle\nEvery little farm town with you\nIn this brand new Chevy with a lift kit\nWould look a hell lot better with you up in it\nCome on\nBaby you're a song\nYou make me wanna roll my windows down and cruise\nCome on girl\nGet those windows down and cruise\nAww yeah\n"}