{
 "_type": "song",
 "annotation_count": 1,
 "api_path": "/songs/1086734",
 "full_title": "It Goes Like This by\u00a0Thomas\u00a0Rhett",
 "header_image_thumbnail_url": "https://images.genius.com/1386b20ce99fc351a3781d312ba6dc9a.300x300x1.jpg",
 "header_image_url": "https://images.genius.com/1386b20ce99fc351a3781d312ba6dc9a.1000x1000x1.jpg",
 "id": 1086734,
 "instrumental": false,
 "lyrics_owner_id": 3499648,
 "lyrics_state": "complete",
 "lyrics_updated_at": 1581882157,
 "path": "/Thomas-rhett-it-goes-like-this-lyrics",
 "pyongs_count": 4,
 "song_art_image_thumbnail_url": "https://images.genius.com/145110c8c25c23d9b54ef26dffc7f2e3.300x300x1.jpg",
 "song_art_image_url": "https://images.genius.com/145110c8c25c23d9b54ef26dffc7f2e3.1000x1000x1.jpg",
 "song_art_primary_color": null,
 "song_art_secondary_color": null,
 "song_art_text_color": null,
 "stats": {
  "unreviewed_annotations": 0,
  "hot": false,
  "pageviews": 6481
 },
 "title": "It Goes Like This",
 "title_with_featured": "It Goes Like This",
 "updated_by_human_at": 1592534629,
 "url": "https://genius.com/Thomas-rhett-it-goes-like-this-lyrics",
 "primary_artist": {
  "_type": "artist",
  "api_path": "/artists/158709",
  "header_image_url": "https://images.genius.com/65bbeaeec5562e1552ea0198428432d7.653x653x1.jpg",
  "id": 158709,
  "image_url": "https://images.genius.com/65bbeaeec5562e1552ea0198428432d7.653x653x1.jpg",
  "index_character": "t",
  "is_meme_verified": false,
  "is_verified": true,
  "name": "Thomas Rhett",
  "slug": "Thomas-rhett",
  "url": "https://genius.com/artists/Thomas-rhett",
  "iq": 115
 },
 "artist": "Thomas Rhett",
 "lyrics": "[Verse 1]\nHey girl, you make me wanna write a song\nSit you down, I'll sing it to you all night long\nI've had a melody in my head since she walked in here and knocked me dead\nYeah girl, you make me wanna write a song\n\n[Chorus]\nAnd it goes like ooh, what I wouldn't do\nTo write my name on your heart, get you wrapped in my arms baby, all around you\nAnd it goes like hey, girl, I'm blown away\nYeah, it starts with a smile and it ends with an all night long slow kiss\nYeah, it goes like this\n\n[Verse 2]\nHey girl, you make me wanna drive you home\nGet you outta here and get you all alone\nI don't know what it is about you, baby\nBut I'm all messed up and it might sound crazy\nBut you make me wanna write a song\n\n[Chorus]\nAnd it goes like ooh, what I wouldn't do\nTo write my name on your heart, get you wrapped in my arms baby, all around you\nAnd it goes like hey, girl, I'm blown away\nYeah, it starts with a smile and it ends with an all night long slow kiss\nYeah, it goes like this\n[Bridge]\nLookin' at you lookin' at me that way (Lookin' at me that way)\nMakes me wanna grab my old guitar and play\n\n[Chorus]\nSomething like ooh, what I wouldn't do\nTo write my name on my heart, get you wrapped in my arms\nBaby, all around you\nAnd it goes like hey, girl, I'm blown away\nYeah, it starts with a smile and it ends with an all night long slow kiss\nYeah, it goes like this\n\n[Outro]\nAnd it goes like ooh, and it goes like hey\nAnd it ends with a kiss\nYeah, it goes like this"
}