{
 "_type": "song",
 "annotation_count": 11,
 "api_path": "/songs/110064",
 "full_title": "Bugatti by\u00a0Ace\u00a0Hood (Ft.\u00a0Future & Rick\u00a0Ross)",
 "header_image_thumbnail_url": "https://images.genius.com/e99b6b28eeb30b16042c0959a8245673.300x169x1.jpg",
 "header_image_url": "https://images.genius.com/e99b6b28eeb30b16042c0959a8245673.1000x563x1.jpg",
 "id": 110064,
 "instrumental": false,
 "lyrics_owner_id": 149650,
 "lyrics_state": "complete",
 "lyrics_updated_at": 1576735713,
 "path": "/Ace-hood-bugatti-lyrics",
 "pyongs_count": 116,
 "song_art_image_thumbnail_url": "https://i.genius.com/9281dce7db2e38290abd06a11fe2ffade0533af4?url=http%3A%2F%2Fwww.dafont.com%2Fforum%2Fattach%2Forig%2F4%2F2%2F427230.jpg",
 "song_art_image_url": "https://i.genius.com/9281dce7db2e38290abd06a11fe2ffade0533af4?url=http%3A%2F%2Fwww.dafont.com%2Fforum%2Fattach%2Forig%2F4%2F2%2F427230.jpg",
 "song_art_primary_color": null,
 "song_art_secondary_color": null,
 "song_art_text_color": null,
 "stats": {
  "unreviewed_annotations": 0,
  "hot": false,
  "pageviews": 1350141
 },
 "title": "Bugatti",
 "title_with_featured": "Bugatti (Ft.\u00a0Future & Rick\u00a0Ross)",
 "updated_by_human_at": 1612404379,
 "url": "https://genius.com/Ace-hood-bugatti-lyrics",
 "primary_artist": {
  "_type": "artist",
  "api_path": "/artists/460",
  "header_image_url": "https://images.genius.com/2b8521f75a42651c7f8673b2f3f696bc.720x720x1.jpg",
  "id": 460,
  "image_url": "https://images.genius.com/2b8521f75a42651c7f8673b2f3f696bc.720x720x1.jpg",
  "index_character": "a",
  "is_meme_verified": true,
  "is_verified": true,
  "name": "Ace Hood",
  "slug": "Ace-hood",
  "url": "https://genius.com/artists/Ace-hood",
  "iq": 1212
 },
 "artist": "Ace Hood",
 "lyrics": "[Intro: Future]\nWe the motherfuckin best nigga\nAce Hood\nSuper, Future\n\n[Hook: Future]\nI come looking for you with Haitians\nI stay smoking on good Jamaican\nI fuck bitches from different races\nYou get money they started hating\n(Turn Up!)\nI woke up in a new Bugatti\nI woke up in a new Bugatti\nI woke up in a new Bugatti\nI woke up in a new Bugatti\nI woke up in a new Bugatti\n\n[Verse 1: Ace Hood]\nOkay, niggas be hatin I'm rich as a bitch\n100K I spent that on my wrist\n200 dollars, I spent that on your bitch\nDo me a model, put that on my list\nOh there he go in that foreign again\nKillin the scene bring the coroner in\nMurder she wrote, swallow or choke\nHit her and go home, I won't call her again\nWoke up early morning, crib as big as a college\nSmoke me a pound of the loudest\nWhippin some shit with no mileage\nDiamonds cost me a fortune\nThem horses all in them Porsches\nYou pussies can't hardly afford it\n4,200 my mortgage\nBallin on niggas like Kobe\nFuck all you haters you bore me\nOnly the real get a piece of the plate\nReppin my city I'm runnin my state\nGive me a pistol then run with the K's\nNiggas want beef then I visit ya place (Bang!)\n[Hook]\nI come looking for you with Haitians\nI stay smoking on good Jamaican\nI fuck bitches from different races\nYou get money they started hating\n(Turn Up!)\nI woke up in a new Bugatti\nI woke up in a new Bugatti\nI woke up in a new Bugatti\nI woke up in a new Bugatti\nI woke up in a new Bugatti\n\n[Verse 2: Ace Hood]\nYeah, and I'm at it again\nThere go that flow bringin tragedy in\nCopped me a chain your salary spent\nNiggas is sweet bring them cavities in\nCountin money, hourly trend\nRolling them skinny like Olsen twins\nNiggas is squares, coppin' a Benz\nNeck full of Gold Olympian shit\nNeimans, I'm blowing the check on they gear\nFall on some pussy then hop on the Lear\nStrapped with them choppers back of the rear\nSak pase' them killers is here\nWoke up early this morning, mind is tellin me money\nPaper, mula, pockets is fat as a tumor\nMillionaire nigga no rumor\nLivin my life off of tuna\nWanted with me I deliver the beef\nReal niggas only enjoyin the feast\nPull up a seat, bon app\u00e9tit\nNo Louboutins put that red on your sneaks (Bang!)\n[Hook]\nI come looking for you with Haitians\nI stay smoking on good Jamaican\nI fuck bitches from different races\nYou get money they started hating\n(Turn Up!)\nI woke up in a new Bugatti\nI woke up in a new Bugatti\nI woke up in a new Bugatti\nI woke up in a new Bugatti\nI woke up in a new Bugatti\n\n[Verse 3: Rick Ross]\nPhotographs of dope boys, is all they taking\nFinger prints on the Rolls Royce, is why they hatin'\nPush a button on these broke boys, that's detonation\nWalk a road to riches bare feet\nI watch mama struggle now she livin' carefree\nThat's why I hustle for half a key that's 12 G's\nI'm tryin' to bubble every summer a new LP\nYou gotta love me I got shooters out the D-League\nSignin' bonus hit that man that's from thirty feet\nLeft in a puddle, finger prints is on hundred mill\nAnd what it is?\nRicky Rozay and Ace Hood, we hella Trill\nYeah\n[Hook]\nI come looking for you with Haitians\nI stay smoking on good Jamaican\nI fuck bitches from different races\nYou get money they started hating\n(Turn Up!)\nI woke up in a new Bugatti\nI woke up in a new Bugatti\nI woke up in a new Bugatti\nI woke up in a new Bugatti\nI woke up in a new Bugatti"
}