{
 "_type": "song",
 "annotation_count": 8,
 "api_path": "/songs/82339",
 "full_title": "Wanted by\u00a0Hunter\u00a0Hayes",
 "header_image_thumbnail_url": "https://images.genius.com/5e5cfd366d8528d7ffee308c32a89985.300x300x1.jpg",
 "header_image_url": "https://images.genius.com/5e5cfd366d8528d7ffee308c32a89985.1000x1000x1.jpg",
 "id": 82339,
 "instrumental": false,
 "lyrics_owner_id": 48951,
 "lyrics_state": "complete",
 "lyrics_updated_at": 1603254341,
 "path": "/Hunter-hayes-wanted-lyrics",
 "pyongs_count": 39,
 "song_art_image_thumbnail_url": "https://images.genius.com/4509b676a31e43d4beefb7a9239ff17d.300x300x1.png",
 "song_art_image_url": "https://images.genius.com/4509b676a31e43d4beefb7a9239ff17d.300x300x1.png",
 "song_art_primary_color": null,
 "song_art_secondary_color": null,
 "song_art_text_color": null,
 "stats": {
  "unreviewed_annotations": 0,
  "concurrents": 2,
  "hot": false,
  "pageviews": 68011
 },
 "title": "Wanted",
 "title_with_featured": "Wanted",
 "updated_by_human_at": 1603254341,
 "url": "https://genius.com/Hunter-hayes-wanted-lyrics",
 "primary_artist": {
  "_type": "artist",
  "api_path": "/artists/22977",
  "header_image_url": "https://images.genius.com/c3ffbc90046194adfa8897ea5ab3f27f.1000x294x1.jpg",
  "id": 22977,
  "image_url": "https://images.genius.com/e7505d10ffc383d09a7d987f73f6357b.1000x1000x1.jpg",
  "index_character": "h",
  "is_meme_verified": false,
  "is_verified": true,
  "name": "Hunter Hayes",
  "slug": "Hunter-hayes",
  "url": "https://genius.com/artists/Hunter-hayes",
  "iq": 770
 },
 "artist": "Hunter Hayes",
 "lyrics": "[Verse 1]\nYou know I'd fall apart without you\nI don't know how you do what you do\n'Cause everything that don't make sense about me\nMakes sense when I'm with you\nLike everything that's green, girl\nI need you\nBut it's more than one and one makes two\nPut aside the math and the logic of it\nYou gotta know you're wanted too\n\n[Chorus]\n'Cause I wanna wrap you up\nWanna kiss your lips\nI wanna make you feel wanted\nAnd I wanna call you mine\nWanna hold your hand forever\nAnd never let you forget it\nYeah, I, I wanna make you feel wanted\n\n[Verse 2]\nWell, anyone can tell you you're pretty\nAnd you get that all the time, I know you do\nBut your beauty's deeper than the makeup\nAnd I wanna show you what I see tonight\n[Chorus]\nWhen I wrap you up\nWhen I kiss your lips\nI wanna make you feel wanted\nAnd I wanna call you mine\nWanna hold your hand forever\nAnd never let you forget it\n'Cause baby, I, I wanna make you feel wanted\n\n[Bridge]\nAs good as you make me feel (Make me feel)\nI wanna make you feel better\nBetter than your fairy tales (Than your fairy tales)\nBetter than your best dreams (Your best dreams)\nYou're more than everything I need\nYou're all I ever wanted\nAll I ever wanted\n\n[Chorus]\nAnd I just wanna wrap you up\nWanna kiss your lips\nI, I wanna make you feel wanted\nAnd I wanna call you mine\nWanna hold your hand forever\nAnd never let you forget it\nYeah, I, I wanna make you feel wanted\nBaby, I, I wanna make you feel\nWanted\n[Outro]\n'Cause you'll always be wanted"
}