{
 "_type": "song",
 "annotation_count": 1,
 "api_path": "/songs/154246",
 "full_title": "Downtown by\u00a0Lady\u00a0A",
 "header_image_thumbnail_url": "https://images.genius.com/3d94359818d31b9f0801ba204636fc84.300x300x1.jpg",
 "header_image_url": "https://images.genius.com/3d94359818d31b9f0801ba204636fc84.1000x1000x1.jpg",
 "id": 154246,
 "instrumental": false,
 "lyrics_owner_id": 10380,
 "lyrics_state": "complete",
 "lyrics_updated_at": 1569701663,
 "path": "/Lady-a-downtown-lyrics",
 "pyongs_count": 6,
 "song_art_image_thumbnail_url": "https://images.genius.com/8b5997333cf6e50a74a710a850e58513.300x300x1.jpg",
 "song_art_image_url": "https://images.genius.com/8b5997333cf6e50a74a710a850e58513.600x600x1.jpg",
 "song_art_primary_color": null,
 "song_art_secondary_color": null,
 "song_art_text_color": null,
 "stats": {
  "unreviewed_annotations": 0,
  "hot": false,
  "pageviews": 14916
 },
 "title": "Downtown",
 "title_with_featured": "Downtown",
 "updated_by_human_at": 1584289859,
 "url": "https://genius.com/Lady-a-downtown-lyrics",
 "primary_artist": {
  "_type": "artist",
  "api_path": "/artists/11610",
  "header_image_url": "https://images.genius.com/f6d4eec92cd5e34f73737d74bfad1cc3.828x323x1.jpg",
  "id": 11610,
  "image_url": "https://images.genius.com/7ecd817c438ed0cdbe7eae71197fb796.400x400x1.jpg",
  "index_character": "l",
  "is_meme_verified": false,
  "is_verified": false,
  "name": "Lady A",
  "slug": "Lady-a",
  "url": "https://genius.com/artists/Lady-a"
 },
 "artist": "Lady A",
 "lyrics": "[Verse 1]\nWell, all the parties on the streets are talkin'\nStore front mannequins sleeping in the lights\nWe used to smoke while we were jay-walking\nLike it was your birthday every other Saturday night\nKnew the bands so we never payed our cover\nWrote our names on the bathroom tiles\nWe never dressed to impress all the others\nThey would let us in on our laid back kinda style\nBut boy, you know it's been a while\n\n[Chorus]\nAnd I don't know why you don't take me downtown\nLike you got anywhere better to be\nYou talk it up and give me the go 'round, 'round\nLike a good time tease\nI'm only counting on your cancellation\nWhen I should be counting on you at my door\nDid you forget about how we went around?\nI don't know why you don't take me downtown anymore\nOh, anymore\n\n[Verse 2]\nI got some platforms sitting in the corner\nThey wanna stroll on a city sidewalk\nI got a dress that'll show a little uh-uh\nBut you ain't getting uh-uh\nIf you don't come pick me up (Damn)\nShow me off (Wow)\nYou might be tired, but I'm not\n[Chorus]\nAnd I don't know why you don't take me downtown\nLike you got anywhere better to be\nYou talk it up and give me the go 'round, 'round\nLike a good time tease\nI'm only counting on your cancellation\nWhen I should be counting on you at my door\nDid you forget about how we went around?\nI don't know why you don't take me downtown anymore\n\n[Instrumental Break]\n\n[Chorus]\nAnd I don't know why you don't take me downtown\nLike you got anywhere better to be\nTalk it up and give me the go 'round, 'round\nLike a good time tease\nI'm only counting on your cancellation\nWhen I should be counting on you at my door\nDid you forget about how we went around?\nI don't know why you don't take me downtown anymore\nOh, anymore\n\n[Outro]\nYeah, don't know why you don't take me downtown\nI don't know why you don't take me downtown anymore\nI just don't get it"
}