{
 "_type": "song",
 "annotation_count": 9,
 "api_path": "/songs/118009",
 "full_title": "Get Your Shine On by\u00a0Florida\u00a0Georgia Line",
 "header_image_thumbnail_url": "https://images.genius.com/7f2c72a9e7dd85ccc33692cdf7b2f04b.300x300x1.jpg",
 "header_image_url": "https://images.genius.com/7f2c72a9e7dd85ccc33692cdf7b2f04b.1000x1000x1.jpg",
 "id": 118009,
 "instrumental": false,
 "lyrics_owner_id": 186852,
 "lyrics_state": "complete",
 "lyrics_updated_at": 1581923649,
 "path": "/Florida-georgia-line-get-your-shine-on-lyrics",
 "pyongs_count": 9,
 "song_art_image_thumbnail_url": "https://images.genius.com/fa38510c540110eb3c6225932e3adefa.300x300x1.png",
 "song_art_image_url": "https://images.genius.com/fa38510c540110eb3c6225932e3adefa.300x300x1.png",
 "song_art_primary_color": null,
 "song_art_secondary_color": null,
 "song_art_text_color": null,
 "stats": {
  "unreviewed_annotations": 0,
  "hot": false,
  "pageviews": 26024
 },
 "title": "Get Your Shine On",
 "title_with_featured": "Get Your Shine On",
 "updated_by_human_at": 1589605998,
 "url": "https://genius.com/Florida-georgia-line-get-your-shine-on-lyrics",
 "primary_artist": {
  "_type": "artist",
  "api_path": "/artists/38175",
  "header_image_url": "https://images.genius.com/1f4a01b37f9306c8637262c6e60431cf.1000x333x1.jpg",
  "id": 38175,
  "image_url": "https://images.genius.com/da88de75b646cdce91c36f29d342524d.1000x1000x1.jpg",
  "index_character": "f",
  "is_meme_verified": false,
  "is_verified": true,
  "name": "Florida Georgia Line",
  "slug": "Florida-georgia-line",
  "url": "https://genius.com/artists/Florida-georgia-line",
  "iq": 131
 },
 "artist": "Florida Georgia Line",
 "lyrics": "[Verse 1]\nStrawberry shimmer on hot lips\nSilver buckle hangin' off her hips\nEyes sparkle when she smiles\nShinedown on the radio dial\nHomemade jar of lemon drop, take a sip\nDon't stop, girl, you know I love it when you\n\n[Chorus]\nGet your shine on\n'Cause you and me be rockin' all night long\nSummer sky drippin' rhinestones\nTurn your party lights on\nBaby, get your shine on, shine on\nBaby, get your shine on\n\n[Verse 2]\nSilverado, candy painted\nRay-Bans got the whole world shaded\nChrome piece tucked in the console\nRidin' high, roll up on the down low\nFeelin' lucky, got hooked up with some Kentucky clear\nSo slide that little sugar shaker over here\n\n[Chorus]\nAnd get your shine on\n'Cause you and me be rockin' all night long\nSummer sky drippin' rhinestones\nTurn your party lights on\nBaby, get your shine on, shine on\nBaby, get your shine on\n[Bridge]\nHomemade jar of lemon drop, take a sip\nDon't stop, girl\n\n[Chorus]\nYou know I love it when you get your shine on\n'Cause you and me be rockin' all night long\nSummer sky drippin' rhinestones\nTurn your party lights on\nBaby, get your shine on, shine on\nBaby, get your shine on\n'Cause you and me be rockin' all night long\nSummer sky drippin' rhinestones\nTurn your party lights on\nBaby, get your shine on, shine on\nBaby, get your shine on\nBaby, get your shine on\n\n[Outro]\nStrawberry shimmer on hot lips\nSilver buckle hangin' off her hips\nEyes sparkle when she smiles\nShinedown on the radio dial\nSilverado, candy painted\nRay-Bans got the whole world shaded\nChromed piece tucked in the console\nRiding high, roll up on the down low\nBaby, get your shine on"
}