{
 "_type": "song",
 "annotation_count": 12,
 "api_path": "/songs/131258",
 "full_title": "#thatPOWER by\u00a0\u200bwill.i.am (Ft.\u00a0Justin\u00a0Bieber)",
 "header_image_thumbnail_url": "https://images.rapgenius.com/ab8a5c6774d311ae668f93402db552e8.300x300x1.jpg",
 "header_image_url": "https://images.rapgenius.com/ab8a5c6774d311ae668f93402db552e8.894x894x1.jpg",
 "id": 131258,
 "instrumental": false,
 "lyrics_owner_id": 3,
 "lyrics_state": "complete",
 "lyrics_updated_at": 1545944672,
 "path": "/William-thatpower-lyrics",
 "pyongs_count": 27,
 "song_art_image_thumbnail_url": "https://images.rapgenius.com/ab8a5c6774d311ae668f93402db552e8.300x300x1.jpg",
 "song_art_image_url": "https://images.rapgenius.com/ab8a5c6774d311ae668f93402db552e8.894x894x1.jpg",
 "song_art_primary_color": null,
 "song_art_secondary_color": null,
 "song_art_text_color": null,
 "stats": {
  "unreviewed_annotations": 2,
  "hot": false,
  "pageviews": 215593
 },
 "title": "#thatPOWER",
 "title_with_featured": "#thatPOWER (Ft.\u00a0Justin\u00a0Bieber)",
 "updated_by_human_at": 1581035949,
 "url": "https://genius.com/William-thatpower-lyrics",
 "primary_artist": {
  "_type": "artist",
  "api_path": "/artists/713",
  "header_image_url": "https://images.genius.com/5fc27cccefca33010389f8f80fd29edb.892x892x1.jpg",
  "id": 713,
  "image_url": "https://images.genius.com/5fc27cccefca33010389f8f80fd29edb.892x892x1.jpg",
  "index_character": "w",
  "is_meme_verified": false,
  "is_verified": true,
  "name": "\u200bwill.i.am",
  "slug": "William",
  "url": "https://genius.com/artists/William",
  "iq": 1378
 },
 "artist": "\u200bwill.i.am",
 "lyrics": "[Instrumental break]\n\n[Pre-Chorus: Justin Bieber]\nAnd oh, I'm alive, I'm alive, I'm alive\nAnd oh, I can fly, I can fly, I can fly\nAnd oh, I'm alive, I'm alive, I'm alive\nAnd I'm lovin' every second, minute, hour, bigger, better, stronger, power\n\n[Chorus: will.i.am]\nI got that power\nI got that power\nI got that power\nPower, power, power\n\n[Verse 1: will.i.am]\nThey call me Will-A, stay so cool I'm chilly\nI done made that milli' on my way to that billi'\nUsed to have a piggy bank, but now I got that bigger bank\nWho who cares what the haters think?\nThey hatin' on me cause I'm doin' what they can't\nI stay on that hustle, I flex that mental muscle\nHate to bust your bubble, I'm on that other level\nI'ma take it higher and high, high and higher\nI stay in fly attire, keep burnin' like that fire\n\n[Pre-Chorus: Justin Bieber]\nAnd oh, I'm alive, I'm alive, I'm alive\nAnd oh, I can fly, I can fly, I can fly\nAnd oh, I'm alive, I'm alive, I'm alive\nAnd I'm lovin' every second, minute, hour, bigger, better, stronger, power\n[Chorus: will.i.am]\nI got that power\nI got that power\nI got that power\nPower, power, power\n\n[Verse 2: will.i.am]\nY-y-y-yes y'all, feelin' funky fresh y'all\nWork to be the best y'all, work good under pressure\nBeen through all that stress y'all, get this off my chest y'all\nMade it out them projects with this project, that's progress y'all\nI did it for my momma, I told her when I was younger\nThat I'ma be that number, one, yup I'll be that number one\nI take it higher and high, high and higher\nI stay and buy attire, keep burnin' like that fire\n\n[Bridge: will.i.am]\nWhatever doesn't kill ya, only makes you stronger\nSo I'ma get stronger\nComin' like a batterram, batterram, I'm knockin'-knockin' down the door again, door again\nComin' like a batterram, batterram, I'm knockin'-knockin' down the door again, door again\n\n[Pre-Chorus: Justin Bieber]\nAnd oh, I'm alive, I'm alive, I'm alive\nAnd oh, I can fly, I can fly, I can fly\nAnd oh, I'm alive, I'm alive, I'm alive\nAnd I'm lovin' every second, minute, hour, bigger, better, stronger, power\n[Chorus: will.i.am]\nI got that power\nI got that power\nI got that power\nPower, power, power\n\n[Outro: Justin Bieber]\nAnd I'm lovin' every second, minute, hour\nBigger, better, stronger, power\nAnd I'm lovin' every second, minute, hour\nBigger, better, stronger, power"
}