{
 "_type": "song",
 "annotation_count": 6,
 "api_path": "/songs/204330",
 "full_title": "Brave by\u00a0Sara\u00a0Bareilles",
 "header_image_thumbnail_url": "https://images.genius.com/96ab333cd4deca44e6d4f68145348b58.300x300x1.jpg",
 "header_image_url": "https://images.genius.com/96ab333cd4deca44e6d4f68145348b58.1000x1000x1.jpg",
 "id": 204330,
 "instrumental": false,
 "lyrics_owner_id": 251725,
 "lyrics_state": "complete",
 "lyrics_updated_at": 1567829716,
 "path": "/Sara-bareilles-brave-lyrics",
 "pyongs_count": 43,
 "song_art_image_thumbnail_url": "https://images.genius.com/509348cb6f1567c3578ae8583f153ec5.300x300x1.jpg",
 "song_art_image_url": "https://images.genius.com/509348cb6f1567c3578ae8583f153ec5.300x300x1.jpg",
 "song_art_primary_color": null,
 "song_art_secondary_color": null,
 "song_art_text_color": null,
 "stats": {
  "unreviewed_annotations": 0,
  "hot": false,
  "pageviews": 94432
 },
 "title": "Brave",
 "title_with_featured": "Brave",
 "updated_by_human_at": 1595988051,
 "url": "https://genius.com/Sara-bareilles-brave-lyrics",
 "primary_artist": {
  "_type": "artist",
  "api_path": "/artists/19936",
  "header_image_url": "https://images.genius.com/b7f7b7b63aeae4cb07b7d73f8483536c.1000x333x1.jpg",
  "id": 19936,
  "image_url": "https://images.genius.com/8cb09a14b26d7ce8c816fd09668fe473.400x400x1.jpg",
  "index_character": "s",
  "is_meme_verified": false,
  "is_verified": false,
  "name": "Sara Bareilles",
  "slug": "Sara-bareilles",
  "url": "https://genius.com/artists/Sara-bareilles"
 },
 "artist": "Sara Bareilles",
 "lyrics": "[Produced by Mark Endert]\n\n[Verse 1]\nYou can be amazing\nYou can turn a phrase into a weapon or a drug\nYou can be the outcast\nOr be the backlash of somebody\u2019s lack of love\nOr you can start speaking up\nNothing\u2019s gonna hurt you the way that words do\nWhen they settle \u2018neath your skin\nKept on the inside and no sunlight\nSometimes a shadow wins\nBut I wonder what would happen if you\n\n[Chorus]\nSay what you wanna say\nAnd let the words fall out\nHonestly, I wanna see you be brave\nWith what you want to say\nAnd let the words fall out\nHonestly, I wanna see you be brave\n\n[Post-Chorus]\nI just wanna see you\nI just wanna see you\nI just wanna see you\nI wanna see you be brave\nI just wanna see you\nI just wanna see you\nI just wanna see you\nI wanna see you be brave\n[Verse 2]\nEverybody\u2019s been there\nEverybody\u2019s been stared down by the enemy\nFallen for the fear\nAnd done some disappearing\nBow down to the mighty\nDon\u2019t run, stop holding your tongue\nMaybe there\u2019s a way out of the cage where you live\nMaybe one of these days, you can let the light in\nAnd show me, how big your brave is\n\n[Chorus]\nSay what you wanna say\nAnd let the words fall out\nHonestly, I wanna see you be brave\nWith what you want to say\nAnd let the words fall out\nHonestly, I wanna see you be brave\n\n[Bridge]\nAnd since your history of silence\nWon't do you any good\nDid you think it would?\nLet your words be anything but empty\nWhy don't you tell them the truth?\n[Chorus]\nSay what you wanna say\nAnd let the words fall out\nHonestly, I wanna see you be brave\nWith what you want to say\nAnd let the words fall out\nHonestly, I wanna see you be brave\n\n[Post-Chorus]\nI just wanna see you\nI just wanna see you\nI just wanna see you\nI wanna see you be brave\nI just wanna see you\nI just wanna see you\nI just wanna see you\nSee you be brave\n\n[Outro]\nI just wanna see you\nI just wanna see you\nI just wanna see you\nI just wanna see you\nI just wanna see you\nI just wanna see you"
}