{
 "_type": "song",
 "annotation_count": 10,
 "api_path": "/songs/135402",
 "full_title": "Let Her Go by\u00a0Passenger",
 "header_image_thumbnail_url": "https://images.genius.com/1c3176612a2e3bfcebc46f86bdc032dc.300x300x1.jpg",
 "header_image_url": "https://images.genius.com/1c3176612a2e3bfcebc46f86bdc032dc.1000x1000x1.jpg",
 "id": 135402,
 "instrumental": false,
 "lyrics_owner_id": 30997,
 "lyrics_state": "complete",
 "lyrics_updated_at": 1574673334,
 "path": "/Passenger-let-her-go-lyrics",
 "pyongs_count": 319,
 "song_art_image_thumbnail_url": "https://images.genius.com/cc99cf6c45cfc85ebff1763b5535014d.300x300x1.jpg",
 "song_art_image_url": "https://images.genius.com/cc99cf6c45cfc85ebff1763b5535014d.1000x1000x1.jpg",
 "song_art_primary_color": null,
 "song_art_secondary_color": null,
 "song_art_text_color": null,
 "stats": {
  "unreviewed_annotations": 0,
  "hot": false,
  "pageviews": 1330555
 },
 "title": "Let Her Go",
 "title_with_featured": "Let Her Go",
 "updated_by_human_at": 1597894181,
 "url": "https://genius.com/Passenger-let-her-go-lyrics",
 "primary_artist": {
  "_type": "artist",
  "api_path": "/artists/44274",
  "header_image_url": "https://images.genius.com/411d183548efedffa221cf5bb52378ba.1000x667x1.jpg",
  "id": 44274,
  "image_url": "https://images.genius.com/add0d6b7ea08d29620adab1fe65d2ef8.1000x1000x1.jpg",
  "index_character": "p",
  "is_meme_verified": false,
  "is_verified": true,
  "name": "Passenger",
  "slug": "Passenger",
  "url": "https://genius.com/artists/Passenger",
  "iq": 169
 },
 "artist": "Passenger",
 "lyrics": "[Produced by Mike Rosenberg and Chris Vallejo]\n[Video by Dave Jensen and Tavic]\n\n[Hook]\nWell you only need the light when it's burning low\nOnly miss the sun when it starts to snow\nOnly know you love her when you let her go\nOnly know you've been high when you're feeling low\nOnly hate the road when you're missing home\nOnly know you love her when you let her go\nAnd you let her go...\n\n[Verse 1]\nStaring at the bottom of your glass\nHoping one day you'll make a dream last\nBut dreams come slow and they go so fast\nYou see her when you close your eyes\nMaybe one day you'll understand why\nEverything you touch surely dies\n\n[Hook]\nBut you only need the light when it's burning low\nOnly miss the sun when it starts to snow\nOnly know you love her when you let her go\nOnly know you've been high when you're feeling low\nOnly hate the road when you're missing home\nOnly know you love her when you let her go\n[Verse 2]\nStaring at the ceiling in the dark\nSame old empty feeling in your heart\n'Cause love comes slow and it goes so fast\nWell you see her when you fall asleep\nBut never to touch and never to keep\n'Cause you loved her too much and you dived too deep\n\n[Hook]\nWell you only need the light when it's burning low\nOnly miss the sun when it starts to snow\nOnly know you love her when you let her go\nOnly know you've been high when you're feeling low\nOnly hate the road when you're missing home\nOnly know you love her when you let her go\nAnd you let her go...\n\n[Bridge]\nOh, oh, woah, oh, oh\nAnd you let her go\nOh, oh, woah, oh, oh\nWhen you let her go\nWhoa\n\n[Hook]\n'Cause you only need the light when it's burning low\nOnly miss the sun when it starts to snow\nOnly know you love her when you let her go\nOnly know you've been high when you're feeling low\nOnly hate the road when you're missing home\nOnly know you love her when you let her go\n'Cause you only need the light when it's burning low\nOnly miss the sun when it starts to snow\nOnly know you love her when you let her go\nOnly know you've been high when you're feeling low\nOnly hate the road when you're missing home\nOnly know you love her when you let her go\nAnd you let her go..."
}