{
 "_type": "song",
 "annotation_count": 1,
 "api_path": "/songs/156358",
 "full_title": "Runnin' Outta Moonlight by\u00a0Randy\u00a0Houser",
 "header_image_thumbnail_url": "https://images.genius.com/35f8bd1389073e65cafd1f3cd0de4888.300x300x1.jpg",
 "header_image_url": "https://images.genius.com/35f8bd1389073e65cafd1f3cd0de4888.1000x1000x1.jpg",
 "id": 156358,
 "instrumental": false,
 "lyrics_owner_id": 10380,
 "lyrics_state": "complete",
 "lyrics_updated_at": 1578974166,
 "path": "/Randy-houser-runnin-outta-moonlight-lyrics",
 "pyongs_count": 5,
 "song_art_image_thumbnail_url": "https://images.genius.com/8564e62f5f94662f49a0c5121486ec62.300x300x1.jpg",
 "song_art_image_url": "https://images.genius.com/8564e62f5f94662f49a0c5121486ec62.300x300x1.jpg",
 "song_art_primary_color": null,
 "song_art_secondary_color": null,
 "song_art_text_color": null,
 "stats": {
  "unreviewed_annotations": 0,
  "hot": false,
  "pageviews": 6802
 },
 "title": "Runnin\u2019 Outta Moonlight",
 "title_with_featured": "Runnin' Outta Moonlight",
 "updated_by_human_at": 1578974166,
 "url": "https://genius.com/Randy-houser-runnin-outta-moonlight-lyrics",
 "primary_artist": {
  "_type": "artist",
  "api_path": "/artists/52310",
  "header_image_url": "https://images.genius.com/d044391041408ab6c6234e819ae511c7.700x318x1.jpg",
  "id": 52310,
  "image_url": "https://images.genius.com/de24f849189786767a2e23c4cf671fe7.681x681x1.jpg",
  "index_character": "r",
  "is_meme_verified": false,
  "is_verified": false,
  "name": "Randy Houser",
  "slug": "Randy-houser",
  "url": "https://genius.com/artists/Randy-houser"
 },
 "artist": "Randy Houser",
 "lyrics": "[Verse 1]\nDon't you worry 'bout gettin' fixed up\nWhen you wake up, you're pretty enough\nLook out your window at the cloud of dust\nThat's my headlights, that's my truck\n\n[Verse 2]\nCome on baby, don't you keep me waitin'\nI gotta go, I've got a reservation\nTailgate for two underneath the stars\nKiss on your lips when you're in my arms\n\n[Bridge]\nWhoa girl, every now and then you get a night like this\nWhoa, this is one that we don't wanna miss, no\n\n[Chorus]\nCome on baby let me take you on a night ride\nWindows down, sittin' on my side\nTick tock now we're knocking on midnight\nMe and you girl runnin' outta moonlight\nI wanna hold you till the break of dawn\nHear the crickets sing a riverside love song\nHey baby, all we got is all night\nCome on now we're runnin' outta moonlight\n[Verse 3]\nGirl I bet you thought I lost my mind\nOutta the blue pulling into your drive\nWonder why I got you way out here\nHave you ever seen a sky this clear\n\n[Bridge]\nWhoa girl, you never look better than you do right now\nWhoa oh heaven, let your light shine down\n\n[Chorus]\nCome on baby let me take you on a night ride\nWindows down, sittin' on my side\nTick tock now we're knocking on midnight\nMe and you girl runnin' outta moonlight\nI wanna hold you till the break of dawn\nHear the crickets sing a riverside love song\nHey baby, all we got is all night\nCome on now we're runnin' outta moonlight\n\n[Bridge]\nWhoa girl, every now and then you get a night like this\nWhoa, this is one that we don't wanna miss, no\n\n[Chorus]\nCome on baby let me take you on a night ride\nWindows down, sittin' on my side\nTick tock now we're knocking on midnight\nMe and you girl runnin' outta moonlight\nI wanna hold you till the break of dawn\nHear the crickets sing a riverside love song\nHey baby, all we got is all night\nCome on now we're runnin' outta moonlight\n[Interlude]\nHey baby don't it feel so right\nCome on now we're runnin' outta moonlight\nAll I wanna do is hold you tight\nCome on, come on, come on we're runnin' outta moonlight\n\n[Outro]\nWhoa\nYeah, we're runnin' outta moonlight\nWhoa"
}