{
 "_type": "song",
 "annotation_count": 21,
 "api_path": "/songs/82860",
 "full_title": "I'm Different by\u00a02\u00a0Chainz",
 "header_image_thumbnail_url": "https://images.genius.com/0855f72cd21e5220ad89c1cc26c16d73.300x300x1.jpg",
 "header_image_url": "https://images.genius.com/0855f72cd21e5220ad89c1cc26c16d73.957x957x1.jpg",
 "id": 82860,
 "instrumental": false,
 "lyrics_owner_id": 36793,
 "lyrics_state": "complete",
 "lyrics_updated_at": 1609049615,
 "path": "/2-chainz-im-different-lyrics",
 "pyongs_count": 72,
 "song_art_image_thumbnail_url": "https://images.rapgenius.com/16919d6a966f3f90880c623c81e0235a.300x300x1.jpg",
 "song_art_image_url": "https://images.rapgenius.com/16919d6a966f3f90880c623c81e0235a.500x500x1.jpg",
 "song_art_primary_color": null,
 "song_art_secondary_color": null,
 "song_art_text_color": null,
 "stats": {
  "unreviewed_annotations": 4,
  "hot": false,
  "pageviews": 1828238
 },
 "title": "I\u2019m Different",
 "title_with_featured": "I'm Different",
 "updated_by_human_at": 1617051138,
 "url": "https://genius.com/2-chainz-im-different-lyrics",
 "primary_artist": {
  "_type": "artist",
  "api_path": "/artists/14325",
  "header_image_url": "https://images.genius.com/54036584132834d0f358492ec81ed5fe.494x594x1.jpg",
  "id": 14325,
  "image_url": "https://images.genius.com/f82a00deb2e816cc89005a9839eead69.1000x1000x1.jpg",
  "index_character": "0",
  "is_meme_verified": false,
  "is_verified": true,
  "name": "2 Chainz",
  "slug": "2-chainz",
  "url": "https://genius.com/artists/2-chainz",
  "iq": 8189
 },
 "artist": "2 Chainz",
 "lyrics": "[Intro: 2 Chainz & YG]\nYeah\nYeah\n2 Chainz\nMustard on the beat, ho!\n[Chorus: 2 Chainz]\nI'm different, yeah, I'm different\nI'm different, yeah, I'm different\nI'm different, yeah, I'm different\nPull up to the scene with my ceiling missing\nPull up to the scene with my ceiling missing\nPull up to the scene with my ceiling missing\nPull up to the scene with my ceiling missing\nMiddle finger up to my competition\nI'm different, yeah, I'm different (Yeah)\nI'm different, yeah, I'm different (Yeah)\nI'm different, yeah, I'm different (Tru)\nPull up to the scene with my ceiling missing\n\n[Verse 1: 2 Chainz]\nPull up to the scene, but my roof gone (Roof gone)\nWhen I leave the scene, bet your boo gone (Boo gone)\nAnd I beat the pussy like a new song (Boom)\n2 Chainz, but I got me a few on (Yup)\nEverything hot, skip lukewarm (Ugh)\nTell shawty bust it open, Uncle Luke on\nGot the present for the present and a gift wrapping\nI don't feel good, but my trigger happy (Bah)\nBet the stripper happy, bet they wish they had me\nAnd I wish a nigga would, like a kitchen cabinet\nAnd me and you are cut from a different fabric\nI fucked her so good, it's a bad habit (DamN)\nBitch, sit down, you got a bad atti'\nGave her the wrong number and a bad addy (Tru)\nYou ain't going nowhere like a bad navi'\nAss so big, I told her to look back at it (Whoa)\nLook back at it (Whoa), look back at it (Whoa)\nThen I put a fat rabbit on the Craftmatic\nI am so high ... attic\nI am so high, like a ... addict\n[Chorus: 2 Chainz]\nI'm different, yeah, I'm different\nI'm different, yeah, I'm different\nI'm different, yeah, I'm different\nPull up to the scene with my ceiling missing\nPull up to the scene with my ceiling missing\nPull up to the scene with my ceiling missing\nPull up to the scene with my ceiling missing\nMiddle finger up to my competition\nI'm different, yeah, I'm different\nI'm different, yeah, I'm different (Yeah)\nI'm different, yeah, I'm different (Ugh)\nPull up to the scene with my ceiling missing\n\n[Verse 2: 2 Chainz]\n2 Chainz, got your girl on the celly\nAnd when I get off the celly, I made her meet at the telly\nWhen she meet at the telly, I put it straight in her belly\nWhen it go in the belly, it ain't shit you can tell me, ugh (Ugh)\nHair long (Long), money long (Yeah)\nMe and broke niggas, we don't get along (Nah)\nHair long (Long), money long (Yeah)\nMe and broke niggas, we don't get along (Tell 'em)\nI paid a thousand dollars for my sneakers\n'Ye told you, a 100K for a feature\n\"Ee-err, ee-err\": sound of the bed (Bed)\nBeat it up, beat it up; then, I get some head (Head)\nWell, I might get some head; then, I beat it up\nI don't give a fuck, switch it up, nigga, live it up (Up)\nYeah, it's going down, so get up (Up)\nMight valet-park a Brinks truck (Ugh)\n[Break: YG]\nMustard on the beat, ho!\n[Chorus: 2 Chainz]\nI'm different, yeah, I'm different\nI'm different, yeah, I'm different\nI'm different, yeah, I'm different\nPull up to the scene with my ceiling missing\nPull up to the scene with my ceiling missing\nPull up to the scene with my ceiling missing\nPull up to the scene with my ceiling missing\nMiddle finger up to my competition\nI'm different, yeah, I'm different\nI'm different, yeah, I'm different\nI'm different, yeah, I'm different\nPull up to the scene with my ceiling missing"
}