{
 "_type": "song",
 "annotation_count": 6,
 "api_path": "/songs/154031",
 "full_title": "Happy by\u00a0Pharrell\u00a0Williams",
 "header_image_thumbnail_url": "https://images.genius.com/08c9cccbe508d70ae05be9c0e7d05358.300x300x1.jpg",
 "header_image_url": "https://images.genius.com/08c9cccbe508d70ae05be9c0e7d05358.1000x1000x1.jpg",
 "id": 154031,
 "instrumental": false,
 "lyrics_owner_id": 152635,
 "lyrics_state": "complete",
 "lyrics_updated_at": 1574446348,
 "path": "/Pharrell-williams-happy-lyrics",
 "pyongs_count": 868,
 "song_art_image_thumbnail_url": "https://images.genius.com/08c9cccbe508d70ae05be9c0e7d05358.300x300x1.jpg",
 "song_art_image_url": "https://images.genius.com/08c9cccbe508d70ae05be9c0e7d05358.1000x1000x1.jpg",
 "song_art_primary_color": null,
 "song_art_secondary_color": null,
 "song_art_text_color": null,
 "stats": {
  "unreviewed_annotations": 0,
  "hot": false,
  "pageviews": 1985659
 },
 "title": "Happy",
 "title_with_featured": "Happy",
 "updated_by_human_at": 1605973396,
 "url": "https://genius.com/Pharrell-williams-happy-lyrics",
 "primary_artist": {
  "_type": "artist",
  "api_path": "/artists/110",
  "header_image_url": "https://images.genius.com/6bb3ce5bd62c7acfc3a66798c4bbeb26.640x427x1.jpg",
  "id": 110,
  "image_url": "https://images.genius.com/aa964e94a21e7b893801ed3a2bd389b8.1000x1000x1.jpg",
  "index_character": "p",
  "is_meme_verified": true,
  "is_verified": true,
  "name": "Pharrell Williams",
  "slug": "Pharrell-williams",
  "url": "https://genius.com/artists/Pharrell-williams",
  "iq": 668
 },
 "artist": "Pharrell Williams",
 "lyrics": "[Produced by Pharrell Williams]\n\n[Verse 1]\nIt might seem crazy what I'm 'bout to say\nSunshine she's here, you can take a break\nI'm a hot air balloon that could go to space\nWith the air, like I don't care, baby, by the way\n\n[Chorus]\n(Because I'm happy)\nClap along if you feel like a room without a roof\n(Because I'm happy)\nClap along if you feel like happiness is the truth\n(Because I'm happy)\nClap along if you know what happiness is to you\n(Because I'm happy)\nClap along if you feel like that's what you wanna do\n\n[Verse 2]\nHere come bad news, talking this and that (Yeah!)\nWell, give me all you got, don't hold it back (Yeah!)\nWell, I should probably warn ya, I'll be just fine (Yeah!)\nNo offense to you, don\u2019t waste your time, here's why\n\n[Chorus]\n(Because I'm happy)\nClap along if you feel like a room without a roof\n(Because I'm happy)\nClap along if you feel like happiness is the truth\n(Because I'm happy)\nClap along if you know what happiness is to you\n(Because I'm happy)\nClap along if you feel like that's what you wanna do\n[Bridge]\nBring me down\nCan't nothing bring me down\nMy level's too high to bring me down\nCan't nothing bring me down, I said\nBring me down\nCan't nothing bring me down\nMy level's too high to bring me down\nCan't nothing bring me down, I said\n\n[Chorus]\n(Because I'm happy)\nClap along if you feel like a room without a roof\n(Because I'm happy)\nClap along if you feel like happiness is the truth\n(Because I'm happy)\nClap along if you know what happiness is to you\n(Because I'm happy)\nClap along if you feel like that's what you wanna do\n(Because I'm happy)\nClap along if you feel like a room without a roof\n(Because I'm happy)\nClap along if you feel like happiness is the truth\n(Because I'm happy)\nClap along if you know what happiness is to you\n(Because I'm happy)\nClap along if you feel like that's what you wanna do\n[Bridge]\nBring me down\nCan't nothing bring me down\nMy level's too high to bring me down\nCan't nothing bring me down, I said...\n[Chorus]\n(Because I'm happy)\nClap along if you feel like a room without a roof\n(Because I'm happy)\nClap along if you feel like happiness is the truth\n(Because I'm happy)\nClap along if you know what happiness is to you\n(Because I'm happy)\nClap along if you feel like that's what you wanna do\n(Because I'm happy)\nClap along if you feel like a room without a roof\n(Because I'm happy)\nClap along if you feel like happiness is the truth\n(Because I'm happy)\nClap along if you know what happiness is to you\n(Because I'm happy)\nClap along if you feel like that's what you wanna do"
}