{
 "_type": "song",
 "annotation_count": 5,
 "api_path": "/songs/387414",
 "full_title": "Stay with Me by\u00a0Sam\u00a0Smith",
 "header_image_thumbnail_url": "https://images.genius.com/e44012d4b0e5fbe963bfd52757b575fb.300x300x1.jpg",
 "header_image_url": "https://images.genius.com/e44012d4b0e5fbe963bfd52757b575fb.1000x1000x1.jpg",
 "id": 387414,
 "instrumental": false,
 "lyrics_owner_id": 172611,
 "lyrics_state": "complete",
 "lyrics_updated_at": 1610147380,
 "path": "/Sam-smith-stay-with-me-lyrics",
 "pyongs_count": 447,
 "song_art_image_thumbnail_url": "https://images.rapgenius.com/0dcf0f7c9247edf39868ffe264d3b542.300x300x1.jpg",
 "song_art_image_url": "https://images.rapgenius.com/0dcf0f7c9247edf39868ffe264d3b542.600x600x1.jpg",
 "song_art_primary_color": null,
 "song_art_secondary_color": null,
 "song_art_text_color": null,
 "stats": {
  "unreviewed_annotations": 0,
  "concurrents": 6,
  "hot": false,
  "pageviews": 1588880
 },
 "title": "Stay with Me",
 "title_with_featured": "Stay with Me",
 "updated_by_human_at": 1613339231,
 "url": "https://genius.com/Sam-smith-stay-with-me-lyrics",
 "primary_artist": {
  "_type": "artist",
  "api_path": "/artists/43383",
  "header_image_url": "https://images.genius.com/541b4856051d5c2de6ad6ce41feeb53a.790x395x1.jpg",
  "id": 43383,
  "image_url": "https://images.genius.com/2b8fe4aaac3815fc8e9e76f98b54095b.1000x1000x1.jpg",
  "index_character": "s",
  "is_meme_verified": false,
  "is_verified": false,
  "name": "Sam Smith",
  "slug": "Sam-smith",
  "url": "https://genius.com/artists/Sam-smith"
 },
 "artist": "Sam Smith",
 "lyrics": "[Verse 1]\nGuess it's true, I'm not good at a one-night stand\nBut I still need love 'cause I'm just a man\nThese nights never seem to go to plan\nI don't want you to leave, will you hold my hand?\n\n[Chorus]\nOh, won't you stay with me?\n'Cause you're all I need\nThis ain't love, it's clear to see\nBut darling, stay with me\n\n[Verse 2]\nWhy am I so emotional?\nNo, it's not a good look, gain some self-control\nAnd deep down I know this never works\nBut you can lay with me so it doesn't hurt\n[Chorus]\nOh, won't you stay with me?\n'Cause you're all I need\nThis ain't love, it's clear to see\nBut darling, stay with me\n\n[Interlude]\nOooh, oooh\nOooh, oooh\n[Chorus]\nOh, won't you stay with me?\n'Cause you're all I need\nThis ain't love, it's clear to see\nBut darling, stay with me\n[Chorus]\nOh, won't you stay with me?\n'Cause you're all I need\nThis ain't love, it's clear to see\nBut darling, stay with me"
}