{
 "_type": "song",
 "annotation_count": 3,
 "api_path": "/songs/230455",
 "full_title": "Adore You by\u00a0Miley\u00a0Cyrus",
 "header_image_thumbnail_url": "https://images.genius.com/baecc6f9cba44e3e9030d2403584e6c6.300x300x1.jpg",
 "header_image_url": "https://images.genius.com/baecc6f9cba44e3e9030d2403584e6c6.1000x1000x1.jpg",
 "id": 230455,
 "instrumental": false,
 "lyrics_owner_id": 246999,
 "lyrics_state": "complete",
 "lyrics_updated_at": 1616477769,
 "path": "/Miley-cyrus-adore-you-lyrics",
 "pyongs_count": 138,
 "song_art_image_thumbnail_url": "https://images.genius.com/abbb6483f745515f37644ebd804f6e38.300x300x1.jpg",
 "song_art_image_url": "https://images.genius.com/abbb6483f745515f37644ebd804f6e38.800x800x1.jpg",
 "song_art_primary_color": null,
 "song_art_secondary_color": null,
 "song_art_text_color": null,
 "stats": {
  "unreviewed_annotations": 0,
  "hot": false,
  "pageviews": 341136
 },
 "title": "Adore You",
 "title_with_featured": "Adore You",
 "updated_by_human_at": 1616477770,
 "url": "https://genius.com/Miley-cyrus-adore-you-lyrics",
 "primary_artist": {
  "_type": "artist",
  "api_path": "/artists/805",
  "header_image_url": "https://images.genius.com/e7b1ea1f85517432fa841b0902f48239.1000x333x1.jpg",
  "id": 805,
  "image_url": "https://images.genius.com/01e4f909d7e2e8fafd4eeeb64c3a8acd.1000x1000x1.png",
  "index_character": "m",
  "is_meme_verified": false,
  "is_verified": false,
  "name": "Miley Cyrus",
  "slug": "Miley-cyrus",
  "url": "https://genius.com/artists/Miley-cyrus"
 },
 "artist": "Miley Cyrus",
 "lyrics": "[Intro]\nOh-oh, hey, oh-oh\n\n[Verse 1]\nBaby, baby, yeah, are you listening?\nWondering where you've been all my life\nI just started living\nOoh-oh, baby, are you listening?\nOh-oh\n\n[Chorus]\nWhen you say you love me\nKnow I love you more\nAnd when you say you need me\nKnow I need you more\nBoy, I adore you\nI adore you\n\n[Verse 2]\nBaby, can you hear me\nWhen I'm crying out for you?\nI'm scared, oh, so scared\nBut when you're near me\nI feel like I'm standing with an army\nOf men armed with weapons, hey, oh-oh\n[Chorus]\nWhen you say you love me\nKnow I love you more\nAnd when you say you need me\nKnow I need you more\nBoy, I adore you\nI adore you\n\n[Bridge]\nI love lying next to you\nI could do this for eternity, you and me\nWe're meant to be in holy matrimony\nGod knew exactly what he was doing\nWhen he led me to you\n\n[Chorus]\nWhen you say you love me\nKnow I love you more (I love you more)\nAnd when you say you need me\nKnow I need you more\nBoy, I adore you\nI adore you\n\n[Outro]\nWhen you say you love me\nKnow I love you more\nAnd when you say you need me\nKnow I need you more\nBoy, I adore you\nI adore you"
}