{
 "_type": "song",
 "annotation_count": 10,
 "api_path": "/songs/235765",
 "full_title": "Timber by\u00a0Pitbull (Ft.\u00a0Kesha)",
 "header_image_thumbnail_url": "https://images.genius.com/bb43aaa6ed737a7d4aa34cae564c2285.300x300x1.jpg",
 "header_image_url": "https://images.genius.com/bb43aaa6ed737a7d4aa34cae564c2285.1000x1000x1.jpg",
 "id": 235765,
 "instrumental": false,
 "lyrics_owner_id": 299982,
 "lyrics_state": "complete",
 "lyrics_updated_at": 1606529358,
 "path": "/Pitbull-timber-lyrics",
 "pyongs_count": 83,
 "song_art_image_thumbnail_url": "https://images.genius.com/bb43aaa6ed737a7d4aa34cae564c2285.300x300x1.jpg",
 "song_art_image_url": "https://images.genius.com/bb43aaa6ed737a7d4aa34cae564c2285.1000x1000x1.jpg",
 "song_art_primary_color": null,
 "song_art_secondary_color": null,
 "song_art_text_color": null,
 "stats": {
  "unreviewed_annotations": 0,
  "hot": false,
  "pageviews": 299911
 },
 "title": "Timber",
 "title_with_featured": "Timber (Ft.\u00a0Kesha)",
 "updated_by_human_at": 1611608918,
 "url": "https://genius.com/Pitbull-timber-lyrics",
 "primary_artist": {
  "_type": "artist",
  "api_path": "/artists/628",
  "header_image_url": "https://images.genius.com/019c3e4f1239bc5e1c870ad8a780d793.860x860x1.jpg",
  "id": 628,
  "image_url": "https://images.genius.com/019c3e4f1239bc5e1c870ad8a780d793.860x860x1.jpg",
  "index_character": "p",
  "is_meme_verified": false,
  "is_verified": true,
  "name": "Pitbull",
  "slug": "Pitbull",
  "url": "https://genius.com/artists/Pitbull",
  "iq": 280
 },
 "artist": "Pitbull",
 "lyrics": "[Chorus: Ke$ha]\nIt's goin' down, I'm yellin' timber\nYou better move, you better dance\nLet's make a night you won't remember\nI'll be the one you won't forget\n\n[Post-Chorus: Ke$ha & Pitbull]\nOoh-ooh (Timber), ooh-ooh (Timber)\nOoh-ooh-ooh-ooh-ooh-ooh (It's goin' down)\nOoh-ooh (Timber), ooh-ooh (Timber)\nOoh-ooh-ooh-ooh-ooh-ooh (It's goin' down)\n(Woo!)\n\n[Verse 1: Pitbull]\nThe bigger they are, the harder they fall\nThis biggity boy's a diggity dog\nI have 'em like Miley Cyrus, clothes off\nTwerking in their bras and thongs (Timber)\nFace down, booty up (Timber)\nThat's the way we like the what (Timber)\nI'm slicker than an oil spill\nShe say she won't, but I bet she will (Timber)\n\n[Pre-Chorus: Pitbull & Ke$ha]\nSwing your partner 'round and 'round\nEnd of the night, it's goin' down\nOne more shot, another round\nEnd of the night, it's goin' down\nSwing your partner 'round and 'round\nEnd of the night, it's goin' down (Oh-oh-oh)\nOne more shot, another round\nEnd of the night, it's goin' down\n[Chorus: Ke$ha]\nIt's goin' down, I'm yellin' timber\nYou better move, you better dance\nLet's make a night you won't remember\nI'll be the one you won't forget\nIt's goin' down (It's goin' down), I'm yellin' timber\nYou better move (You better move), you better dance (You better dance)\nLet's make a night you won't remember\nI'll be the one you won't forget (You won't forget)\n\n[Post-Chorus: Ke$ha & Pitbull]\nOoh-ooh (Timber), ooh-ooh (Timber)\nOoh-ooh-ooh-ooh-ooh-ooh (It's goin' down)\nOoh-ooh (Timber), ooh-ooh (Timber)\nOoh-ooh-ooh-ooh-ooh-ooh (It's goin' down)\n(Woo!)\n\n[Verse 2: Pitbull]\nLook up in the sky, it's a bird, it's a plane\nNah, it's just me, ain't a damn thing changed\nLive in hotels, swing on planes\nBlessed to say, money ain't a thing\nClub jumping like Lebron, now Voli\nOrder me another round, homie\nWe about to climb, why?\n'Cause it's about to go down\n[Pre-Chorus: Pitbull & Ke$ha]\nSwing your partner 'round and 'round\nEnd of the night, it's goin' down\nOne more shot, another round\nEnd of the night, it's goin' down\nSwing your partner 'round and 'round\nEnd of the night, it's goin' down (Oh-oh-oh)\nOne more shot, another round\nEnd of the night, it's goin' down\n\n[Chorus: Ke$ha]\nIt's goin' down, I'm yellin' timber\nYou better move, you better dance\nLet's make a night you won't remember\nI'll be the one you won't forget\nIt's goin' down (It's goin' down), I'm yellin' timber\nYou better move, you better dance (You better dance)\nLet's make a night (Let's make a night) you won't remember\nI'll be the one (I'll be the one) you won't forget (You won't forget)\n\n[Outro: Ke$ha & Pitbull]\nWhoa-oh-oh (Timber)\nWhoa-oh-oh (Hey)\nWoah-oh-oh-oh-oh-oh-oh-oh (It's goin' down)\n(Pitbull) Woah-oh-oh (Oh)\nWhoa-oh-oh\nWoah-oh-oh-oh-oh-oh-oh-oh (It's goin' down)\nWhoa-oh-oh (Timber)\nWhoa-oh-oh (Come on)\nWoah-oh-oh-oh-oh-oh-oh-oh (It's goin' down)\n(It's goin' down)\nWhoa-oh-oh (Timber)\nWhoa-oh-oh (You won't forget)\nWoah-oh-oh-oh-oh-oh-oh-oh (Timber)"
}