{
 "_type": "song",
 "annotation_count": 11,
 "api_path": "/songs/133381",
 "full_title": "Pompeii by\u00a0Bastille",
 "header_image_thumbnail_url": "https://images.genius.com/93805ddfab8efc044c34a536c3373896.300x300x1.jpg",
 "header_image_url": "https://images.genius.com/93805ddfab8efc044c34a536c3373896.1000x1000x1.jpg",
 "id": 133381,
 "instrumental": false,
 "lyrics_owner_id": 141271,
 "lyrics_state": "complete",
 "lyrics_updated_at": 1611584658,
 "path": "/Bastille-pompeii-lyrics",
 "pyongs_count": 532,
 "song_art_image_thumbnail_url": "https://images.rapgenius.com/33bbe5de8432f28470dec709c1a198b5.300x300x1.jpg",
 "song_art_image_url": "https://images.rapgenius.com/33bbe5de8432f28470dec709c1a198b5.316x316x1.jpg",
 "song_art_primary_color": null,
 "song_art_secondary_color": null,
 "song_art_text_color": null,
 "stats": {
  "unreviewed_annotations": 0,
  "concurrents": 2,
  "hot": false,
  "pageviews": 600505
 },
 "title": "Pompeii",
 "title_with_featured": "Pompeii",
 "updated_by_human_at": 1615396105,
 "url": "https://genius.com/Bastille-pompeii-lyrics",
 "primary_artist": {
  "_type": "artist",
  "api_path": "/artists/43324",
  "header_image_url": "https://images.genius.com/147145d671bffe3364f33ce41b64e2c2.400x400x1.jpg",
  "id": 43324,
  "image_url": "https://images.genius.com/7906081a081cf965edc22a8ad69d2376.410x410x1.jpg",
  "index_character": "b",
  "is_meme_verified": false,
  "is_verified": true,
  "name": "Bastille",
  "slug": "Bastille",
  "url": "https://genius.com/artists/Bastille",
  "iq": 444
 },
 "artist": "Bastille",
 "lyrics": "[Directed by Jesse John Jenkins]\n[Intro]\nEh, eheu, eheu\nEh, eheu, eheu\nEh, eheu, eheu\nEh, eheu, eheu\nEh, eheu, eheu\nEh, eheu, eheu\nEh, eheu, eheu\nEh, eheu, eheu\n\n[Verse 1]\nI was left to my own devices\nMany days fell away with nothing to show\n\n[Pre-Chorus]\nAnd the walls kept tumbling down in the city that we love\nGrey clouds roll over the hills, bringing darkness from above\n\n[Chorus]\nBut if you close your eyes\nDoes it almost feel like nothing changed at all?\nAnd if you close your eyes\nDoes it almost feel like you've been here before?\nHow am I going to be an optimist about this?\nHow am I going to be an optimist about this?\n[Verse 2]\nWe were caught up and lost in all of our vices\nIn your pose as the dust settled around us\n\n[Pre-Chorus]\nAnd the walls kept tumbling down in the city that we love\nGrey clouds roll over the hills, bringing darkness from above\n\n[Chorus]\nBut if you close your eyes\nDoes it almost feel like nothing changed at all?\nAnd if you close your eyes\nDoes it almost feel like you've been here before?\nHow am I going to be an optimist about this?\nHow am I going to be an optimist about this?\n\n[Bridge]\nOh, where do we begin, the rubble or our sins?\nOh, where do we begin, the rubble or our sins?\n\n[Pre-Chorus]\nAnd the walls kept tumbling down in the city that we love\n(Oh, where do we begin, the rubble or our sins?)\nGrey clouds roll over the hills bringing darkness from above\n(Oh, where do we begin, the rubble or our sins?)\n[Chorus]\nBut if you close your eyes\nDoes it almost feel like nothing changed at all?\nAnd if you close your eyes\nDoes it almost feel like you've been here before?\nHow am I going to be an optimist about this?\nHow am I going to be an optimist about this?\nIf you close your eyes\nDoes it almost feel like nothing changed at all?\n[Outro]\nEh, eheu, eheu\nEh, eheu, eheu\nEh, eheu, eheu\nEh, eheu, eheu\nEh, eheu, eheu\nEh, eheu, eheu\nEh, eheu, eheu\nEh, eheu, eheu"
}