{
 "_type": "song",
 "annotation_count": 11,
 "api_path": "/songs/499725",
 "full_title": "Shake It Off by\u00a0Taylor\u00a0Swift",
 "header_image_thumbnail_url": "https://images.genius.com/83e715258b665ae4408e6933c84c74e1.300x300x1.png",
 "header_image_url": "https://images.genius.com/83e715258b665ae4408e6933c84c74e1.1000x1000x1.png",
 "id": 499725,
 "instrumental": false,
 "lyrics_owner_id": 672397,
 "lyrics_state": "complete",
 "lyrics_updated_at": 1616105897,
 "path": "/Taylor-swift-shake-it-off-lyrics",
 "pyongs_count": 212,
 "song_art_image_thumbnail_url": "https://images.rapgenius.com/7b9fa8f6506f0106c91d9c75808a6253.300x300x1.jpg",
 "song_art_image_url": "https://images.rapgenius.com/7b9fa8f6506f0106c91d9c75808a6253.1000x1000x1.jpg",
 "song_art_primary_color": null,
 "song_art_secondary_color": null,
 "song_art_text_color": null,
 "stats": {
  "unreviewed_annotations": 1,
  "concurrents": 2,
  "hot": false,
  "pageviews": 356641
 },
 "title": "Shake It Off",
 "title_with_featured": "Shake It Off",
 "updated_by_human_at": 1616105897,
 "url": "https://genius.com/Taylor-swift-shake-it-off-lyrics",
 "primary_artist": {
  "_type": "artist",
  "api_path": "/artists/1177",
  "header_image_url": "https://images.genius.com/382ebc39e763a6d7b5fa7a2312d14905.1000x333x1.jpg",
  "id": 1177,
  "image_url": "https://images.genius.com/3c1f124fcbbc2857a95e513fb34cc5a8.400x400x1.jpg",
  "index_character": "t",
  "is_meme_verified": true,
  "is_verified": true,
  "name": "Taylor Swift",
  "slug": "Taylor-swift",
  "url": "https://genius.com/artists/Taylor-swift",
  "iq": 1540
 },
 "artist": "Taylor Swift",
 "lyrics": "[Verse 1]\nI stay out too late\nGot nothing in my brain\nThat's what people say, mmm, mmm\nThat's what people say, mmm, mmm\nI go on too many dates\nBut I can't make them stay\nAt least that's what people say, mmm, mmm\nThat's what people say, mmm, mmm\n\n[Pre-Chorus 1]\nBut I keep cruisin'\nCan't stop, won't stop movin'\nIt's like I got this music in my mind\nSayin' it's gonna be alright\n\n[Chorus]\n'Cause the players gonna play, play, play, play, play\nAnd the haters gonna hate, hate, hate, hate, hate\nBaby, I'm just gonna shake, shake, shake, shake, shake\nI shake it off, I shake it off\nHeartbreakers gonna break, break, break, break, break\nAnd the fakers gonna fake, fake, fake, fake, fake\nBaby, I'm just gonna shake, shake, shake, shake, shake\nI shake it off, I shake it off\n[Verse 2]\nI never miss a beat\nI'm lightning on my feet\nAnd that's what they don\u2019t see, mmm, mmm\nThat's what they don\u2019t see, mmm, mmm\nI'm dancin' on my own (Dancin' on my own)\nI make the moves up as I go (Moves up as I go)\nAnd that's what they don't know, mmm, mmm\nThat\u2019s what they don\u2019t know, mmm, mmm\n\n[Pre-Chorus 2]\nBut I keep cruisin'\nCan't stop, won't stop groovin'\nIt's like I got this music in my mind\nSayin' it's gonna be alright\n\n[Chorus]\n'Cause the players gonna play, play, play, play, play\nAnd the haters gonna hate, hate, hate, hate, hate\nBaby, I'm just gonna shake, shake, shake, shake, shake\nI shake it off, I shake it off\nHeartbreakers gonna break, break, break, break, break\nAnd the fakers gonna fake, fake, fake, fake, fake\nBaby, I'm just gonna shake, shake, shake, shake, shake\nI shake it off, I shake it off\n[Post-Chorus]\nShake it off, I shake it off\nI, I, I shake it off, I shake it off\nI, I, I shake it off, I shake it off\nI, I, I shake it off, I shake it off\n\n[Interlude]\nHey, hey, hey\nJust think while you've been gettin' down and out about the liars\nAnd the dirty, dirty cheats of the world\nYou could've been getting down\nTo this sick beat\n\n[Bridge]\nMy ex-man brought his new girlfriend\nShe's like, \u201cOh my God,\u201d but I'm just gonna shake\nAnd to the fella over there with the hella good hair\nWon't you come on over, baby?\nWe can shake, shake, shake\nYeah, oh, oh, oh\n\n[Chorus]\n'Cause the players gonna play, play, play, play, play\nAnd the haters gonna hate, hate, hate, hate, hate\n(Haters gonna hate)\nBaby, I'm just gonna shake, shake, shake, shake, shake\nI shake it off, I shake it off\nHeartbreakers gonna break, break, break, break, break (Mmhm)\nAnd the fakers gonna fake, fake, fake, fake, fake\n(And fake, and fake, and fake)\nBaby, I'm just gonna shake, shake, shake, shake, shake\nI shake it off, I shake it off\n[Post-Chorus]\nShake it off, I shake it off\nI, I, I shake it off, I shake it off\nI, I, I shake it off, I shake it off\nI, I, I shake it off, I shake it off\nShake it off, I shake it off\nI, I, I shake it off, I shake it off\nI, I, I shake it off, I shake it off\nI, I, I shake it off, I shake it off (Yeah)\nShake it off, I shake it off\nI, I, I shake it off, I shake it off (You got to)\nI, I, I shake it off, I shake it off\nI, I, I shake it off, I shake it off\n[Video directed by Mark Romanek]"
}