{
 "_type": "song",
 "annotation_count": 13,
 "api_path": "/songs/139579",
 "full_title": "Am I Wrong by\u00a0Nico\u00a0& Vinz",
 "header_image_thumbnail_url": "https://images.rapgenius.com/c521f1e81ca09caf46f1bcdd740d5a30.300x300x1.jpg",
 "header_image_url": "https://images.rapgenius.com/c521f1e81ca09caf46f1bcdd740d5a30.1000x1000x1.jpg",
 "id": 139579,
 "instrumental": false,
 "lyrics_owner_id": 22533,
 "lyrics_state": "complete",
 "lyrics_updated_at": 1615242460,
 "path": "/Nico-and-vinz-am-i-wrong-lyrics",
 "pyongs_count": 212,
 "song_art_image_thumbnail_url": "https://images.rapgenius.com/c521f1e81ca09caf46f1bcdd740d5a30.300x300x1.jpg",
 "song_art_image_url": "https://images.rapgenius.com/c521f1e81ca09caf46f1bcdd740d5a30.1000x1000x1.jpg",
 "song_art_primary_color": null,
 "song_art_secondary_color": null,
 "song_art_text_color": null,
 "stats": {
  "unreviewed_annotations": 0,
  "hot": false,
  "pageviews": 586428
 },
 "title": "Am I Wrong",
 "title_with_featured": "Am I Wrong",
 "updated_by_human_at": 1615246131,
 "url": "https://genius.com/Nico-and-vinz-am-i-wrong-lyrics",
 "primary_artist": {
  "_type": "artist",
  "api_path": "/artists/207038",
  "header_image_url": "https://images.rapgenius.com/avatars/medium/1e0aef8629340f04d0da097bd0ba6083",
  "id": 207038,
  "image_url": "https://images.rapgenius.com/avatars/medium/1e0aef8629340f04d0da097bd0ba6083",
  "index_character": "n",
  "is_meme_verified": true,
  "is_verified": true,
  "name": "Nico & Vinz",
  "slug": "Nico-and-vinz",
  "url": "https://genius.com/artists/Nico-and-vinz",
  "iq": 100
 },
 "artist": "Nico & Vinz",
 "lyrics": "[Intro]\nOoh, ooh\nOoh, ooh\n\n[Verse 1: Vinz]\nAm I wrong for thinkin' out the box from where I stay?\nAm I wrong for sayin' that I choose another way?\nI ain't tryin' to do what everybody else doin'\nJust 'cause everybody doin' what they all do\nIf one thing I know - I'll fall, but I'll grow\nI'm walking down this road of mine, this road that I call home\n\n[Chorus: Vinz]\nSo am I wrong\nFor thinkin' that we could be something for real?\nNow am I wrong\nFor tryin' to reach the things that I can't see?\nBut that's just how I feel (Ooh, ooh)\nThat's just how I feel (Ooh, ooh)\nThat's just how I feel\nTrying to reach the things that I can't see (Ooh, ooh, see, see)\n\n[Verse 2: Nico]\nAm I trippin' for having a vision?\nMy prediction - I'ma be on top of the world\nWalk your walk, and don't look back\nAlways do what you decide\nDon't let them control your life\nThat's just how I feel, oh\nFight for yours, and don't let go\nDon't let them compare you, no\nDon't worry, you're not alone\nThat's just how we feel\n[Chorus: Vinz]\nAm I wrong (Am I wrong?)\nFor thinkin' that we could be something for real?\n(Oh, yeah, yeah, yeah, yeah, oh)\nNow am I wrong (Am I wrong?)\nFor tryin' to reach the things that I can't see?\n(Oh, yeah, yeah, yeah, yeah)\nBut that's just how I feel (Ooh, ooh)\nThat's just how I feel (Ooh, ooh)\nThat's just how I feel\nTrying to reach the things that I can't see (Ooh, ooh, see, see)\n\n[Bridge: Nico]\nIf you tell me I'm wrong, wrong\nI don't wanna be right, right\nIf you tell me I'm wrong, wrong\nI don't wanna be right\nIf you tell me I'm wrong, wrong\nI don't wanna be right, right\nIf you tell me I'm wrong, wrong\nI don't wanna be right\n[Chorus: Vinz]\nAm I wrong\nFor thinkin' that we could be something for real?\nNow am I wrong\nFor tryin' to reach the things that I can't see?\nBut that's just how I feel (Ooh, ooh)\nThat's just how I feel (Ooh, ooh)\nThat's just how I feel\nTrying to reach the things that I can't see (Ooh, ooh, see, see)\nSo am I wrong (Am I wrong?)\nFor thinkin' that we could be something for real?\n(Oh, yeah, yeah, yeah, yeah, oh)\nNow am I wrong (Am I wrong?)\nFor trying to reach the things that I can't see?\n(Oh, yeah, yeah, yeah, yeah)\nBut that's just how I feel  (Ooh, ooh)\nThat's just how I feel  (Ooh, ooh)\nThat's just how I feel\nTrying to reach the things that I can't see (Ooh, ooh, see, see)"
}