{
 "_type": "song",
 "annotation_count": 5,
 "api_path": "/songs/321049",
 "full_title": "Turn Down For What by\u00a0DJ\u00a0Snake & Lil Jon",
 "header_image_thumbnail_url": "https://images.genius.com/98f5f5ad96d4ad3398185c4c3a9fcadf.300x300x1.jpg",
 "header_image_url": "https://images.genius.com/98f5f5ad96d4ad3398185c4c3a9fcadf.600x600x1.jpg",
 "id": 321049,
 "instrumental": false,
 "lyrics_owner_id": 104344,
 "lyrics_state": "complete",
 "lyrics_updated_at": 1557203699,
 "path": "/Dj-snake-and-lil-jon-turn-down-for-what-lyrics",
 "pyongs_count": 89,
 "song_art_image_thumbnail_url": "https://images.genius.com/98f5f5ad96d4ad3398185c4c3a9fcadf.300x300x1.jpg",
 "song_art_image_url": "https://images.genius.com/98f5f5ad96d4ad3398185c4c3a9fcadf.600x600x1.jpg",
 "song_art_primary_color": null,
 "song_art_secondary_color": null,
 "song_art_text_color": null,
 "stats": {
  "unreviewed_annotations": 0,
  "hot": false,
  "pageviews": 218845
 },
 "title": "Turn Down For What",
 "title_with_featured": "Turn Down For What",
 "updated_by_human_at": 1608219452,
 "url": "https://genius.com/Dj-snake-and-lil-jon-turn-down-for-what-lyrics",
 "primary_artist": {
  "_type": "artist",
  "api_path": "/artists/173108",
  "header_image_url": "https://images.genius.com/b945a3c5dc4c492f91ebd38cb01a9264.600x300x1.jpg",
  "id": 173108,
  "image_url": "https://images.genius.com/3cd3d41deabf0c01d42bfb0ba4f0deb2.300x300x1.jpg",
  "index_character": "d",
  "is_meme_verified": false,
  "is_verified": false,
  "name": "DJ Snake & Lil Jon",
  "slug": "Dj-snake-and-lil-jon",
  "url": "https://genius.com/artists/Dj-snake-and-lil-jon"
 },
 "artist": "DJ Snake & Lil Jon",
 "lyrics": "[Intro: Lil Jon]\nFire up that loud, another round of shots\n\n[Chorus: Lil Jon]\nTurn down for what?\nTurn down for what?\nTurn down for what?\nTurn down for what?\nTurn down for what?\nTurn down for what?\nTurn down for what?\nTurn down for what?\nTurn down for what?\nTurn down for what?\n\n[Bridge: Lil Jon]\nFire up that loud, another round of shots\nFire up that loud, another round of shots\nFire up that loud, another round of shots\nFire up that loud, another round of shots\nFire up that loud, another round of shots\nFire up that loud, another round of shots\nFire up that loud, another round of shots\nFire up that loud, another round of shots\nFire up that loud, another round of shots\n[Chorus: Lil Jon]\nTurn down for what?\nTurn down for what?\nTurn down for what?\nTurn down for what?\nTurn down for what?"
}