{
 "_type": "song",
 "annotation_count": 8,
 "api_path": "/songs/255826",
 "full_title": "Say Something by\u00a0A\u00a0Great Big World (Ft.\u00a0Christina\u00a0Aguilera)",
 "header_image_thumbnail_url": "https://images.genius.com/d51acee7e6de6bbfaf6d7ec07e0a2909.300x300x1.jpg",
 "header_image_url": "https://images.genius.com/d51acee7e6de6bbfaf6d7ec07e0a2909.1000x1000x1.jpg",
 "id": 255826,
 "instrumental": false,
 "lyrics_owner_id": 70148,
 "lyrics_state": "complete",
 "lyrics_updated_at": 1573911006,
 "path": "/A-great-big-world-say-something-lyrics",
 "pyongs_count": 373,
 "song_art_image_thumbnail_url": "https://images.genius.com/bed77657622cfb3627988e1d15a77d1e.300x300x1.png",
 "song_art_image_url": "https://images.genius.com/bed77657622cfb3627988e1d15a77d1e.768x768x1.png",
 "song_art_primary_color": null,
 "song_art_secondary_color": null,
 "song_art_text_color": null,
 "stats": {
  "unreviewed_annotations": 1,
  "hot": false,
  "pageviews": 1337947
 },
 "title": "Say Something",
 "title_with_featured": "Say Something (Ft.\u00a0Christina\u00a0Aguilera)",
 "updated_by_human_at": 1597894272,
 "url": "https://genius.com/A-great-big-world-say-something-lyrics",
 "primary_artist": {
  "_type": "artist",
  "api_path": "/artists/87946",
  "header_image_url": "https://images.genius.com/2936fdf547b30cbf718c87d5e9861292.672x363x1.png",
  "id": 87946,
  "image_url": "https://images.genius.com/e1e044c01500be6aef0c1df2a65c9e3c.768x768x1.jpg",
  "index_character": "g",
  "is_meme_verified": false,
  "is_verified": false,
  "name": "A Great Big World",
  "slug": "A-great-big-world",
  "url": "https://genius.com/artists/A-great-big-world"
 },
 "artist": "A Great Big World",
 "lyrics": "[Intro: A Great Big World]\nSay something, I'm giving up on you\nI'll be the one, if you want me to\nAnywhere, I would've followed you\nSay something, I'm giving up on you\n\n[Verse 1: A Great Big World & Christina Aguilera]\nAnd I... am feeling so small\nIt was over my head\nI know nothing at all\n\n[Verse 2: A Great Big World & Christina Aguilera]\nAnd I will stumble and fall\nI'm still learning to love\nJust starting to crawl\n\n[Chorus: A Great Big World & Christina Aguilera]\nSay something, I'm giving up on you\nI'm sorry that I couldn't get to you\nAnywhere, I would've followed you\nSay something, I'm giving up on you\n\n[Verse 3: A Great Big World & Christina Aguilera]\nAnd I will swallow my pride\nYou're the one that I love\nAnd I'm saying goodbye\n[Chorus: A Great Big World & Christina Aguilera]\nSay something, I'm giving up on you\nAnd I'm sorry that I couldn't get to you\nAnd anywhere, I would've followed you, oh-oh\nSay something, I'm giving up on you\n\n[Outro: A Great Big World & Christina Aguilera]\nSay something, I'm giving up on you\nSay something..."
}