{
 "_type": "song",
 "annotation_count": 14,
 "api_path": "/songs/217372",
 "full_title": "Team by\u00a0Lorde",
 "header_image_thumbnail_url": "https://images.genius.com/129eafe94aec01a91e76499dcb88c2ca.300x300x1.png",
 "header_image_url": "https://images.genius.com/129eafe94aec01a91e76499dcb88c2ca.1000x1000x1.png",
 "id": 217372,
 "instrumental": false,
 "lyrics_owner_id": 246999,
 "lyrics_state": "complete",
 "lyrics_updated_at": 1608125738,
 "path": "/Lorde-team-lyrics",
 "pyongs_count": 323,
 "song_art_image_thumbnail_url": "https://images.genius.com/21c34cbf4f163f713fed7b4c4923fee9.300x300x1.jpg",
 "song_art_image_url": "https://images.genius.com/21c34cbf4f163f713fed7b4c4923fee9.1000x1000x1.jpg",
 "song_art_primary_color": null,
 "song_art_secondary_color": null,
 "song_art_text_color": null,
 "stats": {
  "unreviewed_annotations": 0,
  "concurrents": 3,
  "hot": false,
  "pageviews": 1018123
 },
 "title": "Team",
 "title_with_featured": "Team",
 "updated_by_human_at": 1608125737,
 "url": "https://genius.com/Lorde-team-lyrics",
 "primary_artist": {
  "_type": "artist",
  "api_path": "/artists/36944",
  "header_image_url": "https://images.genius.com/729038175e5bdf1f399e5877565672e7.1000x676x1.jpg",
  "id": 36944,
  "image_url": "https://images.genius.com/a2fd0bb1affd9235323dfed76a982644.393x393x1.png",
  "index_character": "l",
  "is_meme_verified": true,
  "is_verified": true,
  "name": "Lorde",
  "slug": "Lorde",
  "url": "https://genius.com/artists/Lorde",
  "iq": 8517
 },
 "artist": "Lorde",
 "lyrics": "[Intro]\nWait till you're announced\nWe've not yet lost all our graces\nThe hounds will stay in chains\nLook upon Your Greatness and She'll\nSend the call out, send the call out\nSend the call out, send the call out\nSend the call out, send the call out\nSend the call out, send the call out\nSend the call out, send the call out\nSend the call out, send the call out\nSend the call out, send the call out\nSend the call out, send the call out\n\n[Verse 1]\nCall all the ladies out\nThey're in their finery\nA hundred jewels on throats\nA hundred jewels between teeth\nNow bring my boys in\nTheir skin in craters like the moon\nThe moon we love like a brother\nWhile he glows through the room\n\n[Pre-Chorus]\nDancin' around the lies we tell\nDancin' around, big eyes as well\nEven the comatose\nThey don't dance and tell\n[Chorus]\nWe live in cities you'll never see on-screen\nNot very pretty, but we sure know how to run things\nLivin' in ruins of a palace within my dreams\nAnd you know we're on each other's team\n\n[Post-Chorus]\nI'm kind of over gettin' told to throw my hands up in the air\nSo there\n\n[Verse 2]\nSo all the cups got broke\nShards beneath our feet\nBut it wasn't my fault\nAnd everyone's competing\nFor a love they won't receive\n'Cause what this palace wants is release\n\n[Chorus]\nWe live in cities you'll never see on-screen\nNot very pretty, but we sure know how to run things\nLivin' in ruins of a palace within my dreams\nAnd you know we're on each other's team\n\n[Post-Chorus]\nI'm kind of over gettin' told to throw my hands up in the air\nSo there\nI'm kind of older than I was when I reveled without a care\nSo there\n[Chorus]\nWe live in cities you'll never see on-screen\nNot very pretty, but we sure know how to run things\nLivin' in ruins of a palace within my dreams\nAnd you know we're on each other's team\n\n[Outro]\nWe're on each other's team\nAnd you know we're on each other's team\nWe're on each other's team\nAnd you know, and you know, and you know"
}