{
 "_type": "song",
 "annotation_count": 14,
 "api_path": "/songs/573560",
 "full_title": "2014 EMAs Nominees and Winners by\u00a0MTV",
 "header_image_thumbnail_url": "https://images.rapgenius.com/7c89c4b3dc8e6c649f6e26e4d1015524.250x250x1.png",
 "header_image_url": "https://images.rapgenius.com/7c89c4b3dc8e6c649f6e26e4d1015524.250x250x1.png",
 "id": 573560,
 "instrumental": false,
 "lyrics_owner_id": 12128,
 "lyrics_state": "complete",
 "lyrics_updated_at": 1577017029,
 "path": "/Mtv-2014-emas-nominees-and-winners-lyrics",
 "pyongs_count": 8,
 "song_art_image_thumbnail_url": "https://images.rapgenius.com/7c89c4b3dc8e6c649f6e26e4d1015524.250x250x1.png",
 "song_art_image_url": "https://images.rapgenius.com/7c89c4b3dc8e6c649f6e26e4d1015524.250x250x1.png",
 "song_art_primary_color": null,
 "song_art_secondary_color": null,
 "song_art_text_color": null,
 "stats": {
  "unreviewed_annotations": 1,
  "hot": false
 },
 "title": "2014 EMAs Nominees and Winners",
 "title_with_featured": "2014 EMAs Nominees and Winners",
 "updated_by_human_at": 1577017029,
 "url": "https://genius.com/Mtv-2014-emas-nominees-and-winners-lyrics",
 "primary_artist": {
  "_type": "artist",
  "api_path": "/artists/61196",
  "header_image_url": "https://images.genius.com/cba9abec1071f7565225d3f1293892d3.960x540x1.jpg",
  "id": 61196,
  "image_url": "https://images.genius.com/eed2e387229a94f3d0f9439dec4006ec.400x400x1.jpg",
  "index_character": "m",
  "is_meme_verified": true,
  "is_verified": true,
  "name": "MTV",
  "slug": "Mtv",
  "url": "https://genius.com/artists/Mtv",
  "iq": 100
 },
 "artist": "MTV",
 "lyrics": "Best Song\n\nAriana Grande (featuring Iggy Azalea) \u2014 \"Problem\" (WINNER)\nEminem (featuring Rihanna) \u2014 \"The Monster\"\nKaty Perry (featuring Juicy J) \u2014 \"Dark Horse\"\nPharrell Williams \u2014 \"Happy\"\nSam Smith \u2014 \"Stay With Me\"\n\nBest Video\n\nIggy Azalea (featuring Rita Ora) \u2014 \"Black Widow\"\nKaty Perry (featuring Juicy J) \u2014 \"Dark Horse\" (WINNER)\nKiesza \u2014 \"Hideaway\"\nPharrell Williams \u2014 \"Happy\"\nSia \u2014 \"Chandelier\"\n\nBest Female\n\nAriana Grande (United States) (WINNER)\nBeyonc\u00e9 (United States)\nKaty Perry (United States)\nNicki Minaj (Trinidad and Tobago)\nTaylor Swift (United States)\n\nBest Male\nEd Sheeran (United Kingdom)\nEminem (United States)\nJustin Bieber (Canada) (WINNER)\nJustin Timberlake (United States)\nPharrell Williams (United States)\n\nBest New Act\n\n5 Seconds of Summer (Australia) (WINNER)\nAriana Grande (United States)\nCharli XCX (United Kingdom)\nKiesza (Canada)\nSam Smith (United Kingdom)\n\nBest Pop\n\nAriana Grande (United States)\nKaty Perry (United States)\nMiley Cyrus (United States)\nOne Direction (United Kingdom/Republic of Ireland) (WINNER)\n5 Seconds of Summer (Australia)\n\nBest Rock\n\nArctic Monkeys (United Kingdom)\nThe Black Keys (United States)\nColdplay (United Kingdom)\nImagine Dragons (United States)\nLinkin Park (United States) (WINNER)\nBest Alternative\n\nFall Out Boy (United States)\nLana Del Rey (United States)\nLorde (New Zealand)\nParamore (United States)\nThirty Seconds To Mars (United States) (WINNER)\n\nBest Electronic\n\nAfrojack (Netherlands)\nAvicii (Sweden)\nCalvin Harris (United Kingdom) (WINNER)\nDavid Guetta (France)\nHardwell (Netherlands)\n\nBest Hip Hop\n\nDrake (Canada)\nIggy Azalea (Australia)\nKanye West (United States)\nNicki Minaj (Trinidad and Tobago) (WINNER)\nEminem (United States)\n\nBest Live Act\nBeyonc\u00e9 (United States)\nBruno Mars (United States)\nJustin Timberlake (United States)\nKaty Perry (United States)\nOne Direction (United Kingdom/Republic of Ireland) (WINNER)\n\nBest World Stage Performance\n\nAfrojack (Netherlands)\nB.o.B (United States)\nEllie Goulding (United Kingdom)\nEnrique Iglesias (Spain) (WINNER)\nFall Out Boy (United States)\nFlo Rida (United States)\nHardwell (Netherlands)\nImagine Dragons (United States)\nKings of Leon (United States)\nLinkin Park (United States)\nNicole Scherzinger (United States)\nPharrell Williams (United States)\nSimple Plan (Canada)\nThe Killers (United States)\n\nBest Push Act\n\nLorde (New Zealand)\nJohn Newman (United Kingdom)\nKid Ink (United States)\nZedd (Germany/Russia)\nCris Cab (United States)\n5 Seconds of Summer (Australia) (WINNER)\nSam Smith (United Kingdom)\nKiesza (Canada)\nCharli XCX (United Kingdom)\nAriana Grande (United States)\nJungle (United Kingdom)\n\nBiggest Fans\n\nNicki Minaj (Trinidad and Tobago)\nOne Direction (United Kingdom/Republic of Ireland) (WINNER)\n5 Seconds of Summer (Australia)\nAriana Grande (United States)\nJustin Bieber (Canada)\n\nBest Look\n\nIggy Azalea (Australia)\nKaty Perry (United States) (WINNER)\nNicki Minaj (Trinidad and Tobago)\nRita Ora (United Kingdom/Kosovo)\nTaylor Swift (United States)\n\nBest Worldwide Act\n\nAfrica/India/Middle East: (State of Palestine) Mohammed Assaf\nAustralia/New Zealand: (Australia) 5 Seconds of Summer\nEurope Central: (Germany) Revolverheld\nEurope East: (Poland) Dawid Kwiatkowski\nEurope North: (United Kingdom/Republic of Ireland) One Direction\nEurope South: (Italy) Alessandra Amoroso\nJapan/Korea: (South Korea) B.A.P\nLatin America: (Mexico) Dulce Mar\u00eda\nNorth America:(United States) Fifth Harmony\nSoutheast Asia/China & Hong Kong/Taiwan: (China) Bibi Zhou (WINNER)\n\nGlobal Icon\n\nOzzy Osbourne"
}