{
 "_type": "song",
 "annotation_count": 26,
 "api_path": "/songs/352918",
 "full_title": "Let It Go by\u00a0Idina\u00a0Menzel",
 "header_image_thumbnail_url": "https://images.genius.com/0cbcf2be346dc1705b05fbd859182822.300x169x1.jpg",
 "header_image_url": "https://images.genius.com/0cbcf2be346dc1705b05fbd859182822.629x354x1.jpg",
 "id": 352918,
 "instrumental": false,
 "lyrics_owner_id": 478016,
 "lyrics_state": "complete",
 "lyrics_updated_at": 1615936662,
 "path": "/Idina-menzel-let-it-go-lyrics",
 "pyongs_count": 254,
 "song_art_image_thumbnail_url": "https://images.genius.com/85550aebf1ad966bc84f8ddefb1510c5.300x300x1.jpg",
 "song_art_image_url": "https://images.genius.com/85550aebf1ad966bc84f8ddefb1510c5.1000x1000x1.jpg",
 "song_art_primary_color": null,
 "song_art_secondary_color": null,
 "song_art_text_color": null,
 "stats": {
  "unreviewed_annotations": 0,
  "hot": false,
  "pageviews": 630800
 },
 "title": "Let It Go",
 "title_with_featured": "Let It Go",
 "updated_by_human_at": 1615936661,
 "url": "https://genius.com/Idina-menzel-let-it-go-lyrics",
 "primary_artist": {
  "_type": "artist",
  "api_path": "/artists/33242",
  "header_image_url": "https://images.genius.com/8dae7cbdcc7da145e8a154a4f5f964c3.700x500x1.jpg",
  "id": 33242,
  "image_url": "https://images.genius.com/b2782069e15cfac2ac6c7a25cd4632cd.500x500x1.jpg",
  "index_character": "i",
  "is_meme_verified": false,
  "is_verified": true,
  "name": "Idina Menzel",
  "slug": "Idina-menzel",
  "url": "https://genius.com/artists/Idina-menzel",
  "iq": 659
 },
 "artist": "Idina Menzel",
 "lyrics": "[Verse 1]\nThe snow glows white on the mountain tonight\nNot a footprint to be seen\nA kingdom of isolation\nAnd it looks like I'm the queen\nThe wind is howling like this swirling storm inside\nCouldn't keep it in, Heaven knows I tried\n\n[Pre-Chorus]\nDon't let them in, don't let them see\nBe the good girl you always have to be\nConceal, don't feel, don't let them know\nWell, now they know\n[Chorus]\nLet it go, let it go\nCan't hold it back anymore\nLet it go, let it go\nTurn away and slam the door\nI don't care what they're going to say\nLet the storm rage on\nThe cold never bothered me anyway\n\n[Verse 2]\nIt's funny how some distance\nMakes everything seem small\nAnd the fears that once controlled me\nCan't get to me at all\n[Pre-Chorus]\nIt's time to see what I can do\nTo test the limits and break through\nNo right, no wrong, no rules for me\nI'm free\n\n[Chorus]\nLet it go, let it go\nI'm one with the wind and sky\nLet it go, let it go\nYou'll never see me cry\nHere I stand, and here I'll stay\nLet the storm rage on...\n\n[Bridge]\nMy power flurries through the air into the ground\nMy soul is spiraling in frozen fractals all around\nAnd one thought crystallizes like an icy blast:\nI'm never going back, the past is in the past!\n[Chorus]\nLet it go, let it go\nAnd I'll rise like the break of dawn\nLet it go, let it go\nThat perfect girl is gone\nHere I stand in the light of day\nLet the storm rage on!\nThe cold never bothered me anyway"
}