{
 "_type": "song",
 "annotation_count": 21,
 "api_path": "/songs/245655",
 "full_title": "Story of My Life by\u00a0One\u00a0Direction",
 "header_image_thumbnail_url": "https://images.genius.com/aee7c080c94f4d46135c2b80c7102f93.300x300x1.jpg",
 "header_image_url": "https://images.genius.com/aee7c080c94f4d46135c2b80c7102f93.1000x1000x1.jpg",
 "id": 245655,
 "instrumental": false,
 "lyrics_owner_id": 218469,
 "lyrics_state": "complete",
 "lyrics_updated_at": 1616885538,
 "path": "/One-direction-story-of-my-life-lyrics",
 "pyongs_count": 178,
 "song_art_image_thumbnail_url": "https://images.rapgenius.com/87839ab693a21fe86fbb9d2812748705.300x300x1.png",
 "song_art_image_url": "https://images.rapgenius.com/87839ab693a21fe86fbb9d2812748705.960x960x1.png",
 "song_art_primary_color": null,
 "song_art_secondary_color": null,
 "song_art_text_color": null,
 "stats": {
  "unreviewed_annotations": 20,
  "concurrents": 2,
  "hot": false,
  "pageviews": 773107
 },
 "title": "Story of My Life",
 "title_with_featured": "Story of My Life",
 "updated_by_human_at": 1616885538,
 "url": "https://genius.com/One-direction-story-of-my-life-lyrics",
 "primary_artist": {
  "_type": "artist",
  "api_path": "/artists/19657",
  "header_image_url": "https://images.genius.com/d556360ef2b1a2f6a80d526a9a957a80.1000x709x1.jpg",
  "id": 19657,
  "image_url": "https://images.genius.com/bc6a5168555725c9c4dc30f13d953276.224x224x1.jpg",
  "index_character": "o",
  "is_meme_verified": false,
  "is_verified": false,
  "name": "One Direction",
  "slug": "One-direction",
  "url": "https://genius.com/artists/One-direction"
 },
 "artist": "One Direction",
 "lyrics": "[Verse 1: Harry Styles & Liam Payne]\nWritten in these walls are the stories that I can't explain\nI leave my heart open\nBut it stays right here empty for days\nShe told me in the morning\nShe don't feel the same about us in her bones\nIt seems to me that when I die\nThese words will be written on my stone\n\n[Pre-Chorus: Zayn Malik]\nAnd I'll be gone, gone tonight\nThe ground beneath my feet is open wide\nThe way that I've been holding on too tight\nWith nothing in between\n\n[Chorus: Harry Styles & All]\nThe story of my life\nI take her home\nI drive all night\nTo keep her warm\nAnd time is frozen (The story of, the story of)\nThe story of my life\nI give her hope\nI spend her love\nUntil she's broke inside\nThe story of my life (The story of, the story of)\n[Verse 2: Niall Horan &  Liam Payne]\nWritten on these walls are the colours that I can't change\nLeave my heart open\nBut it stays right here in its cage\nI know that in the morning, now\nI'll see us in the light up on the hill\nAlthough I am broken, my heart is untamed still\n\n[Pre-Chorus: Louis Tomlinson]\nAnd I'll be gone, gone tonight\nThe fire beneath my feet is burning bright\nThe way that I've been holding on so tight\nWith nothing in between\n\n[Chorus: Harry Styles & All]\nThe story of my life\nI take her home\nI drive all night\nTo keep her warm\nAnd time is frozen\nThe story of my life (The story of, the story of)\nI give her hope\nI spend her love\nUntil she's broke inside\nThe story of my life (The story of, the story of)\n[Bridge: Zayn Malik]\nAnd I been waiting for this time to come around\nBut, baby, running after you\nIs like chasing the clouds\n\n[Breakdown: Niall Horan]\nThe story of my life\nI take her home\nI drive all night\nTo keep her warm\nAnd time is frozen\n\n[Chorus: All, & (Zayn)]\nThe story of my life\nI give her hope (Give her hope)\nI spend her love\nUntil she's broke inside\n(Until she's broke inside)\nThe story of my life\n\n[Outro: All & Harry]\nThe story of my life\nThe story of my life\nThe story of my life"
}