{
 "_type": "song",
 "annotation_count": 31,
 "api_path": "/songs/378195",
 "full_title": "Chandelier by\u00a0Sia",
 "header_image_thumbnail_url": "https://images.genius.com/9ac569a5e53c34934f2b8f7195d1afad.300x300x1.jpg",
 "header_image_url": "https://images.genius.com/9ac569a5e53c34934f2b8f7195d1afad.1000x1000x1.jpg",
 "id": 378195,
 "instrumental": false,
 "lyrics_owner_id": 47098,
 "lyrics_state": "complete",
 "lyrics_updated_at": 1602521385,
 "path": "/Sia-chandelier-lyrics",
 "pyongs_count": 442,
 "song_art_image_thumbnail_url": "https://images.genius.com/5bcfb76690b3fb068a317c76579b70b5.300x300x1.jpg",
 "song_art_image_url": "https://images.genius.com/5bcfb76690b3fb068a317c76579b70b5.1000x1000x1.jpg",
 "song_art_primary_color": null,
 "song_art_secondary_color": null,
 "song_art_text_color": null,
 "stats": {
  "unreviewed_annotations": 0,
  "hot": false,
  "pageviews": 1744779
 },
 "title": "Chandelier",
 "title_with_featured": "Chandelier",
 "updated_by_human_at": 1616531764,
 "url": "https://genius.com/Sia-chandelier-lyrics",
 "primary_artist": {
  "_type": "artist",
  "api_path": "/artists/16775",
  "header_image_url": "https://images.genius.com/cb40ff6ba23119fdb3ec69073be7cf34.1000x427x1.jpg",
  "id": 16775,
  "image_url": "https://images.genius.com/6bcd2bd1708eeae7282400f1e4be633f.600x600x1.jpg",
  "index_character": "s",
  "is_meme_verified": false,
  "is_verified": true,
  "name": "Sia",
  "slug": "Sia",
  "url": "https://genius.com/artists/Sia",
  "iq": 7645
 },
 "artist": "Sia",
 "lyrics": "[Verse 1]\nParty girls don't get hurt\nCan't feel anything, when will I learn?\nI push it down, push it down\nI'm the one \"for a good time call\"\nPhone's blowin' up, ringin' my doorbell\nI feel the love, feel the love\n\n[Pre-Chorus]\nOne, two, three, one, two, three, drink\nOne, two, three, one, two, three, drink\nOne, two, three, one, two, three, drink\nThrow 'em back till I lose count\n[Chorus]\nI'm gonna swing from the chandelier\nFrom the chandelier\nI'm gonna live like tomorrow doesn't exist\nLike it doesn't exist\nI'm gonna fly like a bird through the night\nFeel my tears as they dry\nI'm gonna swing from the chandelier\nFrom the chandelier\n\n[Post-Chorus]\nBut I'm holding on for dear life\nWon't look down, won't open my eyes\nKeep my glass full until morning light\n'Cause I'm just holding on for tonight\nHelp me, I'm holding on for dear life\nWon't look down, won't open my eyes\nKeep my glass full until morning light\n'Cause I'm just holding on for tonight\nOn for tonight\n[Verse 2]\nSun is up, I'm a mess\nGotta get out now, gotta run from this\nHere comes the shame, here comes the shame\n\n[Pre-Chorus]\nOne, two, three, one, two, three, drink\nOne, two, three, one, two, three, drink\nOne, two, three, one, two, three, drink\nThrow 'em back till I lose count\n\n[Chorus]\nI'm gonna swing from the chandelier\nFrom the chandelier\nI'm gonna live like tomorrow doesn't exist\nLike it doesn't exist\nI'm gonna fly like a bird through the night\nFeel my tears as they dry\nI'm gonna swing from the chandelier\nFrom the chandelier\n\n[Post-Chorus]\nBut I'm holding on for dear life\nWon't look down, won't open my eyes\nKeep my glass full until morning light\n'Cause I'm just holding on for tonight\nHelp me, I'm holding on for dear life\nWon't look down, won't open my eyes\nKeep my glass full until morning light\n'Cause I'm just holding on for tonight\nOn for tonight\n[Outro]\nOn for tonight\n'Cause I'm just holding on for tonight\nOh, I'm just holding on for tonight\nOn for tonight, on for tonight\n'Cause I'm just holding on for tonight\n'Cause I'm just holding on for tonight\nOh, I'm just holding on for tonight\nOn for tonight, on for tonight"
}