{
 "_type": "song",
 "annotation_count": 19,
 "api_path": "/songs/406511",
 "full_title": "Black Widow by\u00a0Iggy\u00a0Azalea (Ft.\u00a0Rita\u00a0Ora)",
 "header_image_thumbnail_url": "https://images.genius.com/610ee46200e31103db8c40759f5e4abb.300x300x1.png",
 "header_image_url": "https://images.genius.com/610ee46200e31103db8c40759f5e4abb.1000x1000x1.png",
 "id": 406511,
 "instrumental": false,
 "lyrics_owner_id": 653640,
 "lyrics_state": "complete",
 "lyrics_updated_at": 1613493271,
 "path": "/Iggy-azalea-black-widow-lyrics",
 "pyongs_count": 299,
 "song_art_image_thumbnail_url": "https://images.genius.com/610ee46200e31103db8c40759f5e4abb.300x300x1.png",
 "song_art_image_url": "https://images.genius.com/610ee46200e31103db8c40759f5e4abb.1000x1000x1.png",
 "song_art_primary_color": null,
 "song_art_secondary_color": null,
 "song_art_text_color": null,
 "stats": {
  "unreviewed_annotations": 1,
  "hot": false,
  "pageviews": 404568
 },
 "title": "Black Widow",
 "title_with_featured": "Black Widow (Ft.\u00a0Rita\u00a0Ora)",
 "updated_by_human_at": 1613493271,
 "url": "https://genius.com/Iggy-azalea-black-widow-lyrics",
 "primary_artist": {
  "_type": "artist",
  "api_path": "/artists/14598",
  "header_image_url": "https://images.genius.com/78d6df094340b5c55918e30b6c8add70.1000x1000x1.jpg",
  "id": 14598,
  "image_url": "https://images.genius.com/ec0f7bf6ec877c20bb0f1701c6c2b7d5.1000x1000x1.jpg",
  "index_character": "i",
  "is_meme_verified": true,
  "is_verified": true,
  "name": "Iggy Azalea",
  "slug": "Iggy-azalea",
  "url": "https://genius.com/artists/Iggy-azalea",
  "iq": 100
 },
 "artist": "Iggy Azalea",
 "lyrics": "[Chorus: Rita Ora]\nI'm gonna love ya until you hate me\nAnd I'm gonna show ya what's really crazy\nYou should've known better than to mess with me harder\nI'm gonna love ya, I'm gonna love ya, gonna love ya, gonna love ya\nLike a black widow, baby\n\n[Verse 1: Iggy Azalea]\nThis twisted cat and mouse game always starts the same\nFirst we're both down to play, then somehow you go astray\nWe went from nothing to something, liking to loving\nIt was us against the world, and now we just fucking?\nIt's like I loved you so much, and now I just hate you\nFeeling stupid for all the time that I gave you\nI wanted all or nothing for us, ain't no place in between\nMight, might be me believing what you say that you'll never mean\nLike it'll last forever, but now forever ain't as long\nIf it wasn't for you, I wouldn't be stuck singing this song\nYou were different from my last, but now you got 'em mirrored\nAnd as it all plays out, I see it couldn't be clearer\nNow sing\n[Pre-Chorus: Rita Ora & (Iggy Azalea)]\nYou used to be thirsty for me\nBut now you wanna be set free\nThis is the web, web that you weave\nSo baby now rest in peace (It's all over with now)\n[Chorus: Rita Ora & (Iggy Azalea)]\nI'm gonna love ya until you hate me (Right)\nAnd I'm gonna show ya (Show 'em what, show 'em what?)\nWhat's really crazy\nYou should've known better than to mess with me harder (It's all over with now)\nI'm gonna love ya, I'm gonna love ya, gonna love ya, gonna love ya\nLike a black widow, baby\n(Black, black widow, baby)\n\n[Verse 2: Iggy Azalea]\nI'm gonna l-l-l-love you until it hurts\nJust to get you, I'm doing whatever works\nYou ain't never met nobody that will do ya how I do ya\nThat'll bring you to your knees, praise Jesus, hallelujah\nI'ma make you beg for it, plead for it\n'Til you feel like you breathe for it\n'Til you'll do any and everything for it\nI want you to fiend for it, wake up and dream for it\n'Til it's got you gasping for air and you lean forward\n'Til they have a CAT scan to check on your mind\nAnd it's nothing but me, on it (On it, on it)\nNow it's me time, believe that\nIf it's yours and you want it, I want it, promise I need that\n'Till I'm everywhere that you be at, I can't fall back or quit\n'Cause this here is fatal attraction, so I take it all or I don't want shhh\n[Pre-Chorus: Rita Ora & (Iggy Azalea)]\nYou used to be thirsty for me (Right)\nBut now you wanna be set free\nThis is the web, web that you weave\nSo baby now rest in peace (It's all over with now)\n[Chorus: Rita Ora & (Iggy Azalea)]\nI'm gonna love ya until you hate me (Right)\nAnd I'm gonna show ya (Show 'em what, show 'em what?)\nWhat's really crazy\nYou should've known better than to mess with me harder\nI'm gonna love ya, I'm gonna love ya, gonna love ya, gonna love ya\nLike a black widow, baby\n[Outro: Rita Ora]\nBlack, black, black, black widow, baby"
}