{
 "_type": "song",
 "annotation_count": 20,
 "api_path": "/songs/486355",
 "full_title": "Bang Bang by\u00a0Jessie\u00a0J, Ariana Grande & Nicki Minaj",
 "header_image_thumbnail_url": "https://images.genius.com/d11f6961076bf4003aeb5bab2556a7a6.300x300x1.jpg",
 "header_image_url": "https://images.genius.com/d11f6961076bf4003aeb5bab2556a7a6.1000x1000x1.jpg",
 "id": 486355,
 "instrumental": false,
 "lyrics_owner_id": 672397,
 "lyrics_state": "complete",
 "lyrics_updated_at": 1606415454,
 "path": "/Jessie-j-ariana-grande-and-nicki-minaj-bang-bang-lyrics",
 "pyongs_count": 715,
 "song_art_image_thumbnail_url": "https://images.genius.com/0a12c97452da305c176cdd701cf2b7f9.300x300x1.jpg",
 "song_art_image_url": "https://images.genius.com/0a12c97452da305c176cdd701cf2b7f9.1000x1000x1.jpg",
 "song_art_primary_color": null,
 "song_art_secondary_color": null,
 "song_art_text_color": null,
 "stats": {
  "unreviewed_annotations": 0,
  "hot": false,
  "pageviews": 1204195
 },
 "title": "Bang Bang",
 "title_with_featured": "Bang Bang",
 "updated_by_human_at": 1615053200,
 "url": "https://genius.com/Jessie-j-ariana-grande-and-nicki-minaj-bang-bang-lyrics",
 "primary_artist": {
  "_type": "artist",
  "api_path": "/artists/1212411",
  "header_image_url": "https://images.genius.com/5c93d01b783cd0a3772658036e1034ba.600x600x1.jpg",
  "id": 1212411,
  "image_url": "https://images.genius.com/5c93d01b783cd0a3772658036e1034ba.600x600x1.jpg",
  "index_character": "j",
  "is_meme_verified": false,
  "is_verified": false,
  "name": "Jessie J, Ariana Grande & Nicki Minaj",
  "slug": "Jessie-j-ariana-grande-and-nicki-minaj",
  "url": "https://genius.com/artists/Jessie-j-ariana-grande-and-nicki-minaj"
 },
 "artist": "Jessie J, Ariana Grande & Nicki Minaj",
 "lyrics": "[Verse 1: Jessie J]\nShe got a body like an hourglass\nBut I can give it to you all the time\nShe got a booty like a Cadillac\nBut I can send you into overdrive, oh\nYou've been waiting for that\nStep on up, swing your bat\n\n[Refrain: Jessie J & Ariana Grande]\nSee, anybody could be bad to you\nYou need a good girl to blow your mind, yeah\n\n[Chorus: Jessie J]\nBang bang into the room (I know you want it)\nBang bang all over you (I\u2019ll let you have it)\nWait a minute, let me take you there (Oh)\nWait a minute 'til you (Oh, hey!)\nBang bang there goes your heart (I know you want it)\nBack, back seat of my car (I\u2019ll let you have it)\nWait a minute, let me take you there (Oh)\nWait a minute 'til you (Oh, hey!)\n[Verse 2: Ariana Grande]\nShe might'a let you hold her hand in school\nBut I'ma show you how to graduate (Mm-hmm)\nNo, I don't need to hear you talk the talk\nJust come and show me what your momma gave ya, baby\nI heard you've got a very big (Shhh)\nMouth but don\u2019t say a thing\n[Refrain: Ariana Grande & Jessie J]\nSee, anybody could be good to you\nYou need a bad girl to blow your mind\n\n[Chorus: Jessie J & Ariana Grande]\nBang bang into the room (I know you want it)\nBang bang all over you (I\u2019ll let you have it)\nWait a minute, let me take you there (Oh)\nWait a minute 'til you (Oh, hey!)\nBang bang there goes your heart (There goes) (I know you want it)\nBack, back seat of my car (Seat of my car) (I\u2019ll let you have it)\nWait a minute, let me take you there (Oh)\nWait a minute 'til you (Oh, hey!)\n\n[Pre-Verse: Nicki Minaj]\nYou know what, girls?\nLet me show you how to do it\n\n[Verse 3: Nicki Minaj (Ariana Grande)]\nIt\u2019s Myx moscato, it\u2019s frizz in a bottle, it\u2019s Nicki Full Throttle, it\u2019s oh, uh\nSwimming in The Grotto, we winning in the lotto, we dipping in the Powder Blue four-door\nKitten so good, it's dripping on wood, get a ride in the engine that could go\nBatman, robbin' it, bang bang, cockin' it, Queen Nicki dominant, prominent\nIt's me, Jessie, and Ari, if they test me, they sorry\nRide his uh like a Harley then pull off in his Ferrari\nIf he hangin' we bangin', phone rangin', he slangin'\nIt ain't karaoke night but get the mic \u2018cause I'm singin'\nUh, B to the A to the N to the G to the, uh (Baby, baby, baby, bae, ba\u2014baby)\nB to the A to the N to the G to the, hey\n[Refrain: Jessie J]\nSee, anybody could be good to you\nYou need a bad girl to blow your mind, your mind (Okay)\nHey\n\n[Chorus (Extended): Jessie J, Ariana Grande & Nicki Minaj]\nBang bang into the room (Oh) (I know you want it)\nBang bang all over you (I\u2019ll let you have it) (Bang bang bang bang)\nWait a minute, let me take you there (Oh)\nWait a minute 'til you (Oh, yeah!) (Kyuh, uh-huh)\nBang bang there goes your heart (There goes your heart) (I know you want it)\nBack, back seat of my car (I\u2019ll let you have it)\nWait a minute, let me take you there (Let me take you there)\nWait a minute 'til you (Oh, hey!)\nBang bang into the room (I know you want it)\nBang bang all over you (I\u2019ll let you have it), yo, I said\nBang, bang, bang, ba\u2014bang, bang\nBang, bang, bang, bang, ba\u2014bang, bang\nBang bang there goes your heart (I know you want it)\nBack, back seat of my car (I\u2019ll let you have it)\nWait a minute, let me take you there (Oh)\nWait a minute 'til you (Oh, hey!)"
}