{
 "_type": "song",
 "annotation_count": 9,
 "api_path": "/songs/133531",
 "full_title": "Latch by\u00a0Disclosure (Ft.\u00a0Sam\u00a0Smith)",
 "header_image_thumbnail_url": "https://images.genius.com/5748c6c1462e178923e18ae91a37f0ff.300x300x1.jpg",
 "header_image_url": "https://images.genius.com/5748c6c1462e178923e18ae91a37f0ff.1000x1000x1.jpg",
 "id": 133531,
 "instrumental": false,
 "lyrics_owner_id": 202762,
 "lyrics_state": "complete",
 "lyrics_updated_at": 1616798229,
 "path": "/Disclosure-latch-lyrics",
 "pyongs_count": 425,
 "song_art_image_thumbnail_url": "https://images.rapgenius.com/79a3f7afbb8ab5234a3fa7714609b72d.300x300x1.jpg",
 "song_art_image_url": "https://images.rapgenius.com/79a3f7afbb8ab5234a3fa7714609b72d.960x960x1.jpg",
 "song_art_primary_color": null,
 "song_art_secondary_color": null,
 "song_art_text_color": null,
 "stats": {
  "unreviewed_annotations": 0,
  "hot": false,
  "pageviews": 495748
 },
 "title": "Latch",
 "title_with_featured": "Latch (Ft.\u00a0Sam\u00a0Smith)",
 "updated_by_human_at": 1616798229,
 "url": "https://genius.com/Disclosure-latch-lyrics",
 "primary_artist": {
  "_type": "artist",
  "api_path": "/artists/43384",
  "header_image_url": "https://images.genius.com/6c94b2f1ba877ba0048f5d9e832f9908.1000x293x1.jpg",
  "id": 43384,
  "image_url": "https://images.genius.com/c96c69285e110956f5a06d4ba8a2b1df.1000x1000x1.jpg",
  "index_character": "d",
  "is_meme_verified": false,
  "is_verified": false,
  "name": "Disclosure",
  "slug": "Disclosure",
  "url": "https://genius.com/artists/Disclosure"
 },
 "artist": "Disclosure",
 "lyrics": "[Intro: Jenna G]\n'Nother\n'Nother\n'Nother\n\n[Verse 1: Sam Smith]\nYou lift my heart up when the rest of me is down\nYou, you enchant me even when you're not around\nIf there are boundaries, I will try to knock them down\nI'm latching on, babe, now I know what I have found\n\n[Pre-Chorus: Sam Smith]\nI feel we're close enough\nI wanna lock in your love\nI think we're close enough\nCould I lock in your love, baby?\n\n[Chorus: Sam Smith]\nNow I've got you in my space\nI won't let go of you\nGot you shackled in my embrace\nI'm latching on to you\nNow I've got you in my space\nI won't let go of you\nGot you shackled in my embrace\nI'm latching on to you\n[Verse 2: Sam Smith]\nI'm so encaptured, got me wrapped up in your touch\nFeel so enamoured, hold me tight within your clutch\nHow do you do it? You got me losing every breath\nWhat did you give me to make my heart beat out my chest?\n\n[Pre-Chorus: Sam Smith]\nI feel we're close enough\nI wanna lock in your love\nI think we're close enough\nCould I lock in your love, baby?\nI feel we're close enough\nI wanna lock in your love\nI think we're close enough\nCould I lock in your love, baby?\n\n[Chorus: Sam Smith]\nNow I've got you in my space\nI won't let go of you\nGot you shackled in my embrace\nI'm latching on to you\nNow I've got you in my space\nI won't let go of you\nGot you shackled in my embrace\nI'm latching on to you\n[Outro: Sam Smith]\nI'm latching on to you\nI won't let go of you\nI'm latching on to you\nI won't let go of you\nI won't let go, I won't let go\nI won't let go, I won't let go"
}