{
 "_type": "song",
 "annotation_count": 10,
 "api_path": "/songs/452357",
 "full_title": "Maps by\u00a0Maroon\u00a05",
 "header_image_thumbnail_url": "https://images.rapgenius.com/db3fab20f7df45e43dde3603a098ed5e.300x157x1.png",
 "header_image_url": "https://images.rapgenius.com/db3fab20f7df45e43dde3603a098ed5e.1000x524x1.png",
 "id": 452357,
 "instrumental": false,
 "lyrics_owner_id": 1448826,
 "lyrics_state": "complete",
 "lyrics_updated_at": 1616221511,
 "path": "/Maroon-5-maps-lyrics",
 "pyongs_count": 177,
 "song_art_image_thumbnail_url": "https://images.genius.com/03b38272668b9af329487bf490857bef.300x300x1.jpg",
 "song_art_image_url": "https://images.genius.com/03b38272668b9af329487bf490857bef.1000x1000x1.jpg",
 "song_art_primary_color": null,
 "song_art_secondary_color": null,
 "song_art_text_color": null,
 "stats": {
  "unreviewed_annotations": 0,
  "hot": false,
  "pageviews": 445180
 },
 "title": "Maps",
 "title_with_featured": "Maps",
 "updated_by_human_at": 1616221511,
 "url": "https://genius.com/Maroon-5-maps-lyrics",
 "primary_artist": {
  "_type": "artist",
  "api_path": "/artists/13539",
  "header_image_url": "https://images.genius.com/dd99997ae884d898f17ca4f6e648bc22.1000x333x1.jpg",
  "id": 13539,
  "image_url": "https://images.genius.com/6780ce1add3af75c73929a8f6630e099.900x900x1.jpg",
  "index_character": "m",
  "is_meme_verified": false,
  "is_verified": false,
  "name": "Maroon 5",
  "slug": "Maroon-5",
  "url": "https://genius.com/artists/Maroon-5"
 },
 "artist": "Maroon 5",
 "lyrics": "[Verse 1]\nI miss the taste of a sweeter life\nI miss the conversation\nI'm searching for a song tonight\nI'm changing all of the stations\nI like to think that we had it all\nWe drew a map to a better place\nBut on that road I took a fall\nOh, baby, why did you run away?\n\n[Pre-Chorus]\nI was there for you\nIn your darkest times\nI was there for you\nIn your darkest night\n\n[Chorus]\nBut I wonder, where were you?\nWhen I was at my worst\nDown on my knees\nAnd you said you had my back\nSo I wonder, where were you?\nAll the roads you took came back to me\nSo I'm following the map that leads to you\n\n[Post-Chorus]\nThe map that leads to you\nAin't nothing I can do\nThe map that leads to you\nFollowing, following, following to you\nThe map that leads to you\nAin't nothing I can do\nThe map that leads to you\nFollowing, following, following\n[Verse 2]\nI hear your voice in my sleep at night\nHard to resist temptation\n'Cause something strange has come over me\nNow, I can't get over you\nNo, I just can't get over you, ooh\n\n[Pre-Chorus]\nI was there for you\nIn your darkest times\nI was there for you\nIn your darkest night\n\n[Chorus]\nBut I wonder, where were you?\nWhen I was at my worst\nDown on my knees\nAnd you said you had my back\nSo I wonder, where were you?\nAll the roads you took came back to me\nSo I'm following the map that leads to you\n\n[Post-Chorus]\nThe map that leads to you\nAin't nothing I can do\nThe map that leads to you\nFollowing, following, following to you\nThe map that leads to you\nAin't nothing I can do\nThe map that leads to you\n[Bridge]\nOh, oh, oh, ah\nOoh, oh, oh, ah\nYeah, yeah, yeah, ah\nAha, ah, mmm, ah\nOh, I was there for you\nOh, in your darkest times\nOh, I was there for you\nOh, in your darkest night\nOh, I was there for you\nOh, in your darkest times\nOh, I was there for you\nOh, in your darkest night\n\n[Chorus]\nBut I wonder, where were you?\nWhen I was at my worst\nDown on my knees\nAnd you said you had my back\nSo I wonder, where were you?\nAll the roads you took came back to me\nSo I'm following the map that leads to you\nThe map that leads to you\nAin't nothing I can do\nThe map that leads to you\nFollowing, following, following to you\nThe map that leads to you\nAin't nothing I can do\nThe map that leads to you\nFollowing, following, following"
}