{
 "_type": "song",
 "annotation_count": 12,
 "api_path": "/songs/200930",
 "full_title": "All of Me by\u00a0John\u00a0Legend",
 "header_image_thumbnail_url": "https://images.genius.com/89b0beebc77975d451815aff2bb3d19e.300x300x1.jpg",
 "header_image_url": "https://images.genius.com/89b0beebc77975d451815aff2bb3d19e.1000x1000x1.jpg",
 "id": 200930,
 "instrumental": false,
 "lyrics_owner_id": 158562,
 "lyrics_state": "complete",
 "lyrics_updated_at": 1581165725,
 "path": "/John-legend-all-of-me-lyrics",
 "pyongs_count": 850,
 "song_art_image_thumbnail_url": "https://images.genius.com/2f27bd5a55449e2b1457a88f277d912b.300x300x1.jpg",
 "song_art_image_url": "https://images.genius.com/2f27bd5a55449e2b1457a88f277d912b.1000x1000x1.jpg",
 "song_art_primary_color": null,
 "song_art_secondary_color": null,
 "song_art_text_color": null,
 "stats": {
  "unreviewed_annotations": 0,
  "concurrents": 7,
  "hot": false,
  "pageviews": 3623014
 },
 "title": "All of Me",
 "title_with_featured": "All of Me",
 "updated_by_human_at": 1607377432,
 "url": "https://genius.com/John-legend-all-of-me-lyrics",
 "primary_artist": {
  "_type": "artist",
  "api_path": "/artists/365",
  "header_image_url": "https://images.genius.com/837f5e4f267409baf519c082a3010b40.1000x333x1.jpg",
  "id": 365,
  "image_url": "https://images.genius.com/bd03e06628a565b7838715dfd78e346c.1000x1000x1.jpg",
  "index_character": "j",
  "is_meme_verified": true,
  "is_verified": true,
  "name": "John Legend",
  "slug": "John-legend",
  "url": "https://genius.com/artists/John-legend",
  "iq": 1891
 },
 "artist": "John Legend",
 "lyrics": "[Verse 1]\nWhat would I do without your smart mouth?\nDrawin' me in and you kickin' me out\nYou've got my head spinnin', no kiddin'\nI can't pin you down\nWhat's goin' on in that beautiful mind?\nI'm on your magical mystery ride\nAnd I'm so dizzy, don't know what hit me\nBut I'll be alright\n\n[Pre-Chorus]\nMy head's under water, but I'm breathing fine\nYou're crazy and I'm out of my mind\n\n[Chorus]\n'Cause all of me\nLoves all of you\nLove your curves and all your edges\nAll your perfect imperfections\nGive your all to me\nI'll give my all to you\nYou're my end and my beginnin'\nEven when I lose, I'm winnin'\n\n[Post-Chorus]\n'Cause I give you all of me\nAnd you give me all of you, oh-oh\n[Verse 2]\nHow many times do I have to tell you?\nEven when you're crying, you're beautiful too\nThe world is beating you down, I'm around\nThrough every mood\nYou're my downfall, you're my muse\nMy worst distraction, my rhythm and blues\nI can't stop singing, it's ringing\nIn my head for you\n\n[Pre-Chorus]\nMy head's under water, but I'm breathin' fine\nYou're crazy and I'm out of my mind\n\n[Chorus]\n'Cause all of me\nLoves all of you\nLove your curves and all your edges\nAll your perfect imperfections\nGive your all to me\nI'll give my all to you\nYou're my end and my beginnin'\nEven when I lose, I'm winnin'\n\n[Post-Chorus]\n'Cause I give you all of me\nAnd you give me all of you, oh-oh\n[Bridge]\nGive me all of you, oh\nCards on the table, we're both showing hearts\nRisking it all, though it's hard\n\n[Chorus]\n'Cause all of me\nLoves all of you\nLove your curves and all your edges\nAll your perfect imperfections\nGive your all to me\nI'll give my all to you\nYou're my end and my beginnin'\nEven when I lose, I'm winnin'\n\n[Post-Chorus]\n'Cause I give you all of me\nAnd you give me all of you\n\n[Outro]\nI give you all of me\nAnd you give me all of you, oh-oh"
}