{
 "_type": "song",
 "annotation_count": 5,
 "api_path": "/songs/284825",
 "full_title": "Best Day of My Life by\u00a0American\u00a0Authors",
 "header_image_thumbnail_url": "https://images.genius.com/4a8752b50aaaf5aad85028c2aee799e8.300x169x1.jpg",
 "header_image_url": "https://images.genius.com/4a8752b50aaaf5aad85028c2aee799e8.1000x563x1.jpg",
 "id": 284825,
 "instrumental": false,
 "lyrics_owner_id": 70148,
 "lyrics_state": "complete",
 "lyrics_updated_at": 1614278091,
 "path": "/American-authors-best-day-of-my-life-lyrics",
 "pyongs_count": 71,
 "song_art_image_thumbnail_url": "https://images.genius.com/1f659c937b15c95fc91366674393e366.300x300x1.jpg",
 "song_art_image_url": "https://images.genius.com/1f659c937b15c95fc91366674393e366.300x300x1.jpg",
 "song_art_primary_color": null,
 "song_art_secondary_color": null,
 "song_art_text_color": null,
 "stats": {
  "unreviewed_annotations": 3,
  "hot": false,
  "pageviews": 95108
 },
 "title": "Best Day of My Life",
 "title_with_featured": "Best Day of My Life",
 "updated_by_human_at": 1614278091,
 "url": "https://genius.com/American-authors-best-day-of-my-life-lyrics",
 "primary_artist": {
  "_type": "artist",
  "api_path": "/artists/103034",
  "header_image_url": "https://images.genius.com/8e1f119aa6031def91f9f798b4cdc1ad.1000x459x1.jpg",
  "id": 103034,
  "image_url": "https://images.genius.com/1488809327f1d831b1026c829043be56.1000x1000x1.jpg",
  "index_character": "a",
  "is_meme_verified": false,
  "is_verified": false,
  "name": "American Authors",
  "slug": "American-authors",
  "url": "https://genius.com/artists/American-authors"
 },
 "artist": "American Authors",
 "lyrics": "[Verse 1]\nI had a dream so big and loud\nI jumped so high, I touched the clouds\n(Wo-o-o-o-o-o-oh, wo-o-o-o-o-o-oh)\nI stretched my hands out to the sky\nWe danced with monsters through the night\n(Wo-o-o-o-o-o-oh, wo-o-o-o-o-o-oh)\n\n[Pre-Chorus]\nI'm never gonna look back, whoa\nI'm never gonna give it up, no\nPlease don't wake me now\n\n[Chorus]\nThis is gonna be the best day of my life\nMy li-i-i-i-i-i-ife\nThis is gonna be the best day of my life\nMy li-i-i-i-i-i-ife\n\n[Verse 2]\nI howled at the moon with friends\nAnd then the sun came crashing in\n(Wo-o-o-o-o-o-oh, wo-o-o-o-o-o-oh)\nBut all the possibilities\nNo limits, just epiphanies\n(Wo-o-o-o-o-o-oh, wo-o-o-o-o-o-oh)\n[Pre-Chorus]\nI'm never gonna look back, whoa\nI'm never gonna give it up, no\nJust don't wake me now\n\n[Chorus]\nThis is gonna be the best day of my life\nMy li-i-i-i-i-i-ife\nThis is gonna be the best day of my life\nMy li-i-i-i-i-i-ife\n\n[Bridge]\nI hear it calling outside my window\nI feel it in my soul (soul)\nThe stars were burning so bright\nThe sun was out 'til midnight\nI say we lose control (control)\n(Wo-o-o-o-o-o-oh)\n\n[Chorus]\nThis is gonna be the best day of my life\nMy li-i-i-i-i-i-ife\nThis is gonna be the best day of my life\nMy li-i-i-i-i-i-ife\n\n[Chorus]\nThis is gonna be the best day of my life\nMy li-i-i-i-i-i-ife\nThis is gonna be the best day of my life\nMy li-i-i-i-i-i-ife\n[Outro]\nThis is gonna be, this is gonna be\nThis is gonna be the best day of my life\nEverything is lookin' up\nEverybody up now!\n\nThis is gonna be the best day of my life\nMy li-i-i-i-i-i-ife"
}