{
 "_type": "song",
 "annotation_count": 8,
 "api_path": "/songs/382949",
 "full_title": "Habits (Stay High) by\u00a0Tove\u00a0Lo",
 "header_image_thumbnail_url": "https://images.genius.com/7ec8582add1643bc7ac3355938287a71.300x300x1.jpg",
 "header_image_url": "https://images.genius.com/7ec8582add1643bc7ac3355938287a71.1000x1000x1.jpg",
 "id": 382949,
 "instrumental": false,
 "lyrics_owner_id": 104344,
 "lyrics_state": "complete",
 "lyrics_updated_at": 1606625921,
 "path": "/Tove-lo-habits-stay-high-lyrics",
 "pyongs_count": 281,
 "song_art_image_thumbnail_url": "https://images.genius.com/40e373a052e511979b25dbd5b1c032f2.300x300x1.png",
 "song_art_image_url": "https://images.genius.com/40e373a052e511979b25dbd5b1c032f2.1000x1000x1.png",
 "song_art_primary_color": null,
 "song_art_secondary_color": null,
 "song_art_text_color": null,
 "stats": {
  "unreviewed_annotations": 2,
  "hot": false,
  "pageviews": 1049867
 },
 "title": "Habits (Stay High)",
 "title_with_featured": "Habits (Stay High)",
 "updated_by_human_at": 1613110680,
 "url": "https://genius.com/Tove-lo-habits-stay-high-lyrics",
 "primary_artist": {
  "_type": "artist",
  "api_path": "/artists/127642",
  "header_image_url": "https://images.genius.com/3863d1b3f6b926b37e85293e3ec404d0.1000x747x1.jpg",
  "id": 127642,
  "image_url": "https://images.genius.com/4b0402655198b2f963ea58883034861e.1000x1000x1.jpg",
  "index_character": "t",
  "is_meme_verified": false,
  "is_verified": true,
  "name": "Tove Lo",
  "slug": "Tove-lo",
  "url": "https://genius.com/artists/Tove-lo",
  "iq": 1524
 },
 "artist": "Tove Lo",
 "lyrics": "[Intro]\nOh-oh, oh-oh, oh-oh\n\n[Verse 1]\nI eat my dinner in my bathtub, then I go to sex clubs\nWatchin' freaky people gettin' it on\nIt doesn't make me nervous if anything, I'm restless\nYeah, I've been around and I've seen it all\nI get home, I got the munchies, binge on all my Twinkies\nThrow up in the tub, then I go to sleep\nAnd I drank up all my money, dazed and kinda lonely\n\n[Chorus]\nYou're gone and I gotta stay high\nAll the time, to keep you off my mind\nOoh-ooh-ooh-ooh, ooh-ooh-ooh-ooh\nHigh, all the time, to keep you off my mind\nOoh-ooh-ooh-ooh, ooh-ooh-ooh-ooh\nSpend my days locked in a haze, tryna forget you, babe\nI fall back down (Back down)\nGotta stay high, all my life, to forget I'm missin' you\nOoh-ooh-ooh-ooh, ooh-ooh-ooh-ooh\n\n[Verse 2]\nPick up daddies at the playground, how I spend my day time\nLoosen up their frown, make 'em feel alive\nI make it fast and greasy, I'm numb and way too easy\n[Chorus]\nYou're gone and I gotta stay high\nAll the time, to keep you off my mind\nOoh-ooh-ooh-ooh, ooh-ooh-ooh-ooh\nHigh, all the time, to keep you off my mind\nOoh-ooh-ooh-ooh, ooh-ooh-ooh-ooh\nSpend my days locked in a haze, tryna forget you, babe\nI fall back down (Back down)\nGotta stay high, all my life, to forget I'm missin' you\nOoh-ooh-ooh-ooh, ooh-ooh-ooh-ooh\n\n[Bridge]\nStaying in my play pretend, where the fun ain't got no end\nOh, can't go home alone again, need someone to numb the pain\nOh, staying in my play pretend, where the fun ain't got no end\nOh, can't go home alone again, need someone to numb the pain\n\n[Chorus]\nYou're gone and I gotta stay high\nAll the time, to keep you off my mind\nOoh-ooh-ooh-ooh, ooh-ooh-ooh-ooh\nHigh, all the time, to keep you off my mind\nOoh-ooh-ooh-ooh, ooh-ooh-ooh-ooh\nSpend my days locked in a haze, tryna forget you, babe\nI fall back down (Back down)\nGotta stay high, all my life, to forget I'm missin' you\nOoh-ooh-ooh-ooh, ooh-ooh-ooh-ooh\n[Outro]\nOh-oh"
}