{
 "_type": "song",
 "annotation_count": 4,
 "api_path": "/songs/383318",
 "full_title": "Summer by\u00a0Calvin\u00a0Harris",
 "header_image_thumbnail_url": "https://images.genius.com/74dee4d460ddc2e8ac215872f3b5b167.300x300x1.jpg",
 "header_image_url": "https://images.genius.com/74dee4d460ddc2e8ac215872f3b5b167.1000x1000x1.jpg",
 "id": 383318,
 "instrumental": false,
 "lyrics_owner_id": 653618,
 "lyrics_state": "complete",
 "lyrics_updated_at": 1610180975,
 "path": "/Calvin-harris-summer-lyrics",
 "pyongs_count": 121,
 "song_art_image_thumbnail_url": "https://images.genius.com/1ab4d84cb79ab08aa9da5331e470117e.300x300x1.png",
 "song_art_image_url": "https://images.genius.com/1ab4d84cb79ab08aa9da5331e470117e.1000x1000x1.png",
 "song_art_primary_color": null,
 "song_art_secondary_color": null,
 "song_art_text_color": null,
 "stats": {
  "unreviewed_annotations": 0,
  "hot": false,
  "pageviews": 149632
 },
 "title": "Summer",
 "title_with_featured": "Summer",
 "updated_by_human_at": 1611703347,
 "url": "https://genius.com/Calvin-harris-summer-lyrics",
 "primary_artist": {
  "_type": "artist",
  "api_path": "/artists/2069",
  "header_image_url": "https://images.genius.com/7dd591bc0e15efdb391751cfd33170e5.820x312x1.png",
  "id": 2069,
  "image_url": "https://images.genius.com/5a4c19533211eca706c6abdef9f14586.960x960x1.jpg",
  "index_character": "c",
  "is_meme_verified": false,
  "is_verified": true,
  "name": "Calvin Harris",
  "slug": "Calvin-harris",
  "url": "https://genius.com/artists/Calvin-harris",
  "iq": 160
 },
 "artist": "Calvin Harris",
 "lyrics": "[Verse 1]\nWhen I met you in the summer\nTo my heartbeat's sound\nWe fell in love\nAs the leaves turned brown\nAnd we could be together, baby\nAs long as skies are blue\nYou act so innocent now\nBut you lied so soon\nWhen I met you in the summer\n\n[Instrumental Chorus]\n\n[Verse 2]\nWhen I met you in the summer (Summer)\nTo my heartbeat's sound (Yeah, yeah)\nWe fell in love (Love)\nAs the leaves turned brown (Yeah, yeah)\nAnd we could be together, baby\nAs long as skies are blue (Yeah, yeah)\nYou act so innocent now\nBut you lied so soon (Yeah, yeah)\nWhen I met you in the summer\nSummer\n\n[Instrumental Chorus]\n[Bridge]\nWhen I met you in the summer (Summer)\n(Yeah, yeah)\n(Love)\n(Yeah, yeah)\nSummer (Summer)\n(Yeah, yeah)\n(Love)\n(Yeah, yeah)\n\n[Instrumental Chorus]"
}