{
 "_type": "song",
 "annotation_count": 5,
 "api_path": "/songs/402853",
 "full_title": "Boom Clap by\u00a0Charli\u00a0XCX",
 "header_image_thumbnail_url": "https://images.genius.com/5fe34705c7af82886d5c883070b051bd.300x300x1.jpg",
 "header_image_url": "https://images.genius.com/5fe34705c7af82886d5c883070b051bd.1000x1000x1.jpg",
 "id": 402853,
 "instrumental": false,
 "lyrics_owner_id": 271096,
 "lyrics_state": "complete",
 "lyrics_updated_at": 1604598741,
 "path": "/Charli-xcx-boom-clap-lyrics",
 "pyongs_count": 123,
 "song_art_image_thumbnail_url": "https://images.genius.com/5019b0dab4f424812fc82f7d61fe7979.300x300x1.png",
 "song_art_image_url": "https://images.genius.com/5019b0dab4f424812fc82f7d61fe7979.1000x1000x1.png",
 "song_art_primary_color": null,
 "song_art_secondary_color": null,
 "song_art_text_color": null,
 "stats": {
  "unreviewed_annotations": 0,
  "hot": false,
  "pageviews": 170216
 },
 "title": "Boom Clap",
 "title_with_featured": "Boom Clap",
 "updated_by_human_at": 1604598741,
 "url": "https://genius.com/Charli-xcx-boom-clap-lyrics",
 "primary_artist": {
  "_type": "artist",
  "api_path": "/artists/45349",
  "header_image_url": "https://images.genius.com/f1189929f9aeb7b671d0bf3f13e36ef8.1000x563x1.jpg",
  "id": 45349,
  "image_url": "https://images.genius.com/3171964672c95a9b3493870ba84e9bd0.1000x1000x1.jpg",
  "index_character": "c",
  "is_meme_verified": true,
  "is_verified": true,
  "name": "Charli XCX",
  "slug": "Charli-xcx",
  "url": "https://genius.com/artists/Charli-xcx",
  "iq": 3950
 },
 "artist": "Charli XCX",
 "lyrics": "[Verse 1]\nYou're picture-perfect blue\nSunbathing under the moon\nStars shining as your bones illuminate\nFirst kiss just like a drug\nUnder your influence\nYou take me over, you're the magic in my veins\nThis must be love\n\n[Chorus]\nBoom clap, the sound of my heart\nThe beat goes on and on and on and on and\nBoom clap, you make me feel good\nCome on to me, come on to me now\nBoom clap, the sound of my heart\nThe beat goes on and on and on and on and\nBoom clap, you make me feel good\nCome on to me, come on to me now\n\n[Verse 2]\nNo silver or no gold\nCould dress me up so good\nYou're the glitter in the darkness of my world\nJust tell me what to do\nI'll fall right into you\nWe're going under cast the spell, just say the word\nI feel your love!\n[Chorus]\nBoom clap, the sound of my heart\nThe beat goes on and on and on and on and\nBoom clap, you make me feel good\nCome on to me, come on to me now\nBoom clap, the sound of my heart\nThe beat goes on and on and on and on and\nBoom clap, you make me feel good\nCome on to me, come on to me now\n\n[Bridge]\nYou are the light and I will follow\nYou let me lose my shadow\nYou are the sun, the glowing halo\nAnd you keep burning me up with all your love, oh\n\n[Chorus]\nBoom clap, the sound of my heart\nThe beat goes on and on and on and on and\nBoom clap, you make me feel good\nCome on to me, come on to me now\nBoom clap, the sound of my heart\nThe beat goes on and on and on and on and\nBoom clap, you make me feel good\nCome on to me, come on to me now\nBoom clap, the sound of my heart\nThe beat goes on and on and on and on and\nBoom clap, you make me feel good\nCome on to me, come on to me now\nBoom clap, the sound of my heart\nThe beat goes on and on and on and on and\nBoom clap, you make me feel good\nCome on to me, come on to me now"
}