{
 "_type": "song",
 "annotation_count": 26,
 "api_path": "/songs/299177",
 "full_title": "Drunk in Love by\u00a0Beyonc\u00e9 (Ft.\u00a0JAY-Z)",
 "header_image_thumbnail_url": "https://images.genius.com/bf490446bd0c8d3f65d02f1e66817228.300x300x1.jpg",
 "header_image_url": "https://images.genius.com/bf490446bd0c8d3f65d02f1e66817228.1000x1000x1.jpg",
 "id": 299177,
 "instrumental": false,
 "lyrics_owner_id": 149650,
 "lyrics_state": "complete",
 "lyrics_updated_at": 1607231467,
 "path": "/Beyonce-drunk-in-love-lyrics",
 "pyongs_count": 3227,
 "song_art_image_thumbnail_url": "https://images.genius.com/8b5bfe335567fc7673d46ccf72176b2c.300x300x1.png",
 "song_art_image_url": "https://images.genius.com/8b5bfe335567fc7673d46ccf72176b2c.800x800x1.png",
 "song_art_primary_color": null,
 "song_art_secondary_color": null,
 "song_art_text_color": null,
 "stats": {
  "unreviewed_annotations": 0,
  "concurrents": 3,
  "hot": false,
  "pageviews": 8132224
 },
 "title": "Drunk in Love",
 "title_with_featured": "Drunk in Love (Ft.\u00a0JAY-Z)",
 "updated_by_human_at": 1608501826,
 "url": "https://genius.com/Beyonce-drunk-in-love-lyrics",
 "primary_artist": {
  "_type": "artist",
  "api_path": "/artists/498",
  "header_image_url": "https://images.genius.com/757357d94ac77a4f6b5037b18bfcbe26.600x285x1.jpg",
  "id": 498,
  "image_url": "https://images.genius.com/1cb7ecd9471ac9814e14e6380db82e58.225x225x1.jpg",
  "index_character": "b",
  "is_meme_verified": false,
  "is_verified": false,
  "name": "Beyonc\u00e9",
  "slug": "Beyonce",
  "url": "https://genius.com/artists/Beyonce"
 },
 "artist": "Beyonc\u00e9",
 "lyrics": "[Verse 1: Beyonc\u00e9]\nI've been drinkin', I've been drinkin'\nI get filthy when that liquor get into me\nI've been thinkin', I've been thinkin'\nWhy can't I keep my fingers off it?\nBaby, I want you, now-now\nWhy can't I keep my fingers off you?\nBaby, I want you, na na\nCigars on ice, cigars on ice\nFeelin' like an animal with these cameras all in my grill\nFlashin' lights, flashin' lights\nYou got me faded, faded, faded\nBaby, I want you, na na\nCan't keep your eyes off my fatty\nDaddy, I want you, na na\nDrunk in love, I want you\n\n[Pre-Chorus: Beyonc\u00e9]\nWe woke up in the kitchen\nSaying, \"How the hell did this shit happen?\"\nOh, baby\nDrunk in love\nWe be all night\nLast thing I remember is our beautiful bodies\nGrindin' up in that club\nDrunk in love\n[Chorus: Beyonc\u00e9]\nWe be all night, love, love\nWe be all night, love, love\n\n[Verse 2: Beyonc\u00e9]\nWe be all night, and everything all right\nNo complaints from my body\nSo fluorescent under these lights\nBoy, I'm drinkin', park it in my lot, 7-11\nI'm rubbin' on it, rub-rubbin'\nIf you scared, call that reverend\nBoy, I'm drinkin', get my brain right\nArmand de Brignac, gangster wife\nLouis sheets, he sweat it out\nLike washrags, he wet it up\nBoy, I'm drinkin', I'm singin'\nOn the mic to my boy toys\nThen I fill the tub up halfway\nThen ride it with my surfboard\nSurfboard, surfboard\nGrainin' on that wood\nGrainin'-grainin' on that wood\nI'm swervin' on that, swervin'-swervin' on that\nBig body been servin' all this\nSwerve, surfin' all in this good-good\nHahaha!\n[Pre-Chorus: Beyonc\u00e9]\nWe woke up in the kitchen\nSaying, \"How the hell did this shit happen?\"\nOh, baby\nDrunk in love\nWe be all night\nLast thing I remember is our beautiful bodies\nGrindin' up in that club\nDrunk in love\n\n[Chorus: Beyonc\u00e9 & JAY-Z]\nWe be all night, love, love\nWe be all night, love, love\nI'm nice right now\u2026 Hold up!\n\n[Verse 3: JAY-Z]\nThat D'USS\u00c9 is the shit, if I do say so myself\nIf I do say so myself, if I do say so myself\nHold up, stumble all in the house\nTime to back up all of that mouth\nThat you had all in the car\nTalkin' 'bout you the baddest bitch thus far\nTalkin' 'bout you be reppin' that Third\nI wanna see all that shit that I heard\nKnow I sling Clint Eastwood\nHope you can handle this curve, uh\nForeplay in a foyer, fucked up my Warhol\nSlid the panties right to the side\nAin't got the time to take drawers off\nOn sight, catch a charge I might\nBeat the box up, like Mike in '97, I bite\nI'm Ike Turner, turn up, baby, no, I don't play\n\"Now eat the cake, Anna Mae!\"\nSaid, \"Eat the cake, Anna Mae!\"\nI'm nice, for y'all to reach these heights\nYou gon' need G3, 4, 5, 6 flights\nSleep tight, we sex again in the morning\nYour breasteses is my breakfast\nWe goin' in, we be all night\n[Chorus: Beyonc\u00e9]\nWe be all night, love, love\nWe be all night, love, love\n\n[Bridge: Beyonc\u00e9]\nI'm never tired, never tired\nI been sippin', that's the only thing\nThat's keepin' me on fire, we on fire\nDidn't mean to spill that liquor all on my attire\nI've been drinkin', watermelon\nI want your body right here\nDaddy, I want you, right now\nCan't keep your eyes off my fatty\nDaddy, I want you\n\n[Chorus: Beyonc\u00e9]\nWe be all night, love, love\nWe be all night, love, love\n[Produced by Noah \u201cDetail\u201d Fisher, Beyonc\u00e9 Knowles, Timbaland, Jerome Harmon, BOOTS and Andre Proctor]"
}