{
 "_type": "song",
 "annotation_count": 25,
 "api_path": "/songs/483960",
 "full_title": "Anaconda by\u00a0Nicki\u00a0Minaj",
 "header_image_thumbnail_url": "https://images.genius.com/2116140377c7501b0627d286f98e38e1.300x169x1.png",
 "header_image_url": "https://images.genius.com/2116140377c7501b0627d286f98e38e1.970x546x1.png",
 "id": 483960,
 "instrumental": false,
 "lyrics_owner_id": 40514,
 "lyrics_state": "complete",
 "lyrics_updated_at": 1610974547,
 "path": "/Nicki-minaj-anaconda-lyrics",
 "pyongs_count": 890,
 "song_art_image_thumbnail_url": "https://images.genius.com/f2858c11b649fa456fa303c3dff189e7.300x300x1.jpg",
 "song_art_image_url": "https://images.genius.com/f2858c11b649fa456fa303c3dff189e7.1000x1000x1.jpg",
 "song_art_primary_color": null,
 "song_art_secondary_color": null,
 "song_art_text_color": null,
 "stats": {
  "unreviewed_annotations": 0,
  "concurrents": 3,
  "hot": false,
  "pageviews": 1671410
 },
 "title": "Anaconda",
 "title_with_featured": "Anaconda",
 "updated_by_human_at": 1616734624,
 "url": "https://genius.com/Nicki-minaj-anaconda-lyrics",
 "primary_artist": {
  "_type": "artist",
  "api_path": "/artists/92",
  "header_image_url": "https://images.genius.com/ab2a85c825e8e602ff228a210a218473.913x498x1.png",
  "id": 92,
  "image_url": "https://images.genius.com/be1eda80c5e637a4f1450fa68408f3a2.1000x1000x1.jpg",
  "index_character": "n",
  "is_meme_verified": true,
  "is_verified": true,
  "name": "Nicki Minaj",
  "slug": "Nicki-minaj",
  "url": "https://genius.com/artists/Nicki-minaj",
  "iq": 3385
 },
 "artist": "Nicki Minaj",
 "lyrics": "[Intro: Sir Mix-a-Lot]\nMy anaconda don't, my anaconda don't\nMy anaconda don't want none unless you got buns, hun\n\n[Verse 1: Nicki Minaj]\nBoy toy named Troy used to live in Detroit\nBi-big dope dealer money, he was gettin' some coins\nWas in shootouts with the law, but he live in a palace\nBo-bought me Alexander McQueen, he was keeping me stylish\nNow that's real, real, real\nGun in my purse, bitch, I came dressed to kill\nWho wanna go first? I had them pushing daffodils\nI'm high as hell, I only took a half a pill\nI'm on some dumb shit, by the way, what he say?\nHe can tell I ain't missing no meals\nCome through and fuck him in my automobile\nLet him eat it with his grills and he tellin' me to chill\nAnd he telling me it's real, that he love my sex appeal\nSay he don't like 'em boney, he want something he can grab\nSo I pulled up in the Jag, and I hit him with the jab like\nDun-d-d-dun-dun-d-d-dun-dun\n\n[Pre-Chorus: Sir Mix-a-Lot]\nMy anaconda don't, my anaconda don't\nMy anaconda don't want none unless you got buns, hun\n[Chorus: Nicki Minaj]\nOh my gosh, look at her butt\nOh my gosh, look at her butt (I-ohhaha)\nOh my gosh, look at her butt\n(Look at her butt)\nLook at, look at, look at\nLook at her butt\n\n[Verse 2: Nicki Minaj]\nThi-this dude named Michael used to ride motorcycles\nDi-dick bigger than a tower, I ain't talking about Eiffel's\nReal country-ass nigga, let me play with his rifle\nPussy put his ass to sleep, now he calling me NyQuil\nNow that bang, bang, bang\nI let him hit it 'cause he slang cocaine\nHe toss my salad like his name Romaine\nAnd when we done, I make him buy me Balmain\nI'm on some dumb shit, by the way, what he say?\nHe can tell I ain't missing no meals\nCome through and fuck him in my automobile\nLet him eat it with his grills, and he telling me to chill\nAnd he telling me it's real, that he love my sex appeal\nHe say he don't like 'em boney, he want something he can grab\nSo I pulled up in the Jag, Mayweather with the jab like\nDun-d-d-dun-dun-d-d-dun-dun...\n[Pre-Chorus: Sir Mix-a-Lot]\nMy anaconda don't, my anaconda don't\nMy anaconda don't want none unless you got buns, hun\n\n[Chorus: Nicki Minaj]\nOh my gosh, look at her butt\nOh my gosh, look at her butt (I-ohhaha)\nOh my gosh, look at her butt\n(Look at her butt)\nLook at, look at, look at\nLook at her butt\n\n[Breakdown: Sir Mix-a-Lot]\nLittle in the middle but she got much back\nLittle in the middle but she got much back\nLittle in the middle but she got much back\n(Oh my God, look at my butt)\n\n[Pre-Chorus: Sir Mix-a-Lot]\nMy anaconda don't, my anaconda don't\nMy anaconda don't want none unless you got buns, hun\n(Do-don't) My anaconda don't (Don't)\n(Do-don't) want none unless you got buns, hun\n\n[Chorus: Nicki Minaj]\nOh my gosh, look at her butt\n(Little in the middle but she got much back)\nOh my gosh, look at her butt\n(Little in the middle but she got much back)\nOh my gosh, look at her butt\n(Little in the middle but she got much back)\n(Look at her butt)\nLook at, look at, look at\nLook at her butt\n[Outro: Nicki Minaj]\nYeah, he love this fat ass, hahahahahahahaha!\nYeah! This one is for my bitches with a fat ass in the fucking club\nI said, where my fat ass big bitches in the club?\nFuck those skinny bitches\nFuck those skinny bitches in the club\nI wanna see all the big fat-ass bitches in the muthafuckin' club\nFuck you if you skinny, bitches, what?! Kyuh\nHahahaha RRRRRR (Kyuh)\nYeah, I got a big fat ass (Ass, ass, ass, ass) (Kyuh!)\nCome on!\nHey\nHey\nHey"
}