{
 "_type": "song",
 "annotation_count": 0,
 "api_path": "/songs/3062380",
 "full_title": "Break Free (Zedd\u2019s Extended Mix) by\u00a0Ariana\u00a0Grande",
 "header_image_thumbnail_url": "https://i.genius.com/37c58d059ff01777fc74d7bb23762e6d0d80d505?url=http%3A%2F%2Fis5.mzstatic.com%2Fimage%2Fthumb%2FMusic1%2Fv4%2Fab%2Fc2%2Fff%2Fabc2ffa1-7d7e-42f1-785b-12cff86549c3%2Fsource%2F100000x100000-999.jpg",
 "header_image_url": "https://i.genius.com/37c58d059ff01777fc74d7bb23762e6d0d80d505?url=http%3A%2F%2Fis5.mzstatic.com%2Fimage%2Fthumb%2FMusic1%2Fv4%2Fab%2Fc2%2Fff%2Fabc2ffa1-7d7e-42f1-785b-12cff86549c3%2Fsource%2F100000x100000-999.jpg",
 "id": 3062380,
 "instrumental": false,
 "lyrics_owner_id": 4268467,
 "lyrics_state": "complete",
 "lyrics_updated_at": 1501117747,
 "path": "/Ariana-grande-break-free-zedds-extended-mix-lyrics",
 "pyongs_count": null,
 "song_art_image_thumbnail_url": "https://images.genius.com/5dfc56f9075c505a9e5074663a5eb22d.300x300x1.jpg",
 "song_art_image_url": "https://images.genius.com/5dfc56f9075c505a9e5074663a5eb22d.1000x1000x1.jpg",
 "song_art_primary_color": null,
 "song_art_secondary_color": null,
 "song_art_text_color": null,
 "stats": {
  "unreviewed_annotations": 0,
  "hot": false
 },
 "title": "Break Free (Zedd\u2019s Extended Mix)",
 "title_with_featured": "Break Free (Zedd\u2019s Extended Mix)",
 "updated_by_human_at": 1569645303,
 "url": "https://genius.com/Ariana-grande-break-free-zedds-extended-mix-lyrics",
 "primary_artist": {
  "_type": "artist",
  "api_path": "/artists/26507",
  "header_image_url": "https://images.genius.com/0b63409589894fbd955a658fc89f08dd.1000x429x1.jpg",
  "id": 26507,
  "image_url": "https://images.genius.com/d36a47955ac0ddb12748c5e7c2bd4b4b.640x640x1.jpg",
  "index_character": "a",
  "is_meme_verified": false,
  "is_verified": true,
  "name": "Ariana Grande",
  "slug": "Ariana-grande",
  "url": "https://genius.com/artists/Ariana-grande",
  "iq": 2404
 },
 "artist": "Ariana Grande",
 "lyrics": "[Verse 1]\nIf you want it, take it\nI should've said it before\nTried to hide it, fake it\nI can't pretend anymore\n\n[Pre-Chorus]\nI only wanna die alive\nNever by the hands of a broken heart\nI don't wanna hear you lie tonight\nNow that I've become who I really are\n\n[Chorus]\nThis is the part when I say I don't want ya\nI'm stronger than I've been before\nThis is the part when I break free\n'Cause I can't resist it no more\nThis is the part when I say I don't want ya\nI'm stronger than I've been before\nThis is the part when I break free\n'Cause I can't resist it no more\n\n[Instrumental Drop]\n\n[Verse 2]\nYou were better, deeper\nI was under your spell, yeah\nLike a deadly fever, yeah, babe\nOn the highway to hell\n[Pre-Chorus]\nI only wanna die alive\nNever by the hands of a broken heart\nI don't wanna hear you lie tonight\nNow that I've become who I really are\n\n[Chorus]\nThis is the part when I say I don't want ya\nI'm stronger than I've been before\nThis is the part when I break free\n'Cause I can't resist it no more\nThis is the part when I say I don't want ya\nI'm stronger than I've been before\nThis is the part when I break free\n'Cause I can't resist it no more\n\n[Break]\nNo more, baby\nOoh-ooh-ooh-ooh\n\n[Bridge]\nThought of your body, I came alive\nIt was lethal, it was fatal\nIn my dreams it felt so right\nBut I woke up every time\nOh, baby\n[Chorus]\nThis is the part when I say I don't want ya\nI'm stronger than I've been before (ooh-ooh-ooh-ooh)\nThis is the part when I break free\n'Cause I can't resist it no more\nThis is the part when I say I don't want ya\nI'm stronger than I've been before\nThis is the part when I break free\n'Cause I can't resist it no more"
}