{
 "_type": "song",
 "annotation_count": 2,
 "api_path": "/songs/376011",
 "full_title": "Bailando by\u00a0Enrique\u00a0Iglesias (Ft.\u00a0Descemer\u00a0Bueno & Gente\u00a0De Zona)",
 "header_image_thumbnail_url": "https://images.genius.com/872c727dee967bcfff0d4a570e827748.300x300x1.jpg",
 "header_image_url": "https://images.genius.com/872c727dee967bcfff0d4a570e827748.1000x1000x1.jpg",
 "id": 376011,
 "instrumental": false,
 "lyrics_owner_id": 26826,
 "lyrics_state": "complete",
 "lyrics_updated_at": 1606338949,
 "path": "/Enrique-iglesias-bailando-lyrics",
 "pyongs_count": 95,
 "song_art_image_thumbnail_url": "https://images.genius.com/872c727dee967bcfff0d4a570e827748.300x300x1.jpg",
 "song_art_image_url": "https://images.genius.com/872c727dee967bcfff0d4a570e827748.1000x1000x1.jpg",
 "song_art_primary_color": null,
 "song_art_secondary_color": null,
 "song_art_text_color": null,
 "stats": {
  "unreviewed_annotations": 0,
  "concurrents": 2,
  "hot": false,
  "pageviews": 611792
 },
 "title": "Bailando",
 "title_with_featured": "Bailando (Ft.\u00a0Descemer\u00a0Bueno & Gente\u00a0De Zona)",
 "updated_by_human_at": 1613467322,
 "url": "https://genius.com/Enrique-iglesias-bailando-lyrics",
 "primary_artist": {
  "_type": "artist",
  "api_path": "/artists/8362",
  "header_image_url": "https://images.genius.com/fda4dd388b3b87129602872c7baa88c8.1000x165x1.jpg",
  "id": 8362,
  "image_url": "https://images.genius.com/2f1c89260410c71e69d563ae672ea6dd.281x281x1.jpg",
  "index_character": "e",
  "is_meme_verified": false,
  "is_verified": false,
  "name": "Enrique Iglesias",
  "slug": "Enrique-iglesias",
  "url": "https://genius.com/artists/Enrique-iglesias"
 },
 "artist": "Enrique Iglesias",
 "lyrics": "[Letra de \"Bailando\" ft. Gente De Zona & Descemer Bueno]\n\n[Intro: Alexander & Randy Marcos]\nJejeje\nEnrique Iglesias (\u00a1One love, One love!)\n\u00a1Gente De Zona!\nDescemer\n\n[Verso 1: Enrique Iglesias & Randy Marcos]\nYo te miro y se me corta la respiraci\u00f3n\nCuando t\u00fa me miras se me sube el coraz\u00f3n\nMe palpita lento el coraz\u00f3n\nY en un silencio tu mirada dice mil palabras (Uh)\nLa noche en la que te suplico que no salga el sol\n\n[Coro: Alexander & Randy Marcos]\nBailando (Bailando)\nBailando (Bailando)\nT\u00fa cuerpo y el m\u00edo\nLlenando el vac\u00edo\nSubiendo y bajando (Subiendo y bajando)\nBailando (Bailando)\nBailando (Bailando)\nEse fuego por dentro\nMe va enloqueciendo\nMe va saturando\n[Post-Coro: Enrique Iglesias & Alexander]\nCon tu f\u00edsica y tu qu\u00edmica\nTambi\u00e9n tu anatom\u00eda\nLa cerveza y el tequila\nY tu boca con la m\u00eda\nYa no puedo m\u00e1s (Ya no puedo m\u00e1s)\nYa no puedo m\u00e1s (Ya no puedo m\u00e1s)\nCon esta melod\u00eda\nTu color, tu fantas\u00eda\nCon tu filosof\u00eda\nMi cabeza est\u00e1 vac\u00eda\nY ya no puedo m\u00e1s (Ya no puedo mas)\nYa no puedo m\u00e1s (Ya no puedo mas)\n\n[Refr\u00e1n: Enrique Iglesias & Descemer Bueno]\nYo quiero estar contigo\nVivir contigo, bailar contigo\nTener contigo una noche loca (Una noche loca)\nAy, besar tu boca (Y besar tu boca)\nYo quiero estar contigo\nVivir contigo, bailar contigo\nTener contigo una noche loca\nCon tremenda nota\n\n[Armonizaci\u00f3n: Randy Marcon]\nOh-oh-oh-oh\nOh-oh-oh-oh\nOh-oh-oh, oh\nOh-oh-oh-oh\n[Verso 2: Enrique Iglesias & Randy Marcon]\nT\u00fa me miras y me llevas a otra dimensi\u00f3n\n(Estoy en otra dimensi\u00f3n)\nTus latidos aceleran a mi coraz\u00f3n\n(Tus latidos aceleran a mi coraz\u00f3n)\nQu\u00e9 iron\u00eda del destino no poder tocarte (\u00a1Wuh!)\nAbrazarte, y sentir la magia de tu olor\n\n[Coro: Alexander & Randy Marcos]\nBailando (Bailando)\nBailando (Bailando)\nT\u00fa cuerpo y el m\u00edo\nLlenando el vac\u00edo\nSubiendo y bajando (Subiendo y bajando)\nBailando (Bailando)\nBailando (Bailando)\nEse fuego por dentro\nMe va enloqueciendo\nMe va saturando\n\n[Post-Coro: Enrique Iglesias & Alexander]\nCon tu f\u00edsica y tu qu\u00edmica\nTambi\u00e9n tu anatom\u00eda\nLa cerveza y el tequila\nY tu boca con la m\u00eda\nYa no puedo m\u00e1s (Ya no puedo m\u00e1s)\nYa no puedo m\u00e1s (Ya no puedo m\u00e1s)\nCon esta melod\u00eda\nTu color, tu fantas\u00eda\nCon tu filosof\u00eda\nMi cabeza est\u00e1 vac\u00eda\nY ya no puedo m\u00e1s (Ya no puedo mas)\nYa no puedo m\u00e1s (Ya no puedo mas)\n[Refr\u00e1n: Enrique Iglesias & Descemer Bueno]\nYo quiero estar contigo\nVivir contigo, bailar contigo\nTener contigo una noche loca (Una noche loca)\nAy, besar tu boca (Y besar tu boca)\nYo quiero estar contigo\nVivir contigo, bailar contigo\nTener contigo una noche loca\nCon tremenda nota\n\n[Armonizaci\u00f3n: Randy Marcon & Enrique Iglesias]\nOh-oh-oh-oh\nOh-oh-oh-oh\nOh-oh-oh, oh\nOh-oh-oh-oh\nOh-oh-oh-oh\nOh-oh-oh-oh\nOh-oh-oh, oh\nOh-oh-oh-oh\nOh-oh-oh-oh (Bailando, amor)\nOh-oh-oh-oh (Bailando, amor)\nOh-oh-oh, oh (Es que se me va el dolor)\nOh-oh-oh-oh"
}