{
 "_type": "song",
 "annotation_count": 7,
 "api_path": "/songs/183325",
 "full_title": "Burn by\u00a0Ellie\u00a0Goulding",
 "header_image_thumbnail_url": "https://images.genius.com/e5dc393359be782bb136b91499d15027.300x300x1.jpg",
 "header_image_url": "https://images.genius.com/e5dc393359be782bb136b91499d15027.1000x1000x1.jpg",
 "id": 183325,
 "instrumental": false,
 "lyrics_owner_id": 70148,
 "lyrics_state": "complete",
 "lyrics_updated_at": 1585781378,
 "path": "/Ellie-goulding-burn-lyrics",
 "pyongs_count": 86,
 "song_art_image_thumbnail_url": "https://images.genius.com/894e486920d8bcf75dc6947ee6dbc462.300x300x1.jpg",
 "song_art_image_url": "https://images.genius.com/894e486920d8bcf75dc6947ee6dbc462.600x600x1.jpg",
 "song_art_primary_color": null,
 "song_art_secondary_color": null,
 "song_art_text_color": null,
 "stats": {
  "unreviewed_annotations": 0,
  "hot": false,
  "pageviews": 208589
 },
 "title": "Burn",
 "title_with_featured": "Burn",
 "updated_by_human_at": 1616729969,
 "url": "https://genius.com/Ellie-goulding-burn-lyrics",
 "primary_artist": {
  "_type": "artist",
  "api_path": "/artists/1838",
  "header_image_url": "https://images.genius.com/ef6e591096fabcca53985681f996a272.1000x333x1.jpg",
  "id": 1838,
  "image_url": "https://images.genius.com/5241afb568f3f095e3ddb13e31c541cf.610x610x1.jpg",
  "index_character": "e",
  "is_meme_verified": true,
  "is_verified": true,
  "name": "Ellie Goulding",
  "slug": "Ellie-goulding",
  "url": "https://genius.com/artists/Ellie-goulding",
  "iq": 6293
 },
 "artist": "Ellie Goulding",
 "lyrics": "[Verse 1]\nWe, we don't have to worry 'bout nothing\n'Cause we got the fire\nAnd we're burning one hell of a something\nThey, they gonna see us from outer space\nOuter space, light it up\nLike we're the stars of the human race, human race\n\n[Chorus]\nWhen the lights turned down, they don't know what they heard\nStrike the match, play it loud, giving love to the world\nWe'll be raising our hands, shining up to the sky\n'Cause we got the fire, fire, fire\nYeah, we got the fire, fire, fire\nAnd we gonna let it burn, burn, burn, burn\nWe gonna let it burn, burn, burn, burn\nGonna let it burn, burn, burn, burn\nWe gonna let it burn, burn, burn, burn\n\n[Verse 2]\nWe don't wanna leave\nNo, we just wanna be right now, right, ri-ri-right now\nAnd what we see, is everybody's on the floor\nActing crazy, getting loco 'til the light's out\nMusic's on, I'm waking up\nWe start the fire, and we burn it up\nAnd it's over now, we got the love\nThere's no sleeping now, no sleeping now, sleeping now\n[Chorus]\nWhen the lights turned down, they don't know what they heard\nStrike the match, play it loud, giving love to the world\nWe'll be raising our hands, shining up to the sky\n'Cause we got the fire, fire, fire\nYeah, we got the fire, fire, fire\nAnd we gonna let it burn, burn, burn, burn\nWe gonna let it burn, burn, burn, burn\nGonna let it burn, burn, burn, burn\nWe gonna let it burn, burn, burn, burn\n\n[Bridge 1]\nWhen the lights turned down, they don't know what they heard\nStrike the match, play it loud, giving love to the world\nWe gonna let it burn, burn, burn, burn, burn, burn (ooh)\nBurn, burn, burn, burn, burn, burn (ooh)\n\n[Bridge 2]\nWe can light it up, up, up\nSo they can't put it out, out, out\nWe can light it up, up, up\nSo they can't put it out, out, out\nWe can light it up, up, up\nSo they can't put it out, out, out\nWe can light it up, up, up\nSo they can't put it out, out, out\n[Chorus]\nWhen the lights turned down, they don't know what they heard\nStrike the match, play it loud, giving love to the world\nWe'll be raising our hands, shining up to the sky\n'Cause we got the fire, fire, fire\nYeah, we got the fire, fire, fire\nAnd we gonna let it burn, burn, burn, burn\nWe gonna let it burn, burn, burn, burn\nGonna let it burn, burn, burn, burn\nWe gonna let it burn, burn, burn, burn (let it burn)\n\n[Outro]\nWhen the lights turned down, they don't know what they heard\nStrike the match, play it loud, giving love to the world\nWe'll be raising our hands, shining up to the sky (burn, burn, burn, burn, we gonna let it burn, burn, let it burn)\n'Cause we got the fire, fire, fire\nYeah, we got the fire, fire, fire\nAnd we're gonna let it burn"
}