{
 "_type": "song",
 "annotation_count": 116,
 "api_path": "/songs/700035",
 "full_title": "Grammys Predictions 2015 by\u00a0Rap\u00a0Genius Users (Ft.\u00a0Grammys)",
 "header_image_thumbnail_url": "https://images.rapgenius.com/c1f8c1178fa7c61a1fbe36ef0f874740.300x225x1.jpg",
 "header_image_url": "https://images.rapgenius.com/c1f8c1178fa7c61a1fbe36ef0f874740.600x450x1.jpg",
 "id": 700035,
 "instrumental": false,
 "lyrics_owner_id": 272373,
 "lyrics_state": "complete",
 "lyrics_updated_at": 1616354689,
 "path": "/Rap-genius-users-grammys-predictions-2015-annotated",
 "pyongs_count": 7,
 "song_art_image_thumbnail_url": "https://images.rapgenius.com/c1f8c1178fa7c61a1fbe36ef0f874740.300x225x1.jpg",
 "song_art_image_url": "https://images.rapgenius.com/c1f8c1178fa7c61a1fbe36ef0f874740.600x450x1.jpg",
 "song_art_primary_color": null,
 "song_art_secondary_color": null,
 "song_art_text_color": null,
 "stats": {
  "unreviewed_annotations": 31,
  "hot": false
 },
 "title": "Grammys Predictions 2015",
 "title_with_featured": "Grammys Predictions 2015 (Ft.\u00a0Grammys)",
 "updated_by_human_at": 1616354690,
 "url": "https://genius.com/Rap-genius-users-grammys-predictions-2015-annotated",
 "primary_artist": {
  "_type": "artist",
  "api_path": "/artists/162781",
  "header_image_url": "https://images.genius.com/882430e5576a18e89250517e295baae5.1000x1000x1.png",
  "id": 162781,
  "image_url": "https://images.genius.com/882430e5576a18e89250517e295baae5.1000x1000x1.png",
  "index_character": "r",
  "is_meme_verified": false,
  "is_verified": false,
  "name": "Rap Genius Users",
  "slug": "Rap-genius-users",
  "url": "https://genius.com/artists/Rap-genius-users"
 },
 "artist": "Rap Genius Users",
 "lyrics": "BEST RAP PERFORMANCE\u2022 Childish Gambino - 3005\n\u2022 Drake - 0 To 100 / The Catch Up\n\u2022 Eminem - Rap God\n\u2022 Kendrick Lamar - i\n\u2022 Lecrae - All I Need Is You\nPredictions\nWinnerBEST RAP/SUNG COLLABORATION\u2022 Common featuring Jhen\u00e9 Aiko - Blak Majik\n\u2022 Eminem featuring Rihanna - The Monster\n\u2022 I Love Makonnen featuring Drake - Tuesday\n\u2022 Schoolboy Q featuring BJ The Chicago Kid - Studio\n\u2022 Kanye West & Charlie Wilson - Bound 2\nPredictions\nWinnerBEST RAP SONG\u2022 Anaconda\n\u2022 Bound 2\n\u2022 i\n\u2022 We Dem Boyz\n\u2022 0 To 100 / The Catch Up\nPredictions\nWinnerBEST RAP ALBUM\u2022\u00a0Iggy Azalea - The New Classic\n\u2022 Childish Gambino - Because The Internet\n\u2022 Common - Nobody's Smiling\n\u2022 Eminem - The Marshall Mathers LP2\n\u2022 Schoolboy Q - Oxymoron\n\u2022 Wiz Khalifa - Blacc Hollywood\nPredictions\nWinnerRECORD OF THE YEAR\u2022 Iggy Azalea featuring Charli XCX - Fancy\n\u2022 Sia - Chandelier\n\u2022 Sam Smith - Stay With Me (Darkchild Version)\n\u2022 Taylor Swift - Shake It Off\n\u2022 Meghan Trainor - All About That Bass\nPredictions\nWinnerALBUM OF THE YEAR\u2022 Beck - Morning Phase\n\u2022 Beyonc\u00e9 - Beyonc\u00e9\n\u2022 Ed Sheeran - X\n\u2022 Sam Smith - In The Lonely Hour\n\u2022 Pharrell Williams - Girl\n\nPredictions\nWinnerSONG OF THE YEAR\u2022 All About That Bass\n\u2022 Chandelier\n\u2022 Shake It Off\n\u2022 Stay With Me (Darkchild Version)\n\u2022 Take Me To Church\nPredictions\nWinnerBEST NEW ARTIST\u2022\u00a0Iggy Azalea\n\u2022 Bastille\n\u2022\u00a0Brandy Clark\n\u2022\u00a0Haim\n\u2022\u00a0Sam Smith\nPredictions\nWinner\n\n\n."
}