{
 "_type": "song",
 "annotation_count": 14,
 "api_path": "/songs/403545",
 "full_title": "Wiggle by\u00a0Jason\u00a0Derulo (Ft.\u00a0Snoop\u00a0Dogg)",
 "header_image_thumbnail_url": "https://images.genius.com/9d66089a685d630e40cd1671a941dbfc.300x300x1.jpg",
 "header_image_url": "https://images.genius.com/9d66089a685d630e40cd1671a941dbfc.1000x1000x1.jpg",
 "id": 403545,
 "instrumental": false,
 "lyrics_owner_id": 773212,
 "lyrics_state": "complete",
 "lyrics_updated_at": 1614408299,
 "path": "/Jason-derulo-wiggle-lyrics",
 "pyongs_count": 164,
 "song_art_image_thumbnail_url": "https://images.genius.com/9d66089a685d630e40cd1671a941dbfc.300x300x1.jpg",
 "song_art_image_url": "https://images.genius.com/9d66089a685d630e40cd1671a941dbfc.1000x1000x1.jpg",
 "song_art_primary_color": null,
 "song_art_secondary_color": null,
 "song_art_text_color": null,
 "stats": {
  "unreviewed_annotations": 3,
  "hot": false,
  "pageviews": 372921
 },
 "title": "Wiggle",
 "title_with_featured": "Wiggle (Ft.\u00a0Snoop\u00a0Dogg)",
 "updated_by_human_at": 1614408299,
 "url": "https://genius.com/Jason-derulo-wiggle-lyrics",
 "primary_artist": {
  "_type": "artist",
  "api_path": "/artists/17764",
  "header_image_url": "https://images.genius.com/df3695123ddcc6f12164016bc1269035.1000x333x1.jpg",
  "id": 17764,
  "image_url": "https://images.genius.com/fd6809c8918d60d9126a397de46dc7dc.400x400x1.jpg",
  "index_character": "j",
  "is_meme_verified": false,
  "is_verified": true,
  "name": "Jason Derulo",
  "slug": "Jason-derulo",
  "url": "https://genius.com/artists/Jason-derulo",
  "iq": 1331
 },
 "artist": "Jason Derulo",
 "lyrics": "[Intro: Jason Derulo & Snoop Dogg]\nAyo, Jason\n(Oh yeah!)\nSay somethin' to her, holla at her\nHaha, I got one question\nHaha, how do you fit, all that, in them jeans? Hahaha\nYou know what to do with that big fat butt\n\n[Chorus: Jason Derulo]\nWiggle, wiggle, wiggle\nWiggle, wiggle, wiggle\nWiggle, wiggle, wiggle\nJust a little bit (Swing!)\n\n[Verse 1: Jason Derulo]\nPatty cake, patty cake, with no hands\nGot me in this club, making wedding plans\nIf I take pictures while you do your dance (do your dance)\nI could make you famous on Instagram\n\n[Pre-Chorus: Jason Derulo]\nHot damn it (Woo!), your booty like two planets (Woo!)\nGo ahead and go ham sandwich (Woo!)\nWoah, I can't stand it\n'Cause you know what to do with that big fat butt\n[Chorus: Jason Derulo]\nWiggle, wiggle, wiggle\nWiggle, wiggle, wiggle\nWiggle, wiggle, wiggle\nJust a little bit (Swing!)\n\n[Verse 2: Jason Derulo]\nCadillac Cadillac, pop that trunk\nLet's take a shot, alley oop that donk\nTired of working that nine to five\nWell, baby, let me come and change your life\n\n[Pre-Chorus: Jason Derulo]\nHot damn it (Woo!), your booty like two planets (Woo!)\nGo ahead and go ham sandwich (Woo!)\nWoah, I can't stand it\n'Cause you know what to do with that big fat butt (Oh yeah)\n\n[Chorus: Jason Derulo & Snoop Dogg]\nWiggle, wiggle, wiggle\nWiggle, wiggle, wiggle (Wiggle wiggle wiggle)\nWiggle, wiggle, wiggle (Shake it, shake it, girl)\nJust a little bit (Little bit, little bit, little bit) (Swing!)\n\n[Verse 3: Snoop Dogg]\nShake what your mamma gave you, misbehave you\nI just wanna strip you, dip you, flip you, bubble bathe you\nWhat they do, taste my raindrops, k boo?\nNow what you're willing, what you wanting, what you may do\nCompletely separated 'til I deeply penetrate it\nThen I take it out and wipe it off, eat it, ate it, love it, hate it\nOverstated, underrated, everywhere I been\nCan you wiggle wiggle for the D-O-double G again?\n[Bridge: Jason Derulo]\nCome on, baby, turn around (turn around, turn around, turn around, yeah)\nYou're a star, girl, take a bow (take a bow, take a bow, take a bow, haha, yeah)\nIt's just one thing that's killing me\nHow do you fit that in them jeans?\nYou know what to do with that big fat butt\n\n[Chorus: Jason Derulo & Snoop Dogg]\nWiggle, wiggle, wiggle (Wiggle, wiggle, wiggle)\nWiggle, wiggle, wiggle (Wiggle, wiggle, wiggle)\nWiggle, wiggle, wiggle (Shake it, shake it, girl)\nJust a little bit (Little bit, wiggle, wiggle, wiggle) (Oh, woah!)\n\n[Outro: Snoop Dogg & Jason Derulo]\nNow make it clap (Wiggle, wiggle wiggle)\nNow make it clap (Wiggle, wiggle, wiggle)\nNow make it clap\nLove it when you do it like that\nWith no hands, baby, make it clap\nBaby, make it clap, clap, clap (Like, swing!)\nDamn, baby, you got a bright future behind you"
}