{
 "_type": "song",
 "annotation_count": 7,
 "api_path": "/songs/292916",
 "full_title": "Rather Be by\u00a0Clean\u00a0Bandit (Ft.\u00a0Jess\u00a0Glynne)",
 "header_image_thumbnail_url": "https://images.genius.com/bb09aa847a2e29171f82eeefc9c7fed9.300x295x1.jpg",
 "header_image_url": "https://images.genius.com/bb09aa847a2e29171f82eeefc9c7fed9.1000x983x1.jpg",
 "id": 292916,
 "instrumental": false,
 "lyrics_owner_id": 7793,
 "lyrics_state": "complete",
 "lyrics_updated_at": 1598040855,
 "path": "/Clean-bandit-rather-be-lyrics",
 "pyongs_count": 389,
 "song_art_image_thumbnail_url": "https://images.genius.com/0bc981090e55786141ae39ec45e86efc.300x300x1.jpg",
 "song_art_image_url": "https://images.genius.com/0bc981090e55786141ae39ec45e86efc.1000x1000x1.jpg",
 "song_art_primary_color": null,
 "song_art_secondary_color": null,
 "song_art_text_color": null,
 "stats": {
  "unreviewed_annotations": 0,
  "concurrents": 2,
  "hot": false,
  "pageviews": 1148003
 },
 "title": "Rather Be",
 "title_with_featured": "Rather Be (Ft.\u00a0Jess\u00a0Glynne)",
 "updated_by_human_at": 1615052913,
 "url": "https://genius.com/Clean-bandit-rather-be-lyrics",
 "primary_artist": {
  "_type": "artist",
  "api_path": "/artists/106693",
  "header_image_url": "https://images.genius.com/9244024eb576d7dbe377d17af741df57.1000x391x1.jpg",
  "id": 106693,
  "image_url": "https://images.genius.com/891e98703ac1c886958a73c60296e410.1000x1000x1.jpg",
  "index_character": "c",
  "is_meme_verified": false,
  "is_verified": false,
  "name": "Clean Bandit",
  "slug": "Clean-bandit",
  "url": "https://genius.com/artists/Clean-bandit"
 },
 "artist": "Clean Bandit",
 "lyrics": "[Intro: Jess Glynne]\nOoh, oh-oh\n\n[Verse 1: Jess Glynne]\nWe're a thousand miles from comfort\nWe have travelled land and sea\nBut as long as you are with me\nThere's no place I'd rather be\nI would wait forever\nExalted in the scene\nAs long as I am with you\nMy heart continues to beat\n\n[Pre-Chorus: Jess Glynne]\nWith every step we take, Kyoto to The Bay\nStrollin' so casually\nWe're different and the same, gave you another name\nSwitch up the batteries\n\n[Chorus: Jess Glynne]\nIf you gave me a chance, I would take it\nIt's a shot in the dark, but I'll make it\nKnow with all of your heart, you can't shame me\nWhen I am with you, there's no place I'd rather be\nN-n-no, no, no, no place I'd rather be\nN-n-no, no, no, no place I'd rather be\nN-n-no, no, no, no place I'd rather be (Oh)\n[Verse 2: Jess Glynne]\nWe staked out on a mission, to find our inner peace\nMake it everlasting\nSo nothing's incomplete\nIt's easy being with you, sacred simplicity\nAs long as we're together\nThere's no place I'd rather be\n\n[Pre-Chorus: Jess Glynne]\nWith every step we take, Kyoto to The Bay\nStrollin' so casually\nWe're different and the same, gave you another name\nSwitch up the batteries\n\n[Chorus: Jess Glynne]\nIf you gave me a chance, I would take it\nIt's a shot in the dark, but I'll make it\nKnow with all of your heart, you can't shame me\nWhen I am with you, there's no place I'd rather be\nN-n-no, no, no, no place I'd rather be\nN-n-no, no, no, no place I'd rather be\nN-n-no, no, no, no place I'd rather be\nWhen I am with you, there's no place I'd rather be, yeah\n\n[Bridge: Jess Glynne]\nBe (Oh)\nBe, be, be, be, be, be, be, be, be\nYeah, yeah, yeah, yeah, yeah, yeah, yeah\n[Chorus: Jess Glynne]\nIf you gave me a chance, I would take it\nIt's a shot in the dark, but I'll make it\nKnow with all of your heart, you can't shame me\nWhen I am with you, there's no place I'd rather be\nN-n-no, no, no, no place I'd rather be\nN-n-no, no, no, no place I'd rather be\nN-n-no, no, no, no place I'd rather be\nWhen I am with you, there's no place I'd rather be\nN-n-no, no, no, no place I'd rather be\nN-n-no, no, no, no place I'd rather be\nN-n-no (No), no, no, no place I'd rather be\nWhen I am with you, there's no place I'd rather be"
}