{
 "_type": "song",
 "annotation_count": 19,
 "api_path": "/songs/430538",
 "full_title": "Don't Tell 'Em by\u00a0Jeremih (Ft.\u00a0YG)",
 "header_image_thumbnail_url": "https://images.genius.com/88613455a62837b1d9b780ecf01dcdb8.300x300x1.jpg",
 "header_image_url": "https://images.genius.com/88613455a62837b1d9b780ecf01dcdb8.640x640x1.jpg",
 "id": 430538,
 "instrumental": false,
 "lyrics_owner_id": 885196,
 "lyrics_state": "complete",
 "lyrics_updated_at": 1613095565,
 "path": "/Jeremih-dont-tell-em-lyrics",
 "pyongs_count": 371,
 "song_art_image_thumbnail_url": "https://images.rapgenius.com/1d26f9ab32823bebe4b01ce74f0f3cd0.300x300x1.jpg",
 "song_art_image_url": "https://images.rapgenius.com/1d26f9ab32823bebe4b01ce74f0f3cd0.1000x1000x1.jpg",
 "song_art_primary_color": null,
 "song_art_secondary_color": null,
 "song_art_text_color": null,
 "stats": {
  "unreviewed_annotations": 0,
  "hot": false,
  "pageviews": 1072724
 },
 "title": "Don\u2019t Tell \u2019Em",
 "title_with_featured": "Don't Tell 'Em (Ft.\u00a0YG)",
 "updated_by_human_at": 1613095565,
 "url": "https://genius.com/Jeremih-dont-tell-em-lyrics",
 "primary_artist": {
  "_type": "artist",
  "api_path": "/artists/278",
  "header_image_url": "https://images.genius.com/951bbb824c14042ab183d56c79ca3f7f.1000x679x1.png",
  "id": 278,
  "image_url": "https://images.genius.com/59567e4918671304d37eb021331d239d.550x550x1.jpg",
  "index_character": "j",
  "is_meme_verified": true,
  "is_verified": true,
  "name": "Jeremih",
  "slug": "Jeremih",
  "url": "https://genius.com/artists/Jeremih",
  "iq": 2319
 },
 "artist": "Jeremih",
 "lyrics": "[Intro: YG]\nMustard on the beat, ho\n\n[Chorus: Jeremih]\nRhythm is a dancer, I need a companion\nGirl I guess that must be you\nBody like the summer, fuckin' like no other\nDon't you tell 'em what we do\nDon't tell 'em, don't tell 'em, you ain't even\nDon't tell 'em, don't tell 'em\nYou ain't even, you ain't even gotta tell 'em\nDon't tell 'em, don't tell 'em\nYou ain't even, don't tell 'em, don't tell 'em\nYou ain't even, you ain't even even gotta tell 'em\nDon't tell 'em, don't tell 'em\n\n[Verse 1: Jeremih]\nKnow you say you down with it\nWon\u2019t tell em how you hit the ground with it\nGirl, you know I\u2019m from Chicago\nI act a fool, Bobby Brown with it (in it)\nNobody take me out, though\nYou got gifts, bring 'em down the South Pole\nMarathon doll gon' put in miles\nDon\u2019t you worry 'bout him, I gon' work it out\n[Pre-Chorus: Jeremih]\nOnly is you got me feeling like this\nOh why, why, why, why, why\nLoving while grabbing the rhythm of your hips\nThat\u2019s right, right, right, right, right\n\n[Chorus: Jeremih]\nRhythm is a dancer, I need a companion\nGirl, I guess that must be you\nBody like the summer, fuckin' like no other\nDon't you tell 'em what we do\nDon't tell 'em, don't tell 'em, you ain't even\nDon't tell 'em, don't tell 'em\nYou ain't even, you ain't even gotta tell 'em\nDon't tell 'em, don't tell 'em\nYou ain't even, don't tell 'em, don't tell 'em\nYou ain't even, you ain't even even gotta tell 'em\nDon't tell 'em, don't tell 'em\n\n[Verse 2: Jeremih]\nGirl, he fufu with it\nBut you know I know what to do with it\nI'll give you that, girl, I'm talking laps\nAs if you got a pool in it\nAnd she say she ain't with your best friends\nThen let me be your diamond\nYou know you feeling, how your boy press play\nJust keep that ass rewindin'\n[Pre-Chorus: Jeremih]\nOnly is you got me feeling like this\nOh why, why, why, why\nLoving while grabbing the rhythm of your hips\nThat\u2019s right, right, right, right, right\n\n[Chorus: Jeremih]\nRhythm is a dancer, I need a companion\nGirl, I guess that must be you\nBody like the summer, fuckin' like no other\nDon't you tell 'em what we do\nDon't tell 'em, don't tell 'em, you ain't even\nDon't tell 'em, don't tell 'em\nYou ain't even, you ain't even gotta tell 'em\nDon't tell 'em, don't tell 'em\nYou ain't even, don't tell 'em, don't tell 'em\nYou ain't even, you ain't even even gotta tell 'em\nDon't tell 'em, don't tell 'em\n\n[Verse 3: YG]\n3-1-0 9-3-4 8-6-1-6\nI got a missed call from your bitch\nShe been plottin' on me for a cool minute\nShe wanna' suck my dick, and I'm cool with it\nI like girls in the shower, when it's winter fresh\nIt\u2019s some Twitter pussy, I met on the Internet\nOn my late-night thirsty, \u2018cause it was late-night and I was thirsty\nGirl, I been to that county girl, I ain't tellin'\nHandcuff me to the bed, girl it ain't no bailin'\nI keep a stack of hundreds, I can keep a secret\nIf anything you was explorin', you wasn\u2019t cheating\nShe got my number stored under fake names\nHer nigga think she faithful, but she runnin' game\nYOLO, so take me out these Polos\nAnd we can fuck from Uno to Ocho\n[Pre-Chorus: Jeremih]\nOnly is you got me feeling like this\nOh why, why, why, why, why\nLoving while grabbing the rhythm of your hips\nThat\u2019s right, right, right, right, right\n\n[Chorus: Jeremih & YG]\nRhythm is a dancer, I need a companion\nGirl, I guess that must be you\nBody like the summer, fuckin' like no other\n(I keep it on the D.L, and creep like TL\nJust tell me them details, just hand me)\nDon't you tell 'em what we do\nDon't tell 'em, don't tell 'em, you ain't even\nDon't tell 'em, don't tell 'em\nYou ain't even, you ain't even gotta tell 'em\nDon't tell 'em, don't tell 'em\nYou ain't even, don't tell 'em, don't tell 'em\nYou ain't even, you ain't even even gotta tell 'em\nDon't tell 'em, don't tell 'em (no)\n\n[Outro: Jeremih]\nRight, right, right, right, right, right, right\nDon't tell 'em, don't tell 'em, no\nWhy, why, why, why would you do (oh)\nJust keep the rhythm like that, that (that, that)\nPut in on like that, that (that, that)\nI know you like that (that, that, that, that)\nYou know I want that (that, that, that, that)\nOhh oh-ohh oh-ohh oh-ohh"
}