{
 "_type": "song",
 "annotation_count": 16,
 "api_path": "/songs/214058",
 "full_title": "Show Me by\u00a0Kid\u00a0Ink (Ft.\u00a0Chris\u00a0Brown)",
 "header_image_thumbnail_url": "https://images.genius.com/c0f73002254388bbab2a8be988f11c7a.300x300x1.png",
 "header_image_url": "https://images.genius.com/c0f73002254388bbab2a8be988f11c7a.640x640x1.png",
 "id": 214058,
 "instrumental": false,
 "lyrics_owner_id": 173774,
 "lyrics_state": "complete",
 "lyrics_updated_at": 1569619258,
 "path": "/Kid-ink-show-me-lyrics",
 "pyongs_count": 326,
 "song_art_image_thumbnail_url": "https://images.genius.com/c0f73002254388bbab2a8be988f11c7a.300x300x1.png",
 "song_art_image_url": "https://images.genius.com/c0f73002254388bbab2a8be988f11c7a.640x640x1.png",
 "song_art_primary_color": null,
 "song_art_secondary_color": null,
 "song_art_text_color": null,
 "stats": {
  "unreviewed_annotations": 0,
  "hot": false,
  "pageviews": 981230
 },
 "title": "Show Me",
 "title_with_featured": "Show Me (Ft.\u00a0Chris\u00a0Brown)",
 "updated_by_human_at": 1580104434,
 "url": "https://genius.com/Kid-ink-show-me-lyrics",
 "primary_artist": {
  "_type": "artist",
  "api_path": "/artists/1631",
  "header_image_url": "https://images.genius.com/72cc49774a20e90e1c6c0754ba769143.500x214x21.gif",
  "id": 1631,
  "image_url": "https://images.genius.com/bd130b99020356ae6cc75db10eb92bce.560x560x1.jpg",
  "index_character": "k",
  "is_meme_verified": true,
  "is_verified": true,
  "name": "Kid Ink",
  "slug": "Kid-ink",
  "url": "https://genius.com/artists/Kid-ink",
  "iq": 4548
 },
 "artist": "Kid Ink",
 "lyrics": "[Intro: Chris Brown, (Kid Ink) & YG]\nBaby (yeah)\nMustard on the beat, ho\n\n[Pre-Chorus: Chris Brown & (Kid Ink)]\nBaby, let me put your panties to the side (uh)\nI'ma make you feel alright (right)\n\u2018Cause I'ma give you what you need, yeah\n\n[Chorus: Chris Brown & (Kid Ink)]\nMami, you remind me of something (uh)\nBut I don\u2019t know what it is (I don't know)\n'Cause you remind me of something\nGirl, you gotta show me (uh, alright)\nYou remind me of something (uh)\nBut I don\u2019t know what it is right now (I don't know)\n'Cause you remind me of something\nGirl, you gotta show me (uh)\n\n[Verse 1: Kid Ink]\nUh, on the real no lie\nI don\u2019t know what it is but you just my type (yeah)\nEverything just right, B said put it to the left (right)\nDon\u2019t listen to the hype though (whoop)\nGot a cup in your hand\nBaby sitting but you ain\u2019t got no kids\nWe ain\u2019t leaving \u2019til there ain\u2019t no more left (yeah)\nCan\u2019t see no time on the Rolex (no)\nI could tell you a freak, gon' show it\nLookin' for the after party, where the door at?\nDough on the floor like a doormat (uh)\nBaby, you know where to throw that, I said\n[Chorus: Chris Brown & (Kid Ink)]\nMami, you remind me of something, baby, you remind me (uh)\nBut I don\u2019t know what it is, uh-huh (I don't know)\n'Cause you remind me of something\nGirl, you gotta show me, yeah (uh, alright)\nYou remind me of something, woo (uh)\nBut I don\u2019t know what it is right now, yeah, yeah (I don't know)\n'Cause you remind me of something\nGirl, you gotta show me, yeah (uh)\n\n[Bridge: Chris Brown & Kid Ink]\nBaby, if you know what it is, ooh, baby\nOn a real, can\u2019t lie, man, you just my type\nHands in the air looking for a bitch right now, ooh, baby\nOn a real, can\u2019t lie, man, you just my type\n\n[Verse 2: Kid Ink]\nUh, so tell me what your name is\nI don\u2019t really care who you came with (no)\nUnless you got a couple friends look like you\nMy bad if my ex try to fight you (ha?)\nRoll up soon as I roll in\nSecurity better get with the program\nToo deep, ain't know where to stand\nSo high, ain\u2019t nowhere to land\nYou remind me of something missing\nMissus, you got my full attention\nListen, let go of the tension\nIf I get a minute, I\u2019ll put your bad ass in detention\n[Pre-Chorus: Chris Brown & (Kid Ink)]\nBaby, let me put your panties to the side, hey, hey (uh)\nI'ma make you feel alright, babe (right)\n\u2018Cause I'ma give you what you need, yeah, oh, oh, oh\n\n[Chorus: Chris Brown & (Kid Ink)]\nMami, you remind me of something, baby, you remind me (uh)\nBut I don\u2019t know what it is, remind me, yeah (I don't know)\n'Cause you remind me of something\nGirl, you gotta show me (uh, alright)\nBaby, you remind me of something (uh)\nBut I don\u2019t know what it is right now (I don't know)\n'Cause you remind me of something\nGirl, you gotta show me, yeah, yeah, yeah (uh)\n\n[Bridge: Chris Brown & Kid Ink]\nBaby, if you know what it is, oh, baby, oh, babe\nOn a real, can\u2019t lie, man, you just my type\nHands in the air looking for a bitch right now (I'm lookin' for ya)\nOn a real, can\u2019t lie, man, you just my type\n\n[Verse 3: Chris Brown]\nOh baby, show me, show me something\nTomorrow I might be hungover, but that don't mean nothing\nYou see all night long, I've been wrong\nBaby, show me something\nAnd she gon' let me do it\n[Pre-Chorus: Chris Brown]\nBaby, let me put your panties to the side\nI'ma make you feel alright\n\u2018Cause I'ma give you what you need, yeah, yeah\n\n[Chorus: Chris Brown & (Kid Ink)]\nBaby, you remind me of something (uh)\nAnd I don\u2019t know what it is (I don't know)\n'Cause you remind me of something\nGirl, you gotta show me (uh, alright)\nBaby, you remind me of something (uh)\nI don\u2019t know what it is right now (I don't know)\n'Cause you remind me of something\nGirl, you gotta show me (uh)"
}