{
 "_type": "song",
 "annotation_count": 8,
 "api_path": "/songs/224519",
 "full_title": "Not a Bad Thing by\u00a0Justin\u00a0Timberlake",
 "header_image_thumbnail_url": "https://images.genius.com/63472c697b52356b78185bb089212365.300x300x1.jpg",
 "header_image_url": "https://images.genius.com/63472c697b52356b78185bb089212365.1000x1000x1.jpg",
 "id": 224519,
 "instrumental": false,
 "lyrics_owner_id": 188497,
 "lyrics_state": "complete",
 "lyrics_updated_at": 1591068558,
 "path": "/Justin-timberlake-not-a-bad-thing-lyrics",
 "pyongs_count": 83,
 "song_art_image_thumbnail_url": "https://images.genius.com/63472c697b52356b78185bb089212365.300x300x1.jpg",
 "song_art_image_url": "https://images.genius.com/63472c697b52356b78185bb089212365.1000x1000x1.jpg",
 "song_art_primary_color": null,
 "song_art_secondary_color": null,
 "song_art_text_color": null,
 "stats": {
  "unreviewed_annotations": 4,
  "hot": false,
  "pageviews": 201415
 },
 "title": "Not a Bad Thing",
 "title_with_featured": "Not a Bad Thing",
 "updated_by_human_at": 1608619665,
 "url": "https://genius.com/Justin-timberlake-not-a-bad-thing-lyrics",
 "primary_artist": {
  "_type": "artist",
  "api_path": "/artists/334",
  "header_image_url": "https://images.genius.com/aa6dfaa347c15f7c3b5a4c768beb5465.1000x563x1.jpg",
  "id": 334,
  "image_url": "https://images.genius.com/d33775ee78f5b76308d1e024eb2c5867.1000x1000x1.jpg",
  "index_character": "j",
  "is_meme_verified": false,
  "is_verified": true,
  "name": "Justin Timberlake",
  "slug": "Justin-timberlake",
  "url": "https://genius.com/artists/Justin-timberlake",
  "iq": 521
 },
 "artist": "Justin Timberlake",
 "lyrics": "[Verse 1]\nSaid all I want from you is to see you tomorrow\nAnd every tomorrow\nMaybe you\u2019ll let me borrow, your heart\nAnd is it too much to ask for every Sunday?\nAnd while we're at it, throw in every other day to start\n\n[Pre-Chorus]\nI know people make promises all the time\nThen they turn right around and break them\nWhen someone cuts your heart open with a knife\nNow you're bleeding\nBut I could be that guy to heal it over time\nAnd I won\u2019t stop until you believe it\n'Cause baby, you\u2019re worth it\n\n[Chorus]\nSo don't act like it\u2019s a bad thing to fall in love with me\n'Cause you might fuck around and find your dreams come true with me\nSpend all your time and your money just to find out that my love was free\nSo don't act like it\u2019s a bad thing to fall in love with me, me\nIt\u2019s not a bad thing to fall in love with me, me\nFall, yeah\n\n[Verse 2]\nNow how about I be the last voice you hear tonight?\nAnd every other night for the rest of the nights that there are\nAnd every morning I just wanna see you staring back at me (Staring back at me)\n'Cause I know that\u2019s a good place to start\n[Pre-Chorus]\nI know people make promises all the time\nThen they turn right around and break them\nWhen someone cuts your heart open with a knife\nNow you're bleeding\n(Don't you know) But I could be that guy to heal it over time\nAnd I won\u2019t stop until you believe it\n'Cause baby, you\u2019re worth it\n\n[Chorus]\nSo don't act like it\u2019s a bad thing to fall in love with me\n'Cause you might fuck around and find your dreams come true with me\nSpend all your time and your money just to find out that my love was free\nSo don't act like it\u2019s a bad thing to fall in love with me, me\nIt\u2019s not a bad thing to fall in love with me, me\nNot such a bad thing to fall in love with me\n(Not such a bad thing to fall in love with me)\n\n[Bridge]\nNo, I won\u2019t fill your mind\nWith broken promises and wasted time\nAnd if you fall, you\u2019ll always land right in these arms\nThese arms of mine\n\n[Chorus]\nDon't act like it\u2019s a bad thing to fall in love with me\n'Cause you might fuck around and find your dreams come true with me\nSpend all your time and your money just to find out that my love was free\nSo don't act like it\u2019s a bad thing to fall in love with me, me\nIt\u2019s not a bad thing to fall in love with me, me\nNot such a bad thing to fall in love with me"
}