{
 "_type": "song",
 "annotation_count": 14,
 "api_path": "/songs/153803",
 "full_title": "Ain't It Fun by\u00a0Paramore",
 "header_image_thumbnail_url": "https://images.genius.com/cca573b562cbcfb15b7b7f2c6fcb120d.300x300x1.jpg",
 "header_image_url": "https://images.genius.com/cca573b562cbcfb15b7b7f2c6fcb120d.1000x1000x1.jpg",
 "id": 153803,
 "instrumental": false,
 "lyrics_owner_id": 225086,
 "lyrics_state": "complete",
 "lyrics_updated_at": 1585759426,
 "path": "/Paramore-aint-it-fun-lyrics",
 "pyongs_count": 108,
 "song_art_image_thumbnail_url": "https://images.genius.com/da1e9811afc8d803b4b6d730b99b0327.300x300x1.jpg",
 "song_art_image_url": "https://images.genius.com/da1e9811afc8d803b4b6d730b99b0327.1000x1000x1.jpg",
 "song_art_primary_color": null,
 "song_art_secondary_color": null,
 "song_art_text_color": null,
 "stats": {
  "unreviewed_annotations": 1,
  "concurrents": 2,
  "hot": false,
  "pageviews": 266207
 },
 "title": "Ain\u2019t It Fun",
 "title_with_featured": "Ain't It Fun",
 "updated_by_human_at": 1605724694,
 "url": "https://genius.com/Paramore-aint-it-fun-lyrics",
 "primary_artist": {
  "_type": "artist",
  "api_path": "/artists/22531",
  "header_image_url": "https://images.genius.com/c757b0ea8cc4b3e66c040bf7bcfb10dd.689x277x1.jpg",
  "id": 22531,
  "image_url": "https://images.genius.com/22545c6e90a9b7108be5302aeafaf09d.742x742x1.png",
  "index_character": "p",
  "is_meme_verified": false,
  "is_verified": false,
  "name": "Paramore",
  "slug": "Paramore",
  "url": "https://genius.com/artists/Paramore"
 },
 "artist": "Paramore",
 "lyrics": "[Verse 1]\nI don't mind\nLetting you down easy, but just give it time\nIf it don't hurt now just wait, just wait a while\nYou're not the big fish in the pond no more\nYou are what they're feeding on\n\n[Pre-Chorus 1]\nSo what are you gonna do\nWhen the world don't orbit around you\nSo what are you gonna do\nWhen the world don't orbit around you\n\n[Chorus]\nAin't it fun\nLiving in the real world\nAin't it good\nBeing all alone\n\n[Verse 2]\nWhere you're from\nYou might be the one who's running things\nWell you could ring anybody's bell and get what you want\nYou see it's easy to ignore trouble\nWhen you're living in a bubble\n[Pre-Chorus 2]\nSo what are you gonna do\nWhen the world don't orbit around you\nSo what are you gonna do\nWhen nobody wants to fool with you\n\n[Chorus]\nAin't it fun\nLiving in the real world\nAin't it good\nBeing all alone\n\n[Extended Chorus]\nAin't it good to be on your own\nAin't it fun, you can't count on no one\nAin't it good to be on your own\nAin't it fun, you can't count on no one\nAin't it fun\nLiving in the real world\n\n[Bridge]\nDon't go crying to your mama\n'Cause you're on your own in the real world\nDon't go crying to your mama\n'Cause you're on your own in the real world\nDon't go crying to your mama\n'Cause you're on your own in the real world\nDon't go crying to your mama\n'Cause you're on your own in the real world\nAin't it fun, ain't it fun\nBaby now you're one of us\nAin't it fun, ain't it fun, ain't it fun\n\n[Chorus]\nAin't it fun\nLiving in the real world\nAin't it good, ain't it good\nBeing all alone\nAin't it fun\nLiving in the real world\n('Cause the world don't orbit around you)\nAin't it good, ain't it good\nBeing all alone\n\n[Outro]\nDon't go crying to your mama (To your mother)\n'Cause you're on your own in the real world (Don't go crying)\nDon't go crying to your mama (To your mama)\n'Cause you're on your own in the real world\nDon't go crying to your mama\n'Cause you're on your own in the real world (This is the real world)\nDon't go crying to your mama\n'Cause you're on your own in the real world\nThis is the real world\nThis is the real world\nDon't go crying to your mama\n'Cause you're on your own in the real world\nDon't go crying to your mama\n'Cause you're on your own in the real world\nDon't go crying to your mama\n'Cause you're on your own in the real world\nDon't go crying to your mama\n'Cause you're on your own in the real world\nDon't go crying\nDon't go crying (You're on your own)\nDon't go crying..."
}