{
 "_type": "song",
 "annotation_count": 19,
 "api_path": "/songs/245249",
 "full_title": "The Man by\u00a0Aloe\u00a0Blacc",
 "header_image_thumbnail_url": "https://images.genius.com/6e8429b1c2539892d82ea13802c1ac09.300x300x1.jpg",
 "header_image_url": "https://images.genius.com/6e8429b1c2539892d82ea13802c1ac09.1000x1000x1.jpg",
 "id": 245249,
 "instrumental": false,
 "lyrics_owner_id": 201900,
 "lyrics_state": "complete",
 "lyrics_updated_at": 1600660596,
 "path": "/Aloe-blacc-the-man-lyrics",
 "pyongs_count": 229,
 "song_art_image_thumbnail_url": "https://images.genius.com/18907a5818d84208c9a229da23d78d8c.300x300x1.jpg",
 "song_art_image_url": "https://images.genius.com/18907a5818d84208c9a229da23d78d8c.600x600x1.jpg",
 "song_art_primary_color": null,
 "song_art_secondary_color": null,
 "song_art_text_color": null,
 "stats": {
  "unreviewed_annotations": 5,
  "hot": false,
  "pageviews": 625472
 },
 "title": "The Man",
 "title_with_featured": "The Man",
 "updated_by_human_at": 1600660595,
 "url": "https://genius.com/Aloe-blacc-the-man-lyrics",
 "primary_artist": {
  "_type": "artist",
  "api_path": "/artists/3896",
  "header_image_url": "https://images.genius.com/bfd5b295c4625e047172ee9ed359e213.426x426x1.jpg",
  "id": 3896,
  "image_url": "https://images.genius.com/bfd5b295c4625e047172ee9ed359e213.426x426x1.jpg",
  "index_character": "a",
  "is_meme_verified": true,
  "is_verified": true,
  "name": "Aloe Blacc",
  "slug": "Aloe-blacc",
  "url": "https://genius.com/artists/Aloe-blacc",
  "iq": 100
 },
 "artist": "Aloe Blacc",
 "lyrics": "[Produced by Danny Keyz & DJ Khalil]\n\n[Chorus]\nWell, you can tell everybody\nYeah, you can tell everybody\nGo ahead and tell everybody\nI'm the man, I'm the man, I'm the man\n\n[Post-Chorus]\nYes I am, yes I am, yes I am\nI'm the man, I'm the man, I'm the man\n\n[Verse 1]\nI believe every lie that I ever told\nPaid for every heart that I ever stole\nI played my cards and I didn't fold\nWell it ain't that hard when you got soul\n(This is my world)\nSomewhere I heard that life is a test\nI been through the worst but still, I give my best\nGod made my mold different from the rest\nThen he broke that mold so I know I\u2019m blessed\n(This is my world)\n\n[Pre-Chorus]\nStand up now and face the sun\nWon\u2019t hide my tail or turn and run\nIt\u2019s time to do what must be done\nBe a king when kingdom comes\n[Chorus]\nWell, you can tell everybody\nYeah, you can tell everybody\nGo ahead and tell everybody\nI'm the man, I'm the man, I'm the man\nWell, you can tell everybody\nYeah, you can tell everybody\nGo ahead and tell everybody\nI'm the man, I'm the man, I'm the man\n\n[Post-Chorus]\nYes I am, yes I am, yes I am\nI'm the man, I'm the man, I'm the man\n\n[Verse 2]\nI got all the answers to your questions\nI\u2019ll be the teacher you could be the lesson\nI\u2019ll be the preacher you be the confession\nI\u2019ll be the quick relief to all your stressin'\n(This is my world)\nIt\u2019s a thin line between love and hate\nIs you really real or is you really fake\nI\u2019m a soldier standing on my feet\nNo surrender and I won\u2019t retreat\n(This is my world)\n[Pre-Chorus]\nStand up now and face the sun\nWon\u2019t hide my tail or turn and run\nIt\u2019s time to do what must be done\nBe a king when kingdom comes\n\n[Chorus]\nWell, you can tell everybody\nYeah, you can tell everybody\nGo ahead and tell everybody\nI'm the man, I'm the man, I'm the man\nWell, you can tell everybody\nYeah, you can tell everybody\nGo ahead and tell everybody\nI'm the man, I'm the man, I'm the man\nWell, you can tell everybody\nYeah, you can tell everybody\nGo ahead and tell everybody\nI'm the man, I'm the man, I'm the man\nWell, you can tell everybody\nYeah, you can tell everybody\nGo ahead and tell everybody\nI'm the man, I'm the man, I'm the man\n\n[Post-Chorus]\nYes I am, yes I am, yes I am\nI'm the man, I'm the man, I'm the man\n[Bridge]\nI\u2019m the man\nGo ahead and tell everybody what I\u2019m saying y\u2019all\nI\u2019m the man\nGo ahead and tell everybody what I\u2019m saying y\u2019all\n\n[Chorus]\nWell, you can tell everybody\nYeah, you can tell everybody\nGo ahead and tell everybody\nI'm the man, I'm the man, I'm the man\nWell, you can tell everybody\nYeah, you can tell everybody\nGo ahead and tell everybody\nI'm the man, I'm the man, I'm the man\nWell, you can tell everybody\nYeah, you can tell everybody\nGo ahead and tell everybody\nI'm the man, I'm the man, I'm the man\nWell, you can tell everybody\nYeah, you can tell everybody\nGo ahead and tell everybody\nI'm the man, I'm the man, I'm the man\n\n[Post-Chorus]\nYes I am, yes I am, yes I am\nI'm the man, I'm the man, I'm the man"
}