{
 "_type": "song",
 "annotation_count": 18,
 "api_path": "/songs/390101",
 "full_title": "This Is How We Roll by\u00a0Florida\u00a0Georgia Line (Ft.\u00a0Luke\u00a0Bryan)",
 "header_image_thumbnail_url": "https://images.rapgenius.com/e0eb5eac7c2d79d96bb9517b742165e9.300x169x1.jpg",
 "header_image_url": "https://images.rapgenius.com/e0eb5eac7c2d79d96bb9517b742165e9.500x282x1.jpg",
 "id": 390101,
 "instrumental": false,
 "lyrics_owner_id": 70148,
 "lyrics_state": "complete",
 "lyrics_updated_at": 1581963525,
 "path": "/Florida-georgia-line-this-is-how-we-roll-lyrics",
 "pyongs_count": 25,
 "song_art_image_thumbnail_url": "https://images.genius.com/32148dd49bb7be00bc80aa179977b7b2.300x300x1.jpg",
 "song_art_image_url": "https://images.genius.com/32148dd49bb7be00bc80aa179977b7b2.400x400x1.jpg",
 "song_art_primary_color": null,
 "song_art_secondary_color": null,
 "song_art_text_color": null,
 "stats": {
  "unreviewed_annotations": 0,
  "hot": false,
  "pageviews": 71253
 },
 "title": "This Is How We Roll",
 "title_with_featured": "This Is How We Roll (Ft.\u00a0Luke\u00a0Bryan)",
 "updated_by_human_at": 1586450938,
 "url": "https://genius.com/Florida-georgia-line-this-is-how-we-roll-lyrics",
 "primary_artist": {
  "_type": "artist",
  "api_path": "/artists/38175",
  "header_image_url": "https://images.genius.com/1f4a01b37f9306c8637262c6e60431cf.1000x333x1.jpg",
  "id": 38175,
  "image_url": "https://images.genius.com/da88de75b646cdce91c36f29d342524d.1000x1000x1.jpg",
  "index_character": "f",
  "is_meme_verified": false,
  "is_verified": true,
  "name": "Florida Georgia Line",
  "slug": "Florida-georgia-line",
  "url": "https://genius.com/artists/Florida-georgia-line",
  "iq": 131
 },
 "artist": "Florida Georgia Line",
 "lyrics": "[Verse 1: Florida Georgia Line]\nThe mixtapes got a little Hank, little Drake\nA little somethin' bumpin', thumb thumpin' on the wheel right\nThe mix in our drinks, a little stronger than you think\nSo get a grip, take a sip of that feel right\nTrucks jacked up, flat bills flipped back\nYeah, you can find us where the party's at\n\n[Chorus: Florida Georgia Line]\nThis is how we roll, whoa, whoa\nWe hangin' 'round, singin' down everything on the radio\nWhoa, whoa\nWe light it up with our hands up\nThis is how we roll, this is how we do\nWe're burning down the night, shootin' bullets at the moon, baby\nThis is how we roll, whoa, whoa\n\n[Verse 2: Florida Georgia Line]\nYeah, baby, this is how we roll\nWe rollin' into town with nothin' else to do\nWe take another lap around\nYeah, holla at your boy if you need a ride\nIf you roll with me, yeah, you know we rollin' high\nUp on them 37 Nittos, windows tinted, hard to see though\nHow fresh my baby is in the shotgun seat oh\nThem kisses are for me though, automatic like a free throw\nThis life I live, it might not be for you, but it's for me though\n(Let's roll!)\n[Chorus: Florida Georgia Line]\nThis is how we roll, whoa, whoa\nWe hangin' 'round, singin' down everything on the radio\nWhoa, whoa\nWe light it up with our hands up\nThis is how we roll, this is how we do\nWhen the world turns ugly, I just turn and look at you, baby\nThis is how we roll, whoa\n\n[Guitar Solo]\n\n[Bridge: Luke Bryan & Florida Georgie Line]\nAnd we gonna sing it to 'em\nYeah, we're proud to be young\nWe stick to our guns\nWe love who we love and we wanna have fun\nYeah, we cuss on them Mondays\nAnd pray on them Sundays\nPass it around and we dream about one day\n\n[Chorus: Luke Byran & Florida Georgie Line]\n'Cause this is how we roll... (Come on, yall)\nWe hangin' 'round, singin' out everything on the radio, whoa, whoa\n(Get your hands up, get your hands up, get your hands up)\nWe light it up with our hands up (Aww, yeah)\nThis is how we roll, this is how we ride\nWe slangin' up the mud, cuttin' through the country side, baby\nThis is how we roll, whoa, whoa\n[Outro: Florida Georgie Line & Luke Bryan]\nYeah, this is how we roll (This is how we roll)\n(Yeah, baby, yeah, we'll be, lets go)\n(Yeah, this is how we roll) This how we roll\nThis is how we do\nWe burnin' down the night, shootin' bullets at the moon\n(Aww, yeah)\nBaby, this is how we roll, whoa, whoa (BK, Tyler)\n(One more time boys, let\u2019s go)\nYeah, this is how we roll (This is how we roll, whoa, whoa)"
}