{
 "_type": "song",
 "annotation_count": 16,
 "api_path": "/songs/181634",
 "full_title": "Classic by\u00a0MKTO",
 "header_image_thumbnail_url": "https://images.rapgenius.com/ed12162fe514a8bee5dd348436375547.300x300x1.png",
 "header_image_url": "https://images.rapgenius.com/ed12162fe514a8bee5dd348436375547.500x500x1.png",
 "id": 181634,
 "instrumental": false,
 "lyrics_owner_id": 243004,
 "lyrics_state": "complete",
 "lyrics_updated_at": 1615838818,
 "path": "/Mkto-classic-lyrics",
 "pyongs_count": 150,
 "song_art_image_thumbnail_url": "https://images.rapgenius.com/ed12162fe514a8bee5dd348436375547.300x300x1.png",
 "song_art_image_url": "https://images.rapgenius.com/ed12162fe514a8bee5dd348436375547.500x500x1.png",
 "song_art_primary_color": null,
 "song_art_secondary_color": null,
 "song_art_text_color": null,
 "stats": {
  "unreviewed_annotations": 1,
  "hot": false,
  "pageviews": 332444
 },
 "title": "Classic",
 "title_with_featured": "Classic",
 "updated_by_human_at": 1615838819,
 "url": "https://genius.com/Mkto-classic-lyrics",
 "primary_artist": {
  "_type": "artist",
  "api_path": "/artists/37434",
  "header_image_url": "https://images.genius.com/f733f7f7703245cfd1ea212b2c95f3ee.1000x563x1.png",
  "id": 37434,
  "image_url": "https://images.genius.com/9ea80e8e64545e0d437dd5d5382a6136.960x960x1.jpg",
  "index_character": "m",
  "is_meme_verified": false,
  "is_verified": true,
  "name": "MKTO",
  "slug": "Mkto",
  "url": "https://genius.com/artists/Mkto",
  "iq": 125
 },
 "artist": "MKTO",
 "lyrics": "[Intro]\nHey! Where's the drums?\nWooh oh oh oh\nLet's go!\n\n[Verse 1: Tony Oller]\nOoh, girl, you're shining like a 5th Avenue diamond\nAnd they don't make you like they used to\nYou're never going out of style\nOoh, pretty baby, this world might have gone crazy\nThe way you saved me, who could blame me\nWhen I just wanna make you smile?\n\n[Pre-Chorus]\nI wanna thrill you like Michael\nI wanna kiss you like Prince\nLet's get it on like Marvin Gaye, like Hathaway\nWrite a song for you like this\n\n[Chorus]\nYou're over my head, I'm out of my mind\nThinking I was born in the wrong time\nOne of a kind, living in a world gone plastic\nBaby, you're so classic\nBaby, you're so classic (Baby you)\nBaby, you're so classic\n[Verse 2: Tony Oller]\nFour dozen roses, anything for you to notice\nAll the way to serenade you, doing it Sinatra style\nI'mma pick you up in a Cadillac like a gentleman bringing glamour back\nKeep it real to real in the way I feel\nI could walk you down the aisle\n\n[Pre-Chorus]\nI wanna thrill you like Michael\nI wanna kiss you like Prince\nLet's get it on like Marvin Gaye, like Hathaway\nWrite a song for you like this\n\n[Chorus]\nYou're over my head, I'm out of my mind\nThinking I was born in the wrong time\nIt's love on rewind, everything is so throwback-ish\nI kinda like it how you\u2014\nOut of my league, old school chic\nLike a movie star from a silver screen\nYou're one of a kind, living in a world gone plastic\nBaby, you're so classic\nBaby, you're so classic\nBaby, you're so classic\n\n[Verse 3: Malcolm Kelly]\nBaby you're class, and baby you're sick\nI never met a girl like you ever till we met\nA star in the 40s, center fold in the 50s\nYou got me tripping out like the 60s, hippies\nQueen of the discotheque\nA 70s dream and an 80s best\nHepburn, Beyonce, Marilyn, massive\nGirl you're timeless, just so classic\n\n[Chorus]\nYou're over my head, I'm out of my mind\nThinking I was born in the wrong time\nIt's love on rewind, everything is so throwback-ish\nI kinda like it how you\u2014\nOut of my league, old school chic\nLike a movie star from a silver screen\nYou're one of a kind, living in a world gone plastic\nBaby, you're so classic\nBaby, you're so classic\nBaby, you're so classic"
}