{
 "_type": "song",
 "annotation_count": 8,
 "api_path": "/songs/387508",
 "full_title": "A Sky Full of Stars by\u00a0Coldplay",
 "header_image_thumbnail_url": "https://images.genius.com/08ad26e656c4afe88b87ba98a557aa2c.300x300x1.jpg",
 "header_image_url": "https://images.genius.com/08ad26e656c4afe88b87ba98a557aa2c.1000x1000x1.jpg",
 "id": 387508,
 "instrumental": false,
 "lyrics_owner_id": 214191,
 "lyrics_state": "complete",
 "lyrics_updated_at": 1600628275,
 "path": "/Coldplay-a-sky-full-of-stars-lyrics",
 "pyongs_count": 134,
 "song_art_image_thumbnail_url": "https://images.genius.com/1c96cd9f3ad24ecb1752d09613e78c7c.300x300x1.jpg",
 "song_art_image_url": "https://images.genius.com/1c96cd9f3ad24ecb1752d09613e78c7c.512x512x1.jpg",
 "song_art_primary_color": null,
 "song_art_secondary_color": null,
 "song_art_text_color": null,
 "stats": {
  "unreviewed_annotations": 0,
  "hot": false,
  "pageviews": 416412
 },
 "title": "A Sky Full of Stars",
 "title_with_featured": "A Sky Full of Stars",
 "updated_by_human_at": 1615395012,
 "url": "https://genius.com/Coldplay-a-sky-full-of-stars-lyrics",
 "primary_artist": {
  "_type": "artist",
  "api_path": "/artists/8351",
  "header_image_url": "https://images.genius.com/1114dd3242f6c135bc5b9376dc250cff.1000x562x1.jpg",
  "id": 8351,
  "image_url": "https://images.genius.com/e2d113628df4a00a88f3cc2ea026a1ac.400x400x1.jpg",
  "index_character": "c",
  "is_meme_verified": false,
  "is_verified": false,
  "name": "Coldplay",
  "slug": "Coldplay",
  "url": "https://genius.com/artists/Coldplay"
 },
 "artist": "Coldplay",
 "lyrics": "[Verse 1]\n'Cause you're a sky, 'cause you're a sky full of stars\nI'm gonna give you my heart\n'Cause you're a sky, 'cause you're a sky full of stars\n'Cause you light up the path\n\n[Chorus]\nI don't care, go on and tear me apart\nI don't care if you do, ooh-ooh, ooh\n'Cause in a sky, 'cause in a sky full of stars\nI think I saw you ooh-ooh-ooh, ooh-ooh-ooh\n\n[Verse 2]\n'Cause you're a sky, 'cause you're a sky full of stars\nI wanna die in your arms, oh-oh-oh, oh-oh\n'Cause you get lighter the more it gets dark\nI'm gonna give you my heart, oh\n\n[Chorus]\nI don't care, go on and tear me apart\nI don't care if you do, ooh-ooh, ooh\n'Cause in a sky, 'cause in a sky full of stars\nI think I see you ooh-ooh-ooh, ooh-ooh-ooh\nI think I see you ooh-ooh-ooh, ooh-ooh-ooh\n\n[Outro]\n'Cause you're a sky, you're a sky full of stars\nSuch a heavenly view\nYou're such a heavenly view\n(Yeah, yeah, yeah, ooh)"
}