{
 "_type": "song",
 "annotation_count": 29,
 "api_path": "/songs/403031",
 "full_title": "Don't by\u00a0Ed\u00a0Sheeran",
 "header_image_thumbnail_url": "https://images.genius.com/a5aa6e3884d670144ce60b1d070461f4.300x300x1.jpg",
 "header_image_url": "https://images.genius.com/a5aa6e3884d670144ce60b1d070461f4.1000x1000x1.jpg",
 "id": 403031,
 "instrumental": false,
 "lyrics_owner_id": 321196,
 "lyrics_state": "complete",
 "lyrics_updated_at": 1613430918,
 "path": "/Ed-sheeran-dont-lyrics",
 "pyongs_count": 410,
 "song_art_image_thumbnail_url": "https://images.genius.com/f4bc1d475fc321662620691a178ffe9c.300x300x1.jpg",
 "song_art_image_url": "https://images.genius.com/f4bc1d475fc321662620691a178ffe9c.1000x1000x1.jpg",
 "song_art_primary_color": null,
 "song_art_secondary_color": null,
 "song_art_text_color": null,
 "stats": {
  "unreviewed_annotations": 4,
  "hot": false,
  "pageviews": 1129084
 },
 "title": "Don\u2019t",
 "title_with_featured": "Don't",
 "updated_by_human_at": 1615227333,
 "url": "https://genius.com/Ed-sheeran-dont-lyrics",
 "primary_artist": {
  "_type": "artist",
  "api_path": "/artists/12418",
  "header_image_url": "https://images.genius.com/9b501d1e2fedb6654f9f7f078a14679d.1000x667x1.jpg",
  "id": 12418,
  "image_url": "https://images.genius.com/1ff6b6189e1a78e497e09c90c1f6692e.1000x1000x1.jpg",
  "index_character": "e",
  "is_meme_verified": true,
  "is_verified": true,
  "name": "Ed Sheeran",
  "slug": "Ed-sheeran",
  "url": "https://genius.com/artists/Ed-sheeran",
  "iq": 1300
 },
 "artist": "Ed Sheeran",
 "lyrics": "[Verse 1]\nI met this girl late last year\nShe said, \"Don't you worry if I disappear\"\nI told her I'm not really looking for another mistake\nI called an old friend thinking that the trouble would wait\nBut then I jumped right in a week later, returned\nI reckon she was only looking for a lover to burn\nBut I gave her my time for two or three nights\nThen I put it on pause until the moment was right\nI went away for months until our paths crossed again\nShe told me, \"I was never looking for a friend\nMaybe you could swing by my room around ten\nBaby, bring the lemon and a bottle of gin\nWe'll be in between the sheets till the late AM\"\nBaby, if you wanted me then you should have just said, she's singing\n[Chorus]\nDon't fuck with my love\nThat heart is so cold\nAll over my home\nI don't wanna know that babe\nDon't fuck with my love\nI told her she knows\nTake aim and reload\nI don't wanna know that babe\n[Verse 2]\nAnd for a couple weeks I only wanna see her\nWe drink away the days with a takeaway pizza\nBefore a text message was the only way to reach her\nNow she's staying at my place and loves the way I treat her\nSinging out Aretha, all over the track like a feature\nAnd never wants to sleep, I guess that I don't want to either\nBut me and her, we make money the same way\nFour cities, two planes, the same day\nAnd those shows have never been what it's about\nBut maybe we'll go together and just figure it out\nI'd rather put on a film with you and sit on a couch\nBut we should get on a plane or we'll be missing it now\nWish I'd have written it down, the way that things played out\nWhen she was kissing him, how I was confused about\nNow she should figure it out, while I'm sat here singing\n[Chorus]\nDon't fuck with my love\nThat heart is so cold\nAll over my home\nI don't wanna know that babe\nDon't fuck with my love\nI told her she knows\nTake aim and reload\nI don't wanna know that babe\n[Verse 3]\n(Knock, knock, knock) on my hotel door\nI don't even know if she knows what for\nShe was crying on my shoulder, I already told ya\nTrust and respect is what we do this for\nI never intended to be next (You bastard)\nBut you didn't need to take him to bed, that's all\nAnd I never saw him as a threat (You bastard)\nUntil you disappeared with him to have sex, of course\nIt's not like we were both on tour\nWe were staying on the same fucking hotel floor\nAnd I wasn't looking for a promise or commitment\nBut it was never just fun, and I thought you were different\nThis is not the way you realised what you wanted\nIt's a bit too much, too late if I'm honest\nAnd all this time, God knows I'm singing\n[Chorus]\nDon't fuck with my love\nThat heart is so cold\nAll over my home\nI don't wanna know that babe\nDon't fuck with my love\nI told her she knows\nTake aim and reload\nI don't wanna know that babe\nDon't fuck with my love\nThat heart is so cold\nAll over my home\nI don't wanna know that babe\nDon't fuck with my love\nI told her she knows\nTake aim and reload\nI don't wanna know that babe"
}