{
 "_type": "song",
 "annotation_count": 8,
 "api_path": "/songs/322351",
 "full_title": "Na Na by\u00a0Trey\u00a0Songz",
 "header_image_thumbnail_url": "https://images.genius.com/4d7558f37c7e70ba4ab841dd7710d880.300x300x1.jpg",
 "header_image_url": "https://images.genius.com/4d7558f37c7e70ba4ab841dd7710d880.1000x1000x1.jpg",
 "id": 322351,
 "instrumental": false,
 "lyrics_owner_id": 179876,
 "lyrics_state": "complete",
 "lyrics_updated_at": 1585627330,
 "path": "/Trey-songz-na-na-lyrics",
 "pyongs_count": 175,
 "song_art_image_thumbnail_url": "https://images.genius.com/4050915f6b8c174fa67763f392f0e032.300x300x1.jpg",
 "song_art_image_url": "https://images.genius.com/4050915f6b8c174fa67763f392f0e032.604x604x1.jpg",
 "song_art_primary_color": null,
 "song_art_secondary_color": null,
 "song_art_text_color": null,
 "stats": {
  "unreviewed_annotations": 1,
  "hot": false,
  "pageviews": 330290
 },
 "title": "Na Na",
 "title_with_featured": "Na Na",
 "updated_by_human_at": 1603645821,
 "url": "https://genius.com/Trey-songz-na-na-lyrics",
 "primary_artist": {
  "_type": "artist",
  "api_path": "/artists/326",
  "header_image_url": "https://images.genius.com/fec42cb7a6658894599556bbd1548c86.1000x995x1.jpg",
  "id": 326,
  "image_url": "https://images.genius.com/784d9135e67da7eb9bab97646a1d8aef.674x674x1.png",
  "index_character": "t",
  "is_meme_verified": false,
  "is_verified": false,
  "name": "Trey Songz",
  "slug": "Trey-songz",
  "url": "https://genius.com/artists/Trey-songz"
 },
 "artist": "Trey Songz",
 "lyrics": "[Intro]\nPut your hands in the air, in the air\nTrigga\nPut your, put your hands up in the air\nMustard on the beat, hoe\n\n[Pre-Chorus]\nOh na na, look what you done started\nOh na na, why you gotta act so naughty?\nOh na na, I\u2019m 'bout to spend all this cash\nOh na na, if you keep shaking that ass\n\n[Chorus]\nOh na na na, put your hands in the air if you\u2019re fucking tonight\nOh na na na, keep your hands in the air if you\u2019re spending the night\nOh na na na, oh na na na na na na na, everybody say it like\nOh na na na, oh na na na na na na na, everybody say\n\n[Verse 1]\nI\u2019m the nigga that you like, yeah\nI\u2019ma give you what you like, yeah\nOh, yeah, I\u2019ma give it to you right, yeah\nBest time of your life, yeah, oh yeah\nBaby, when you ready, tell the waitress get the check\nGirl, I know you\u2019re ready, I ain\u2019t even gotta check\nYou been through the worst, let me show you who\u2019s the best\nYou know I\u2019ma get you right, curve them niggas to the left, like\n[Pre-Chorus]\nOh na na, look what you done started\nOh na na, why you gotta act so naughty?\nOh na na, I\u2019m 'bout to spend all this cash\nOh na na, if you keep shaking that ass\n\n[Chorus]\nOh na na na, put your hands in the air if you\u2019re fucking tonight\nOh na na na, keep your hands in the air if you\u2019re spending the night\nOh na na na, oh na na na na na na na, everybody say it like\nOh na na na, oh na na na na na na na, everybody say\n\n[Verse 2]\nYou\u2019re the one that\u2019s hella bad, yeah\nYou\u2019re the one I ain\u2019t never had, yeah, oh yeah\nAll the problems you did have, yeah\nLeave them broke niggas in the past, yeah, oh yeah\nGirl, you had good but I could give you better\nI'll have you thinking 'bout forever, I\u2019ma make you say\n\n[Pre-Chorus]\nOh na na, look what you done started\nOh na na, why you gotta act so naughty?\nOh na na, I\u2019m 'bout to spend all this cash\nOh na na, if you keep shaking that ass\n[Chorus]\nOh na na na, put your hands in the air if you\u2019re fucking tonight\nOh na na na, keep your hands in the air if you\u2019re spending the night\nOh na na na, oh na na na na na na na, everybody say it like\nOh na na na, oh na na na na na na na, everybody say\n\n[Bridge]\nI\u2019m feeling lucky tonight, everybody say\nWhen we leave this party you gon' love me tonight, everybody say\nYou feeling lucky tonight, tonight, girl\nWhen we leave this party you gon' love me tonight\n\n[Chorus]\nOh na na na, put your hands in the air if you\u2019re fucking tonight\nOh na na na, keep your hands in the air if you\u2019re spending the night\nOh na na na, oh na na na na na na na, everybody say it like\nOh na na na, oh na na na na na na na, everybody say\n\n[Outro]\nNa na na\nHands in the air, na na na\nHands in the air, na na na na na\nHands in the air, na na na na na"
}