{
 "_type": "song",
 "annotation_count": 5,
 "api_path": "/songs/673008",
 "full_title": "Hot Boy by\u00a0Hustensaft\u00a0J\u00fcngling",
 "header_image_thumbnail_url": "https://images.genius.com/ed939bab6a70f9f8ed0d11691eb3ccf2.300x300x1.jpg",
 "header_image_url": "https://images.genius.com/ed939bab6a70f9f8ed0d11691eb3ccf2.960x960x1.jpg",
 "id": 673008,
 "instrumental": false,
 "lyrics_owner_id": 812906,
 "lyrics_state": "complete",
 "lyrics_updated_at": 1529434523,
 "path": "/Hustensaft-jungling-hot-boy-lyrics",
 "pyongs_count": null,
 "song_art_image_thumbnail_url": "https://images.genius.com/ed939bab6a70f9f8ed0d11691eb3ccf2.300x300x1.jpg",
 "song_art_image_url": "https://images.genius.com/ed939bab6a70f9f8ed0d11691eb3ccf2.960x960x1.jpg",
 "song_art_primary_color": null,
 "song_art_secondary_color": null,
 "song_art_text_color": null,
 "stats": {
  "unreviewed_annotations": 0,
  "hot": false
 },
 "title": "Hot Boy",
 "title_with_featured": "Hot Boy",
 "updated_by_human_at": 1547025992,
 "url": "https://genius.com/Hustensaft-jungling-hot-boy-lyrics",
 "primary_artist": {
  "_type": "artist",
  "api_path": "/artists/206469",
  "header_image_url": "https://images.genius.com/953d1eb38135e466d29be9c04dade324.1000x370x1.jpg",
  "id": 206469,
  "image_url": "https://images.genius.com/fa329b1c3d965c9812cc3d7fceb31747.699x699x1.jpg",
  "index_character": "h",
  "is_meme_verified": false,
  "is_verified": false,
  "name": "Hustensaft J\u00fcngling",
  "slug": "Hustensaft-jungling",
  "url": "https://genius.com/artists/Hustensaft-jungling"
 },
 "artist": "Hustensaft J\u00fcngling",
 "lyrics": "[Part 1]\nIch bin ein hot Boy, so wie Bobby Shmurda\nIch hab Goldketten drauf auf meinem K\u00f6rper\nIch trag ne Gucci Jacke und Louis Vuitton Belts\nIch zieh die Glock, wenn sich mir jemand in den Weg stellt\n\n[Hook]\nDenn du wei\u00dft ich bin ein hot Boy (Hot Boy)\nMeine Gang vertickt den Stoff, Boy (Stoff Boy)\nDenn du wei\u00dft ich bin ein hot Boy (Hot Boy)\nMeine Gang vertickt den Stoff, Boy (Stoff)\n\n[Part 2]\nKein Mezzo Mix; wir trinken nur Spirituosen\nIch trage Fendi G\u00fcrtel und Versace Unterhosen\nIch bin bei Burger King und order mir ein King Meal\nIch kann nicht wieder aufstehen, weil ich noch nie hinfiel\n\n[Hook]\nDenn du wei\u00dft ich bin ein hot Boy (Hot Boy)\nMeine Gang vertickt den Stoff, Boy (Stoff Boy)\nWir chillen hier am Block, man (Block man)\nDenn ich bin so \u00fcbertrieben hot, damn (Damn)\n\n[Part 3]\nHustensaft J\u00fcngling, Glo up Dinero Gang\nIch gebe keinen Fick, denn ich will das Dinero , man\nMula, Gwalla, Mula, Guap, (Mula)\nGwalla, Mula, Guap, Mula\nDas ist alles was ich neede, das ist, was ich mach\n2015! Das ist unser Takeover\nIch habe eine neue Gold Daytona (Gold)\nDenn du wei\u00dft ich bin ein hot Boy (Hot)\nMeine Gang vertickt den Stoff, Boy"
}