{
 "_type": "song",
 "annotation_count": 15,
 "api_path": "/songs/397946",
 "full_title": "Sing by\u00a0Ed\u00a0Sheeran (Ft.\u00a0Pharrell\u00a0Williams)",
 "header_image_thumbnail_url": "https://images.genius.com/7645b9bac2cd0670af7e6202dd541fa2.300x300x1.jpg",
 "header_image_url": "https://images.genius.com/7645b9bac2cd0670af7e6202dd541fa2.1000x1000x1.jpg",
 "id": 397946,
 "instrumental": false,
 "lyrics_owner_id": 104344,
 "lyrics_state": "complete",
 "lyrics_updated_at": 1597911215,
 "path": "/Ed-sheeran-sing-lyrics",
 "pyongs_count": 125,
 "song_art_image_thumbnail_url": "https://images.genius.com/ef556f9320f781714dc038499292f34c.300x300x1.jpg",
 "song_art_image_url": "https://images.genius.com/ef556f9320f781714dc038499292f34c.600x600x1.jpg",
 "song_art_primary_color": null,
 "song_art_secondary_color": null,
 "song_art_text_color": null,
 "stats": {
  "unreviewed_annotations": 1,
  "hot": false,
  "pageviews": 252017
 },
 "title": "Sing",
 "title_with_featured": "Sing (Ft.\u00a0Pharrell\u00a0Williams)",
 "updated_by_human_at": 1603921449,
 "url": "https://genius.com/Ed-sheeran-sing-lyrics",
 "primary_artist": {
  "_type": "artist",
  "api_path": "/artists/12418",
  "header_image_url": "https://images.genius.com/9b501d1e2fedb6654f9f7f078a14679d.1000x667x1.jpg",
  "id": 12418,
  "image_url": "https://images.genius.com/1ff6b6189e1a78e497e09c90c1f6692e.1000x1000x1.jpg",
  "index_character": "e",
  "is_meme_verified": true,
  "is_verified": true,
  "name": "Ed Sheeran",
  "slug": "Ed-sheeran",
  "url": "https://genius.com/artists/Ed-sheeran",
  "iq": 1300
 },
 "artist": "Ed Sheeran",
 "lyrics": "[Verse 1]\nIt's late in the evening\nGlass on the side\nI've been sat with you\nFor most of the night\nIgnorin' everybody here\nWe wish they would disappear\nSo maybe we could get down now\nAnd I don't wanna know\nIf you're gettin' ahead of the program\nI want you to be mine, lady\nTo hold your body close\nTake another step into the no-man's land\nAnd for the longest time, lady\n\n[Pre-Chorus]\nI need you darling\nCome on, set the tone\nIf you feel you're fallin'\nWon\u2019t you let me know\nIf you love me\nCome on, get involved\nFeel it rushin' through you\nFrom your head to toe\n\n[Chorus]\nSING!\nLOUDER!\nSING!\n[Verse 2]\nThis love is ablaze, I saw flames from the side of the stage\nAnd the fire brigade comes in a couple of days\nUntil then, we got nothin' to say and nothin' to know\nBut somethin' to drink and maybe somethin' to smoke\nLet it go until our roads are changed\nSingin' \"We Found Love\" in a local rave\nNo, I don't really know what I'm supposed to say\nBut I can just figure it out, then hope and pray\nI told her my name, then said \"It's nice to meet you\"\nThen she handed me a bottle of water filled with tequila\nI already know if she's a keeper\nJust from this one small act of kindness, I'm in\nDeep shit if anybody finds out\nI meant to drive home but I drunk all of it now\nNot soberin' up, we just sit on the couch\nOne thing led to another, now she's kissin' my mouth\n\n[Pre-Chorus]\nI need you darling\nCome on, set the tone\nIf you feel you're fallin'\nWon\u2019t you let me know\nIf you love me\nCome on, get involved\nFeel it rushin' through you\nFrom your head to toe\n[Chorus]\nSING!\nLOUDER!\nSING!\n\n[Bridge]\nCan you feel it?\nAll the guys in here don't even wanna dance\nCan you feel it?\nAll that I can hear is music from the back\nBut can you feel it?\nFound you hidin' here so won't you take my hand, darlin'?\nBefore the beat kicks in again\nCan you feel it?\nCan you feel it?\n\n[Final Chorus]\nSING!\nI need you darling\nCome on, set the tone\nIf you feel you're fallin'\nWon\u2019t you let me know\nLOUDER!\nSING!\nIf you love me\nCome on, get involved\nFeel it rushin' through you\nFrom your head to toe\nLOUDER!\nSING!"
}