{
 "_type": "song",
 "annotation_count": 0,
 "api_path": "/songs/1854993",
 "full_title": "My Hitta by\u00a0YG (Ft.\u00a0Jeezy & Rich\u00a0Homie Quan)",
 "header_image_thumbnail_url": "https://images.genius.com/3d62966592db27f223d4e6050790656d.300x300x1.jpg",
 "header_image_url": "https://images.genius.com/3d62966592db27f223d4e6050790656d.1000x1000x1.jpg",
 "id": 1854993,
 "instrumental": false,
 "lyrics_owner_id": 4212581,
 "lyrics_state": "complete",
 "lyrics_updated_at": 1547414967,
 "path": "/Yg-my-hitta-lyrics",
 "pyongs_count": 1,
 "song_art_image_thumbnail_url": "https://images.genius.com/3d62966592db27f223d4e6050790656d.300x300x1.jpg",
 "song_art_image_url": "https://images.genius.com/3d62966592db27f223d4e6050790656d.1000x1000x1.jpg",
 "song_art_primary_color": null,
 "song_art_secondary_color": null,
 "song_art_text_color": null,
 "stats": {
  "unreviewed_annotations": 0,
  "hot": false
 },
 "title": "My Hitta",
 "title_with_featured": "My Hitta (Ft.\u00a0Jeezy & Rich\u00a0Homie Quan)",
 "updated_by_human_at": 1547414994,
 "url": "https://genius.com/Yg-my-hitta-lyrics",
 "primary_artist": {
  "_type": "artist",
  "api_path": "/artists/1450",
  "header_image_url": "https://images.genius.com/9a88f3e337dd4995d8fa964256505b46.1000x1000x1.jpg",
  "id": 1450,
  "image_url": "https://images.genius.com/3d62966592db27f223d4e6050790656d.1000x1000x1.jpg",
  "index_character": "y",
  "is_meme_verified": true,
  "is_verified": true,
  "name": "YG",
  "slug": "Yg",
  "url": "https://genius.com/artists/Yg",
  "iq": 12458
 },
 "artist": "YG",
 "lyrics": "[Intro]\nMustard on the beat\n\n[Chorus: Rich Homie Quan]\nI said that I'ma ride for my (Hitta, my hitta)\nMost likely I'ma die for my (Hitta, my hitta)\nI've been grindin outside all day with my (Hittas)\nAnd I ain't goin' in unless I'm with my hittas\nMy hitta, my hitta (My hitta, my hitta)\nMy hitta, my hitta (My hitta, my hitta)\nMy hittas, my hittas (My hittas, my hittas)\nMy hittas, my hittas, duh\n\n[Verse 1: YG]\nFirst thing's first I love all my hittas\nThis rap rap cracked and I involve my hittas\nYou lookin' for some lean, lemme call my hitta\nHe sell it for the high, I need all mines hitta\nSome hittas smoke smoke, some hittas drink drank\nGot hittas on the block with the Glock that don't think\nThat's a hitta back up, they in a bucket lapped up\nI got to act right if you hittas wanna act up\nHe talkin' like a snitch no, that ain't my hitta\nHe trippin' off a bitch no, that ain't my hitta\nTake a case, yeah that's my hitta\nKnow him since I was eight, yeah that's my hitta\nFucked my first bitch, passed her to my hitta\nHit my first lick, passed with my hitta my hitta\nFuck them other hittas cause I'm down for my hittas\nI ride for my hittas, fuck them other hittas\n[Chorus: Rich Homie Quan]\nI said that I'ma ride for my (Hitta, my hitta)\nMost likely I'ma die for my (Hitta, my hitta)\nI've been grindin outside all day with my (Hittas)\nAnd I ain't goin' in unless I'm with my hittas\nMy hitta, my hitta (Dope boys my hittas)\nMy hitta, my hitta (YG my hitta)\nMy hittas, my hittas (Rich Homie my hitta)\nMy hittas, my hittas (It's the motherfuckin' world)\n\n[Verse 2: Young Jeezy]\nJust know I'm down with the hittas down for me\nI got two words for you, love and loyalty\nIt was me and my hitta, trippin' on a half a B\nWhen we used to hit a mall and buy everything we see\nMe and my down ass hitta gettin' twisted\nHitta get to trippin', knock the gravy out your biscuit\nJust know I fucked with you the long way, my hitta\nSo when I see you out I'm like, \"Hey, my hitta!\"\nDrink that act right by the case, my hittas\nDrink that act right and get straight with my hittas\nMe and my hitta ridin' dirty tryna chase them figures\nWho got the yopper, who got the yola? Don't matter, go figure\n\n[Chorus: Rich Homie Quan]\nI said that I'ma ride for my (Wassup)\nMost likely I'ma die for my (Finger on the...)\nI've been grindin outside all day with my hittas\nAnd I ain't goin' in unless I'm with my hittas\nMy hitta, my hitta (Yeah)\nMy hitta, my hitta (YG my hitta)\nMy hittas, my hittas (Rich Homie my hitta)\nMy hittas, my hittas (My my my)\n[Verse 3: Rich Homie Quan]\nMy homie got K, my homie got weight\nMy homie fronted me, he the reason I'm straight\nMy homie got a house, my homie got a lake\nMy homie we eatin', my homie get a plate\nAnd we're still hittin' licks, my hitta, my hitta\nRunnin' off a hitta shit, my hitta, my hitta\nI fucked a hitta bitch with my hitta, my hitta\nIf a hitta talkin' shit then he ain't my hitta\nMy hitta, my hitta (My hitta, my hitta)\nYg my hitta and I ain't goin' in, ain't tryna leave my hittas\nShawty seein' me and want to leave with a hitta\nBut it wasn't enough room cause I came with my hittas\nMy hittas, my hittas\nI need a set of wings cause I'm too fly, hitta\nAnd I'm all about my business like a suit and tie hitta\nI ride for my hittas (Believe that)\n\n[Chorus: Rich Homie Quan]\nI said that I'ma ride for my (Hitta, my hitta)\nMost likely I'ma die for my (Hitta, my hitta)\nI've been grindin outside all day with my (Hittas)\nAnd I ain't goin' in unless I'm with my hittas\nMy hitta, my hitta\nMy hitta, my hitta\nMy hittas, my hittas\nMy hittas, my hittas\n[Outro]\nMy hitta, my hitta\nMy hitta, my hitta\nMy hitta, my hitta"
}