{
 "_type": "song",
 "annotation_count": 9,
 "api_path": "/songs/356793",
 "full_title": "Cool Kids by\u00a0Echosmith",
 "header_image_thumbnail_url": "https://images.genius.com/3d7b86b781de88df4728f5ee26502446.300x300x1.jpg",
 "header_image_url": "https://images.genius.com/3d7b86b781de88df4728f5ee26502446.1000x1000x1.jpg",
 "id": 356793,
 "instrumental": false,
 "lyrics_owner_id": 7793,
 "lyrics_state": "complete",
 "lyrics_updated_at": 1610943357,
 "path": "/Echosmith-cool-kids-lyrics",
 "pyongs_count": 129,
 "song_art_image_thumbnail_url": "https://images.genius.com/298f424d7e0f1fc7595fb65fed581f28.300x300x1.jpg",
 "song_art_image_url": "https://images.genius.com/298f424d7e0f1fc7595fb65fed581f28.1000x1000x1.jpg",
 "song_art_primary_color": null,
 "song_art_secondary_color": null,
 "song_art_text_color": null,
 "stats": {
  "unreviewed_annotations": 3,
  "hot": false,
  "pageviews": 210131
 },
 "title": "Cool Kids",
 "title_with_featured": "Cool Kids",
 "updated_by_human_at": 1610934319,
 "url": "https://genius.com/Echosmith-cool-kids-lyrics",
 "primary_artist": {
  "_type": "artist",
  "api_path": "/artists/139795",
  "header_image_url": "https://images.genius.com/3501b9ec9c58524d2648173b79900b70.1000x667x1.jpg",
  "id": 139795,
  "image_url": "https://images.genius.com/9f233bc463d1dca71b60d8c4e52b0e1e.285x285x1.jpg",
  "index_character": "e",
  "is_meme_verified": false,
  "is_verified": true,
  "name": "Echosmith",
  "slug": "Echosmith",
  "url": "https://genius.com/artists/Echosmith",
  "iq": 1093
 },
 "artist": "Echosmith",
 "lyrics": "[Verse 1]\nShe sees them walking in a straight line, that's not really her style\nAnd they all got the same heartbeat, but hers is falling behind\nNothing in this world could ever bring them down\nYeah, they're invincible, and she's just in the background\nAnd she says...\n\n[Chorus]\nI wish that I could be like the cool kids\n'Cause all the cool kids, they seem to fit in\nI wish that I could be like the cool kids\nLike the cool kids\n\n[Verse 2]\nHe sees them talking with a big smile, but they haven't got a clue\nYeah, they're living the good life, can't see what he is going through\nThey're driving fast cars, but they don't know where they're going\nIn the fast lane, living life without knowing\nAnd he says...\n\n[Chorus]\nI wish that I could be like the cool kids\n'Cause all the cool kids, they seem to fit in\nI wish that I could be like the cool kids\nLike the cool kids\nI wish that I could be like the cool kids\n'Cause all the cool kids, they seem to get it\nI wish that I could be like the cool kids\nLike the cool kids\n[Bridge]\nAnd they said...\n\n[Chorus]\nI wish that I could be like the cool kids\n'Cause all the cool kids, they seem to fit in\nI wish that I could be like the cool kids\nLike the cool kids\nI wish that I could be like the cool kids\n'Cause all the cool kids, they seem to fit in\nI wish that I could be like the cool kids\nLike the cool kids\nI wish that I could be like the cool kids\n'Cause all the cool kids, they seem to get it\nI wish that I could be like the cool kids\nLike the cool kids"
}