{
 "_type": "song",
 "annotation_count": 12,
 "api_path": "/songs/194687",
 "full_title": "Talk Dirty by\u00a0Jason\u00a0Derulo (Ft.\u00a02\u00a0Chainz)",
 "header_image_thumbnail_url": "https://images.genius.com/7980861f0f615e4bc5bcdbe383f4a513.300x300x1.png",
 "header_image_url": "https://images.genius.com/7980861f0f615e4bc5bcdbe383f4a513.1000x1000x1.png",
 "id": 194687,
 "instrumental": false,
 "lyrics_owner_id": 24376,
 "lyrics_state": "complete",
 "lyrics_updated_at": 1616893648,
 "path": "/Jason-derulo-talk-dirty-lyrics",
 "pyongs_count": 286,
 "song_art_image_thumbnail_url": "https://images.genius.com/7980861f0f615e4bc5bcdbe383f4a513.300x300x1.png",
 "song_art_image_url": "https://images.genius.com/7980861f0f615e4bc5bcdbe383f4a513.1000x1000x1.png",
 "song_art_primary_color": null,
 "song_art_secondary_color": null,
 "song_art_text_color": null,
 "stats": {
  "unreviewed_annotations": 3,
  "hot": false,
  "pageviews": 840226
 },
 "title": "Talk Dirty",
 "title_with_featured": "Talk Dirty (Ft.\u00a02\u00a0Chainz)",
 "updated_by_human_at": 1616893648,
 "url": "https://genius.com/Jason-derulo-talk-dirty-lyrics",
 "primary_artist": {
  "_type": "artist",
  "api_path": "/artists/17764",
  "header_image_url": "https://images.genius.com/df3695123ddcc6f12164016bc1269035.1000x333x1.jpg",
  "id": 17764,
  "image_url": "https://images.genius.com/fd6809c8918d60d9126a397de46dc7dc.400x400x1.jpg",
  "index_character": "j",
  "is_meme_verified": false,
  "is_verified": true,
  "name": "Jason Derulo",
  "slug": "Jason-derulo",
  "url": "https://genius.com/artists/Jason-derulo",
  "iq": 1331
 },
 "artist": "Jason Derulo",
 "lyrics": "[Intro: Jason Derulo & Rie Abe]\nJason, haha\nJason Derulo\nHaha, get Jazzy on 'em\n\n[Verse 1: Jason Derulo]\nI'm that flight that you get on, international\nFirst-class seat on my lap, girl, riding comfortable (Oh, yeah)\nHa, 'cause I know what da girl dem need, New York to Haiti\nI got lipstick stamps on my passport, you make it hard to leave\n\n[Pre-Chorus: Jason Derulo]\nBeen around the world, don't speak the language (Uh-huh)\nBut your booty don't need explaining (Uh-huh)\nAll I really need to understand is (Uh-huh)\nWhen you talk dirty to me\n\n[Chorus: Jason Derulo]\nTalk dirty to me (What?)\nTalk dirty to me\nTalk dirty to me (What?)\nGet Jazzy on 'em\n\n[Verse 2: Jason Derulo]\nYou know the words to my songs, no habla ingl\u00e9s (Oh)\nOur conversations ain't long, but you know what is\nI know what the girldem want, London to Taiwan\nI got lipstick stamps on my passport, I think I need a new one\n[Pre-Chorus: Jason Derulo]\nBeen around the world, don't speak the language (Uh-huh)\nBut your booty don't need explaining (Uh-huh)\nAll I really need to understand is (Uh-huh)\nWhen you talk dirty to me\n\n[Chorus: Jason Derulo]\nTalk dirty to me (What?)\nTalk dirty to me\nTalk dirty to me (What?)\n\n[Bridge: Jason Derulo & 2 Chainz]\n(Uno) Met a friend in Rio\n(Dos) She was all on me-o\n(Tr\u00e9s) We could m\u00e9nage \u00e0 three-o\n(Cuatro) Oh, yeah (2 Chainz)\n\n[Verse 3: 2 Chainz & Jason Derulo, Both]\nDos Cadenas, close to genius\nSold-out arenas, you can suck my penis (Ooh, damn)\nGilbert Arenas, guns on deck (Deck)\nChest to chest, tongue on neck (Neck)\nInternational oral sex\nEvery picture I take, I pose a threat (Yeah; oh)\nBought a jet, what do you expect?\nHer pussy so good, I bought her a pet (Oh, oh, oh, oh)\nAnyway, every day, I'm tryna get to it\nGot her saved in my phone under \"Big Booty\" (Haha)\nAnyway, every day, I'm tryna get to it\nGot her saved in my phone under \"Big Booty\"\n[Pre-Chorus: Jason Derulo]\nBeen around the world, don't speak the language (Uh-huh)\nBut your booty don't need explaining (Uh-huh)\nAll I really need to understand is (Uh-huh)\nWhen you talk dirty to me\n\n[Chorus: Jason Derulo]\nYou do\nTalk dirty to me (What?)\nYeah, yeah\nTalk dirty to me\nTalk to me\nTalk dirty to me (What?)\nOoh, oh, yeah\nGet Jazzy on 'em\n\n[Outro: Rie Abe]\nWhat? I don't understand"
}