{
 "_type": "song",
 "annotation_count": 14,
 "api_path": "/songs/201933",
 "full_title": "Hey Brother by\u00a0Avicii",
 "header_image_thumbnail_url": "https://images.genius.com/0e648d5931826e647d7f181c7f2ae94c.300x300x1.jpg",
 "header_image_url": "https://images.genius.com/0e648d5931826e647d7f181c7f2ae94c.1000x1000x1.jpg",
 "id": 201933,
 "instrumental": false,
 "lyrics_owner_id": 140017,
 "lyrics_state": "complete",
 "lyrics_updated_at": 1616658534,
 "path": "/Avicii-hey-brother-lyrics",
 "pyongs_count": 114,
 "song_art_image_thumbnail_url": "https://images.genius.com/75efeefc5ce2b82e461e7c2d91ec8cdf.300x300x1.jpg",
 "song_art_image_url": "https://images.genius.com/75efeefc5ce2b82e461e7c2d91ec8cdf.1000x1000x1.jpg",
 "song_art_primary_color": null,
 "song_art_secondary_color": null,
 "song_art_text_color": null,
 "stats": {
  "unreviewed_annotations": 13,
  "hot": false,
  "pageviews": 492015
 },
 "title": "Hey Brother",
 "title_with_featured": "Hey Brother",
 "updated_by_human_at": 1610922446,
 "url": "https://genius.com/Avicii-hey-brother-lyrics",
 "primary_artist": {
  "_type": "artist",
  "api_path": "/artists/17491",
  "header_image_url": "https://images.genius.com/4bf9a84e560db90a8bbfba4ff7899917.1000x370x1.jpg",
  "id": 17491,
  "image_url": "https://images.genius.com/fc4d076d368a2dc637f7a44cb8feb132.1000x1000x1.jpg",
  "index_character": "a",
  "is_meme_verified": true,
  "is_verified": true,
  "name": "Avicii",
  "slug": "Avicii",
  "url": "https://genius.com/artists/Avicii",
  "iq": 675
 },
 "artist": "Avicii",
 "lyrics": "[Verse 1]\nHey, brother\nThere's an endless road to rediscover\nHey, sister\nKnow the water's sweet but blood is thicker\n\n[Pre-Chorus]\nOh, if the sky comes falling down\nFor you, there's nothing in this world I wouldn't do\n\n[Verse 2]\nHey, brother\nDo you still believe in one another?\nHey, sister\nDo you still believe in love?\nI wonder\n\n[Pre-Chorus]\nOh, if the sky comes falling down\nFor you, there's nothing in this world I wouldn't do\n\n[Chorus]\nWhat if I'm far from home?\nOh brother, I will hear you call\nWhat if I lose it all?\nOh sister, I will help you out\nOh, if the sky comes falling down\nFor you, there's nothing in this world I wouldn't do\n[Instrumental Break]\n\n[Verse 3]\nHey, brother\nThere's an endless road to rediscover\nHey, sister\nDo you still believe in love?\nI wonder\n\n[Pre-Chorus]\nOh, if the sky comes falling down\nFor you, there's nothing in this world I wouldn't do\n\n[Chorus]\nWhat if I'm far from home?\nOh brother, I will hear you call\nWhat if I lose it all?\nOh sister, I will help you out\nOh, if the sky comes falling down\nFor you, there's nothing in this world I wouldn't do"
}