{
 "_type": "song",
 "annotation_count": 14,
 "api_path": "/songs/220968",
 "full_title": "Trumpets by\u00a0Jason\u00a0Derulo (Ft.\u00a0Jon\u00a0Bellion)",
 "header_image_thumbnail_url": "https://images.genius.com/77eb618794b8fd30749574d77ff98635.300x300x1.jpg",
 "header_image_url": "https://images.genius.com/77eb618794b8fd30749574d77ff98635.1000x1000x1.jpg",
 "id": 220968,
 "instrumental": false,
 "lyrics_owner_id": 273498,
 "lyrics_state": "complete",
 "lyrics_updated_at": 1616603979,
 "path": "/Jason-derulo-trumpets-lyrics",
 "pyongs_count": 135,
 "song_art_image_thumbnail_url": "https://images.genius.com/9b5f3a65712ddbdcb5f9be1c88f7f1ef.300x300x1.png",
 "song_art_image_url": "https://images.genius.com/9b5f3a65712ddbdcb5f9be1c88f7f1ef.1000x1000x1.png",
 "song_art_primary_color": null,
 "song_art_secondary_color": null,
 "song_art_text_color": null,
 "stats": {
  "unreviewed_annotations": 2,
  "hot": false,
  "pageviews": 236404
 },
 "title": "Trumpets",
 "title_with_featured": "Trumpets (Ft.\u00a0Jon\u00a0Bellion)",
 "updated_by_human_at": 1616603979,
 "url": "https://genius.com/Jason-derulo-trumpets-lyrics",
 "primary_artist": {
  "_type": "artist",
  "api_path": "/artists/17764",
  "header_image_url": "https://images.genius.com/df3695123ddcc6f12164016bc1269035.1000x333x1.jpg",
  "id": 17764,
  "image_url": "https://images.genius.com/fd6809c8918d60d9126a397de46dc7dc.400x400x1.jpg",
  "index_character": "j",
  "is_meme_verified": false,
  "is_verified": true,
  "name": "Jason Derulo",
  "slug": "Jason-derulo",
  "url": "https://genius.com/artists/Jason-derulo",
  "iq": 1331
 },
 "artist": "Jason Derulo",
 "lyrics": "[Chorus]\nEvery time that you get undressed\nI hear symphonies in my head\nI wrote this song just looking at you oh, oh\nYeah, the drums they swing low\nAnd the trumpets they go\nAnd the trumpets they go\nYeah, the trumpets they go\nDa da, da ra ra da, da, da\nDa, ra, ra, ra, da, da\nDa da, da ra ra da, da, da (ooh, woo)\nDa, ra, ra, ra, da, da (they go)\n\n[Verse 1]\nHaha, is it weird that I hear\nViolins whenever you\u2019re gone? (Whenever you're gone)\nYeah, is it weird that your ass\nRemind me of a Kanye West song? (Kanye West song)\nHaha, yeah, is it weird that I hear\nTrumpets when you\u2019re turning me on? (Turning me on)\nIs it weird that your bra\nRemind me of a Katy Perry song?\n\n[Chorus]\nEvery time that you get undressed\nI hear symphonies in my head\nI wrote this song just looking at you oh, oh\nYeah, the drums they swing low\nAnd the trumpets they go (and they're playing for you, baby)\nAnd the trumpets they go, haha, yeah\nYeah, the trumpets they go\nDa da, da ra ra da, da, da\nDa, ra, ra, ra, da, da\nYeah, the trumpets they go\nDa da, da ra ra da, da, da (go, go go, go go)\nDa, ra, ra, ra, da, da (go, go go, go go, they go)\n[Verse 2]\nDamn, is it weird that I hear\nAngels every time that you moan? (Time that you moan)\nUh, oh, yeah, is it weird that your eyes\nRemind me of a Coldplay song? (A Coldplay song)\nIs it weird that I hear\nTrumpets when you\u2019re turning me on?\nIs it weird that your bra (that your bra)\nRemind me of a Katy Perry song?\n\n[Chorus]\nEvery time that you get undressed\nI hear symphonies in my head\nI wrote this song looking at you oh, oh (oh yeah)\nEvery time that you get undressed (every time, every time that you get undressed)\nI hear symphonies in my head (haha, I har symphonies in my head)\nI wrote this song just looking at you oh, oh (haha, I wrote this song, just looking at you, girl)\nUh, yeah, the drums they swing low\nAnd the trumpets they go\n[Da da, da ra ra da, da, da\nDa, ra, ra, ra, da, da (acapella on 'em)\nDa da, da ra ra da, da, da (they go, oh yeah, oh)\nDa, ra, ra, ra, da, da (c'mon, c'mon, c'mon)](2959868)\nThey go\n[Video by Jason Derulo and Colin Tilley]"
}