{
 "_type": "song",
 "annotation_count": 10,
 "api_path": "/songs/502834",
 "full_title": "Animals by\u00a0Maroon\u00a05",
 "header_image_thumbnail_url": "https://images.genius.com/89e63c9e5adab58b977cb3c0071f4aa1.300x300x1.png",
 "header_image_url": "https://images.genius.com/89e63c9e5adab58b977cb3c0071f4aa1.1000x1000x1.png",
 "id": 502834,
 "instrumental": false,
 "lyrics_owner_id": 1046922,
 "lyrics_state": "complete",
 "lyrics_updated_at": 1614549332,
 "path": "/Maroon-5-animals-lyrics",
 "pyongs_count": 131,
 "song_art_image_thumbnail_url": "https://images.genius.com/571717bdf1b6bb7a1c3a9a497edb235b.300x300x1.png",
 "song_art_image_url": "https://images.genius.com/571717bdf1b6bb7a1c3a9a497edb235b.1000x1000x1.png",
 "song_art_primary_color": null,
 "song_art_secondary_color": null,
 "song_art_text_color": null,
 "stats": {
  "unreviewed_annotations": 1,
  "concurrents": 2,
  "hot": false,
  "pageviews": 354259
 },
 "title": "Animals",
 "title_with_featured": "Animals",
 "updated_by_human_at": 1614728638,
 "url": "https://genius.com/Maroon-5-animals-lyrics",
 "primary_artist": {
  "_type": "artist",
  "api_path": "/artists/13539",
  "header_image_url": "https://images.genius.com/dd99997ae884d898f17ca4f6e648bc22.1000x333x1.jpg",
  "id": 13539,
  "image_url": "https://images.genius.com/6780ce1add3af75c73929a8f6630e099.900x900x1.jpg",
  "index_character": "m",
  "is_meme_verified": false,
  "is_verified": false,
  "name": "Maroon 5",
  "slug": "Maroon-5",
  "url": "https://genius.com/artists/Maroon-5"
 },
 "artist": "Maroon 5",
 "lyrics": "[Chorus]\nBaby, I'm preying on you tonight\nHunt you down, eat you alive\nJust like animals, animals, like animals-mals\nMaybe you think that you can hide\nI can smell your scent from miles\nJust like animals, animals, like animals-mals\nBaby, I'm... (Hey)\n\n[Verse 1]\nSo what you trying to do to me? (Hey)\nIt's like we can't stop, we're enemies (Hey)\nBut we get along when I'm inside you, yeah (Hey)\nYou're like a drug that's killing me (Hey)\nI cut you out entirely (Hey)\nBut I get so high when I'm inside you\n\n[Pre-Chorus]\nYeah, you can start over, you can run free (Hey)\nYou can find other fish in the sea (Hey)\nYou can pretend it's meant to be (Hey)\nBut you can't stay away from me\nI can still hear you making that sound (Hey)\nTaking me down, rolling on the ground (Hey)\nYou can pretend that it was me, but no, oh (Hey)\n[Chorus]\nBaby, I'm preying on you tonight\nHunt you down, eat you alive\nJust like animals, animals, like animals-mals\nMaybe you think that you can hide\nI can smell your scent from miles\nJust like animals, animals, like animals-mals\nBaby, I'm... (Hey)\n\n[Verse 2]\nSo if I run, it's not enough (Hey)\nYou're still in my head, forever stuck (Hey)\nSo you can do what you wanna do, yeah (Hey)\nI love your lies, I'll eat 'em up (Hey)\nBut don't deny the animal (Hey)\nThat comes alive when I'm inside you\n\n[Pre-Chorus]\nYeah, you can start over, you can run free (Hey)\nYou can find other fish in the sea (Hey)\nYou can pretend it's meant to be\nBut you can't stay away from me\nI can still hear you making that sound (Hey)\nTaking me down, rolling on the ground (Hey)\nYou can pretend that it was me, but no, oh (Hey)\n[Chorus]\nBaby, I'm preying on you tonight\nHunt you down, eat you alive\nJust like animals, animals, like animals-mals\nMaybe you think that you can hide\nI can smell your scent from miles\nJust like animals, animals, like animals-mals\nBaby, I'm...\n\n[Bridge]\nDon't tell no lie, lie, lie, lie\nYou can't deny-ny-ny-ny\nThe beast inside, si-si-side\nYeah, yeah, yeah\nNo girl don't lie, lie, lie, lie (No, no, don't lie)\nYou can't deny-ny-ny-ny (You can't deny)\nThe beast inside, si-si-side\nYeah, yeah, yeah, yo-oh, oh, oh, oh, oh, oh, oh\nJust like animals, animals, like animals-mals (Hey, hey)\nJust like animals, animals, like animals-mals, oww!\n(Yeah, yeah, yeah)\n\n[Chorus]\nBaby, I'm preying on you tonight\nHunt you down, eat you alive\nJust like animals, animals, like animals-mals\nMaybe you think that you can hide\nI can smell your scent from miles\nJust like animals, animals, like animals-mals\nBaby, I'm...\n[Outro]\nDon't tell no lie, lie, lie, lie\nYou can't deny-ny-ny-ny\nThe beast inside, si-si-side\nYeah, yeah, yeah\nNo girl don't lie, lie, lie, lie (No, no, don't lie)\nYou can't deny-ny-ny-ny (You can't deny)\nThe beast inside, si-si-side\nYeah, yeah, yeah"
}