{
 "_type": "song",
 "annotation_count": 7,
 "api_path": "/songs/491783",
 "full_title": "Burnin' It Down by\u00a0Jason\u00a0Aldean",
 "header_image_thumbnail_url": "https://images.genius.com/560602275cfb23e9c2a3b328a3ea4a87.300x300x1.jpg",
 "header_image_url": "https://images.genius.com/560602275cfb23e9c2a3b328a3ea4a87.500x500x1.jpg",
 "id": 491783,
 "instrumental": false,
 "lyrics_owner_id": 672397,
 "lyrics_state": "complete",
 "lyrics_updated_at": 1590569708,
 "path": "/Jason-aldean-burnin-it-down-lyrics",
 "pyongs_count": 53,
 "song_art_image_thumbnail_url": "https://images.genius.com/9d27fe43f31d573ac90cfae93006d00f.300x300x1.jpg",
 "song_art_image_url": "https://images.genius.com/9d27fe43f31d573ac90cfae93006d00f.1000x1000x1.jpg",
 "song_art_primary_color": null,
 "song_art_secondary_color": null,
 "song_art_text_color": null,
 "stats": {
  "unreviewed_annotations": 0,
  "hot": false,
  "pageviews": 36291
 },
 "title": "Burnin\u2019 It Down",
 "title_with_featured": "Burnin' It Down",
 "updated_by_human_at": 1594688337,
 "url": "https://genius.com/Jason-aldean-burnin-it-down-lyrics",
 "primary_artist": {
  "_type": "artist",
  "api_path": "/artists/17949",
  "header_image_url": "https://images.genius.com/6830c37daf1aebe4454ba6824351c028.1000x563x1.jpg",
  "id": 17949,
  "image_url": "https://images.genius.com/b6d96e72bc96e546fc7f88504e13ee0c.792x792x1.jpg",
  "index_character": "j",
  "is_meme_verified": false,
  "is_verified": false,
  "name": "Jason Aldean",
  "slug": "Jason-aldean",
  "url": "https://genius.com/artists/Jason-aldean"
 },
 "artist": "Jason Aldean",
 "lyrics": "[Verse 1]\nYou slip your finger through the tear in my t-shirt\nYou stirrin' up dirty in the back of my mind\nYou keep on flirtin', 'cause you know that it's workin'\nYou stuck in my head girl writing the lines\nCouldn't sing this song without you if I tried\nLet's light it up like it's our last night\n\n[Chorus]\nWe're just hanging around\nBurnin' it down\nSippin' on some cold Jack Daniel's\nJammin' to some old Alabama with you baby\nLaying right here naked in my bed\nI'm just doing my thing\nYou love it when I sing\nSay it makes you feel like an angel\nWe about to get a little tangled up right about now\nSo girl let's keep burnin' it down\nBurnin' it down, burnin' it down\n\n[Verse 2]\nGirl when you want it\nYou know that I'm on it\nYou know that I love lovin' up on you\nLet's hit the switch and let our shadows dance\nAnd light it up like it's our last chance\n[Chorus]\nWe're just hanging around\nBurnin' it down\nSippin' on some cold Jack Daniel's\nJammin' to some old Alabama with you baby\nLaying right here dreamin' in my bed\nI'm just doing my thing\nYou love it when I sing\nSay it makes you feel like an angel\nWe about to get a little tangled up right about now\nSo girl let's keep burnin' it down\nBurnin' it down, burnin' it down, burnin' it down\nBurnin' it down, burnin' it down, burnin' it down\n\n[Bridge]\nI wanna rock it all night\nBaby girl will you rock it out with me (with me)\nI wanna crawl through the dark\nJust to feel your heartbeat against me (against me)\nI wanna rock it all night\nBaby girl will you rock it out with me (with me)\nI wanna crawl through the dark\nJust to feel your heartbeat against me  (against me)\n\n[Chorus]\nWe're just hanging around\nBurnin' it down\nSippin' on some cold Jack Daniel's\nJammin' to some old Alabama with you baby\nLaying right here naked in my bed\nI'm just doing my thing\nYou love it when I sing\nSay it makes you feel like an angel\nWe about to get a little tangled up right about now\nSo girl let's keep burnin' it down\nBurnin' it down, burnin' it down, burnin' it down\nBurnin' it down, burnin' it down, burnin' it down\n[Outro]\nI wanna rock it all night\nBaby girl will you rock it out with me (with me)\nI wanna crawl through the dark\nJust to feel your heartbeat against me"
}