{
 "_type": "song",
 "annotation_count": 18,
 "api_path": "/songs/398162",
 "full_title": "Play It Again by\u00a0Luke\u00a0Bryan",
 "header_image_thumbnail_url": "https://images.genius.com/471ecdc62e4d37e206750b76ab4be09e.300x300x1.jpg",
 "header_image_url": "https://images.genius.com/471ecdc62e4d37e206750b76ab4be09e.1000x1000x1.jpg",
 "id": 398162,
 "instrumental": false,
 "lyrics_owner_id": 70148,
 "lyrics_state": "complete",
 "lyrics_updated_at": 1563321560,
 "path": "/Luke-bryan-play-it-again-lyrics",
 "pyongs_count": 39,
 "song_art_image_thumbnail_url": "https://images.genius.com/b676d44813b292f226ee94739efdd326.300x300x1.png",
 "song_art_image_url": "https://images.genius.com/b676d44813b292f226ee94739efdd326.640x640x1.png",
 "song_art_primary_color": null,
 "song_art_secondary_color": null,
 "song_art_text_color": null,
 "stats": {
  "unreviewed_annotations": 0,
  "hot": false,
  "pageviews": 55425
 },
 "title": "Play It Again",
 "title_with_featured": "Play It Again",
 "updated_by_human_at": 1563321560,
 "url": "https://genius.com/Luke-bryan-play-it-again-lyrics",
 "primary_artist": {
  "_type": "artist",
  "api_path": "/artists/22764",
  "header_image_url": "https://images.genius.com/38ad1f4d795dcbd52f7a678e9498c78e.1000x333x1.png",
  "id": 22764,
  "image_url": "https://images.genius.com/2f36d36a60a43617a67f676d89ce8af1.399x399x1.jpg",
  "index_character": "l",
  "is_meme_verified": false,
  "is_verified": false,
  "name": "Luke Bryan",
  "slug": "Luke-bryan",
  "url": "https://genius.com/artists/Luke-bryan"
 },
 "artist": "Luke Bryan",
 "lyrics": "[Verse 1]\nShe was sittin' all alone over on the tailgate\nTan legs swingin' by a Georgia plate\nI was lookin' for her boyfriend\nThinkin', \"no way she ain't got one\"\nSoon as I sat down I was fallin' in love\nTryin' to pour a little sugar in her Dixie cup\nTalkin' over the speakers in the back of that truck\nShe jumped up and cut me off\n\n[Chorus]\nShe was like, \"oh my God, this is my song\nI've been listenin' to the radio all night long\nSittin' 'round waitin' for it to come on and here it is\"\nShe was like, \"come here, boy, I wanna dance!\"\n'Fore I said a word, she was takin' my hand\nSpinnin' me around till it faded out\nAnd she gave me a kiss\nAnd she said, \"play it again, play it again, play it again\"\nAnd I said, \"play it again, play it again, play it again\"\n\n[Verse 2]\nI'd gave that DJ my last dime\nIf he would have played it just one more time\nBut a little while later\nWe were sittin' in the drive in my truck\nBefore I walked her to the door\nI was scannin' like a fool AM, FM, XM too\nBut I stopped real quick when I heard that groove\nMan, you should have seen her light up\n[Chorus 2]\nShe was like, \"oh my God, this is my song\nWe've been listenin' to the radio all night long\nI can't believe that it came back on, but here it is\"\nShe was like, \"come here boy, I wanna dance!\"\n'Fore I said a word, she was takin' my hand\nSpinnin' in the headlights she gave me a goodnight kiss\nAnd I said, \"play it again, play it again, play it again\"\n\n[Bridge]\nAnd she said, \"play it again, play it again, play it again\"\nThe next Friday night we were sittin' out under the stars\nYou should have seen her smile when I broke out my guitar\n\n[Chorus 3]\nShe was like, \"oh my God, this is my song\nI've been listenin' to the radio all night long\nSittin' 'round waitin' for it to come on and here it is\"\nShe was like, \"come here boy, I wanna dance!\"\n'Fore I said a word, she was takin' my hand\nSpinnin' in the headlights she gave me a goodnight kiss\nAnd she said, \"play it again, play it again, play it again\"\nAnd I said, \"play it again, play it again, play it again\"\n\n[Outro]\nYeah play it again, play it again, play it again\nSomebody play it again, play it again, play it again"
}