{
 "_type": "song",
 "annotation_count": 21,
 "api_path": "/songs/338701",
 "full_title": "2 On by\u00a0Tinashe (Ft.\u00a0ScHoolboy\u00a0Q)",
 "header_image_thumbnail_url": "https://images.genius.com/e4bd62b92c2a0285c30bbf33a73051fd.300x300x1.jpg",
 "header_image_url": "https://images.genius.com/e4bd62b92c2a0285c30bbf33a73051fd.1000x1000x1.jpg",
 "id": 338701,
 "instrumental": false,
 "lyrics_owner_id": 86479,
 "lyrics_state": "complete",
 "lyrics_updated_at": 1609499644,
 "path": "/Tinashe-2-on-lyrics",
 "pyongs_count": 372,
 "song_art_image_thumbnail_url": "https://images.genius.com/e4bd62b92c2a0285c30bbf33a73051fd.300x300x1.jpg",
 "song_art_image_url": "https://images.genius.com/e4bd62b92c2a0285c30bbf33a73051fd.1000x1000x1.jpg",
 "song_art_primary_color": null,
 "song_art_secondary_color": null,
 "song_art_text_color": null,
 "stats": {
  "unreviewed_annotations": 2,
  "hot": false,
  "pageviews": 924328
 },
 "title": "2 On",
 "title_with_featured": "2 On (Ft.\u00a0ScHoolboy\u00a0Q)",
 "updated_by_human_at": 1609499644,
 "url": "https://genius.com/Tinashe-2-on-lyrics",
 "primary_artist": {
  "_type": "artist",
  "api_path": "/artists/25561",
  "header_image_url": "https://images.genius.com/51c5f1cf2f63d575829c296e34bf3d87.1000x229x1.png",
  "id": 25561,
  "image_url": "https://images.genius.com/57d76537a95b2adfb3eb8350c3f597c3.1000x1000x1.jpg",
  "index_character": "t",
  "is_meme_verified": false,
  "is_verified": true,
  "name": "Tinashe",
  "slug": "Tinashe",
  "url": "https://genius.com/artists/Tinashe",
  "iq": 20660
 },
 "artist": "Tinashe",
 "lyrics": "[Produced by DJ Mustard]\n\n[Verse 1: Tinashe]\nGive me all that you got now\nMake you want me cause I'm hot now\nI'm gone, so faded I'm on one\nBang bang, pop off like a long gun\n[Pre-hook: Tinashe]\nIf you a lame, nigga you ain't making no noise\nGet faded, turn up with the big boys\nLive fast, die young that's my choice\nGet money, get money like an invoice\nWe can mob all in the whip\nMake the money make a grip\nI be stuntin' with my clique\nGetting faded 'till we trip (oh)\n\n[Hook: Tinashe]\nMan, I love to get on\nI love to get 2 on\nWhen the drink be too strong\nWhen the tree be way too strong\nGet faded, turn up, bruh\nPour it on up 'till I can't even think no more\nGet ratchet, go dumb then go more dumb then\nWe can keep it lit, let's roll\nI love to get 2 on\nLet-let... let's roll\nI love to get 2 on, I love to\nLet-let-let's roll\nLet-let-let's roll\n[Verse 2: Tinashe]\nYea we can get active\nAnd all my bitches attractive\nWe go, you know who we are now\nGet high, hotbox in my car now\n[Pre-hook: Tinashe]\nIf you a lame, nigga you ain't making no noise\nGet faded, turn up with the big boys\nLive fast, die young that's my choice\nGet money, get money like an invoice\nWe can mob all in the whip\nMake the money make a grip\nI be stuntin' with my clique\nGetting faded 'till we trip (oh)\n\n[Hook: Tinashe]\nMan, I love to get on\nI love to get 2 on\nWhen the drink be too strong\nWhen the tree be way too strong\nGet faded, turn up, bruh\nPour it on up 'till I can't even think no more\nGet ratchet, go dumb then go more dumb then\nWe can keep it lit, let's roll\nI love to get 2 on\nLet-let... let's roll\nI love to get 2 on, I love to\nLet-let-let's roll\nLet-let-let's roll\n[Verse 3: ScHoolboy Q]\nUh, pull your panties down from under you\nBeat that pussy up, make you wanna holla Q\nDrunk than a bitch, high on that Mary Jane\nPussy in my mouth, pussy on my pinky ring\nNasty, baby me do it in the backseat\nSwear this marijuana keep it cracking\nLights, camera, action, I ain't doing nothing 'til the cash in\nMoney, money, money, weed, fashion\nDraped up and dripped out, keep the trees passing\nGirl toot that thing up, fuck me, fuck rapping\nDays of our lives so clap, clap that cake\nSpreading your thighs I pump, pump your brakes, ay\n[Bridge: Tinashe]\nJust give me the trees and we can smoke it ya\nJust give me the drink and we can pour it ya\nAnd my enemies, they see me living now\nAnd if you roll with me, then you'll be winning now, oh\n\n[Hook: Tinashe]\nMan, I love to get on\nI love to get 2 on\nWhen the drink be too strong\nWhen the tree be way too strong\nGet faded, turn up, bruh\nPour it on up 'till I can't even think no more\nGet ratchet, go dumb then go more dumb then\nWe can keep it lit, let's roll\nI love to get 2 on\nLet-let... let's roll\nI love to get 2 on, I love to\nLet-let-let's roll\nLet-let-let's roll"
}