{
 "_type": "song",
 "annotation_count": 16,
 "api_path": "/songs/476179",
 "full_title": "Dirt by\u00a0Florida\u00a0Georgia Line",
 "header_image_thumbnail_url": "https://images.genius.com/0cf2ccb0c7737d14274fafc5cd23b9e8.300x300x1.jpg",
 "header_image_url": "https://images.genius.com/0cf2ccb0c7737d14274fafc5cd23b9e8.1000x1000x1.jpg",
 "id": 476179,
 "instrumental": false,
 "lyrics_owner_id": 672397,
 "lyrics_state": "complete",
 "lyrics_updated_at": 1581979822,
 "path": "/Florida-georgia-line-dirt-lyrics",
 "pyongs_count": 45,
 "song_art_image_thumbnail_url": "https://images.genius.com/6b11da93d7ad2ba635219ddb9844df8e.300x300x1.jpg",
 "song_art_image_url": "https://images.genius.com/6b11da93d7ad2ba635219ddb9844df8e.1000x1000x1.jpg",
 "song_art_primary_color": null,
 "song_art_secondary_color": null,
 "song_art_text_color": null,
 "stats": {
  "unreviewed_annotations": 0,
  "hot": false,
  "pageviews": 28030
 },
 "title": "Dirt",
 "title_with_featured": "Dirt",
 "updated_by_human_at": 1589950729,
 "url": "https://genius.com/Florida-georgia-line-dirt-lyrics",
 "primary_artist": {
  "_type": "artist",
  "api_path": "/artists/38175",
  "header_image_url": "https://images.genius.com/1f4a01b37f9306c8637262c6e60431cf.1000x333x1.jpg",
  "id": 38175,
  "image_url": "https://images.genius.com/da88de75b646cdce91c36f29d342524d.1000x1000x1.jpg",
  "index_character": "f",
  "is_meme_verified": false,
  "is_verified": true,
  "name": "Florida Georgia Line",
  "slug": "Florida-georgia-line",
  "url": "https://genius.com/artists/Florida-georgia-line",
  "iq": 131
 },
 "artist": "Florida Georgia Line",
 "lyrics": "You get your hands in it\nPlant your roots in it\nDusty headlight, dance with your boots in it\n(Dirt)\nYou write her name on it\nSpin your tires on it\nBuild your cornfield, whiskey, bonfires on it\n(Dirt)\nYou bet your life on it, yeah\nIt's that elm shade, red rust clay you grew up on\nThat plowed up ground that your dad damned his luck on\nThat post game party field you circle up on\nAnd when it rains, you get stuck on\nDrift a cloud back behind county roads that you run up\nAnd mud on her jeans that she peeled off and hung up\nHer blue-eyed summertime smile looks so good that it hurts\nMakes you wanna build a ten percent down\nWhite picket fence house on this dirt\nYou've mixed some sweat with it\nTaken a shovel to it\nYou've stuck some crosses\nAnd some painted goal posts through it\n(Dirt)\nYou know you came from it\n(Dirt)\nAnd some day you'll return to\nThis elm shade, red rust clay you grew up on\nThat plowed up ground that your dad damned his luck on\nThat post game party field you circle up on\nAnd when it rains, you get stuck on\nDrift a cloud back behind county roads that you run up\nAnd mud on her jeans that she peeled off and hung up\nHer blue-eyed summertime smile looks so good that it hurts\nMakes you wanna build a ten percent down\nWhite picket fence house on this dirt\n(Dirt)\nYou know you came from it\n(Dirt)\nAnd some day you'll return to\nThis elm shade, red rust clay you grew up on\nThat plowed up ground that your dad damned his luck on\nThat post game party field you circle up on\nAnd when it rains, you get stuck on\nDrift a cloud back behind county roads that you run up\nAnd mud on her jeans that she peeled off and hung up\nHer blue-eyed summertime smile looks so good that it hurts\nMakes you wanna build a ten percent down\nWhite picket fence house on this dirt\nMakes you wanna build a ten percent down\nWhite picket fence house on this dirt\nYou know you came from it\nAnd some day you'll return to it"}