{
 "_type": "song",
 "annotation_count": 3,
 "api_path": "/songs/404326",
 "full_title": "Love Runs Out by\u00a0OneRepublic",
 "header_image_thumbnail_url": "https://images.genius.com/93b8f2c0d3a946eee2486b16bbc8244a.300x300x1.png",
 "header_image_url": "https://images.genius.com/93b8f2c0d3a946eee2486b16bbc8244a.300x300x1.png",
 "id": 404326,
 "instrumental": false,
 "lyrics_owner_id": 694268,
 "lyrics_state": "complete",
 "lyrics_updated_at": 1616332082,
 "path": "/Onerepublic-love-runs-out-lyrics",
 "pyongs_count": 72,
 "song_art_image_thumbnail_url": "https://images.genius.com/93b8f2c0d3a946eee2486b16bbc8244a.300x300x1.png",
 "song_art_image_url": "https://images.genius.com/93b8f2c0d3a946eee2486b16bbc8244a.300x300x1.png",
 "song_art_primary_color": null,
 "song_art_secondary_color": null,
 "song_art_text_color": null,
 "stats": {
  "unreviewed_annotations": 1,
  "hot": false,
  "pageviews": 86816
 },
 "title": "Love Runs Out",
 "title_with_featured": "Love Runs Out",
 "updated_by_human_at": 1616332083,
 "url": "https://genius.com/Onerepublic-love-runs-out-lyrics",
 "primary_artist": {
  "_type": "artist",
  "api_path": "/artists/934",
  "header_image_url": "https://images.genius.com/b8ca2eadccb3e14e3dfe1cda57430f7e.1000x1000x1.jpg",
  "id": 934,
  "image_url": "https://images.genius.com/d6a861490a1229c8c906d2c943ae0b33.1000x1000x1.jpg",
  "index_character": "o",
  "is_meme_verified": true,
  "is_verified": true,
  "name": "OneRepublic",
  "slug": "Onerepublic",
  "url": "https://genius.com/artists/Onerepublic",
  "iq": 3105
 },
 "artist": "OneRepublic",
 "lyrics": "[Verse 1]\nI'll be your light, your match, your burning sun\nI'll be the bright, in black, that's making you run\nAnd we'll feel alright, and we'll feel alright\n'Cause we'll work it out, yeah, we'll work it out\nI'll be doing this, if you had a doubt\n'Til the love runs out, 'til the love runs out\n\n[Verse 2]\nI'll be your ghost, your game, your stadium\nI'll be your fifty-thousand clapping like one\nAnd I feel alright, and I feel alright\n'Cause I worked it out, yeah, I worked it out\nI'll be doin' this, if you had a doubt\n'Til the love runs out, 'til the love runs out\n\n[Chorus]\nI got my mind made up\nMan, I can't let go\nI'm killing every second 'til it saves my soul\nI'll be running, I'll be running\n'Til the love runs out\n'Til the love runs out\nAnd we'll start a fire, and we'll shut it down\n'Til the love runs out\n'Til the love runs out\n[Verse 3]\nThere's a maniac out in front of me\nGot an angel on my shoulder, and Mephistopheles\nBut Mama raised me good, Mama raised me right\nMama said, \"Do what you want, say prayers at night\"\nAnd I'm saying them, 'cause I'm so devout\n'Til the love runs out\n'Til the love runs out, yeah\n\n[Chorus]\nI got my mind made up\nMan, I can't let go\nI'm killing every second 'til it saves my soul\n(Ooh) I'll be running\n(Ooh) I'll be running\n'Til the love runs out\n'Til the love runs out\nAnd we'll start a fire, and we'll shut it down\n'Til the love runs out\n'Til the love runs out\n\n[Bridge]\nOoh, we all want the same thing\nOoh, we all run for something\nRun for God, for fate\nFor love, for hate\nFor gold, for rust\nFor diamonds, for dust\nI'll be your light, your match, your burning sun\nI'll be the bright in black that's making you run\n[Chorus]\nI got my mind made up\nMan, I can't let go\nI'm killing every second 'til it saves my soul\n(Ooh) I'll be running\n(Ooh) I'll be running\n'Til the love runs out\n'Til the love runs out\nAnd we'll start a fire, and we'll shut it down\n'Til the love runs out\n'Til the love runs out\n\n[Verse 1 - Outro Variation]\nI'll be your light, your match, your burning sun\nI'll be the bright, in black that's making you run\nAnd we'll feel alright, and we'll feel alright\n'Cause we'll work it out, yes, we'll work it out\nAnd we'll start a fire, and we'll shut it down\n'Til the love runs out\n'Til the love runs out\n'Til the love runs out"
}