{
 "_type": "song",
 "annotation_count": 15,
 "api_path": "/songs/389675",
 "full_title": "Bottoms Up by\u00a0Brantley\u00a0Gilbert",
 "header_image_thumbnail_url": "https://images.genius.com/e76c4d1cfafafb5aaaf533fa0fa8256b.300x300x1.jpg",
 "header_image_url": "https://images.genius.com/e76c4d1cfafafb5aaaf533fa0fa8256b.1000x1000x1.jpg",
 "id": 389675,
 "instrumental": false,
 "lyrics_owner_id": 70148,
 "lyrics_state": "complete",
 "lyrics_updated_at": 1573422480,
 "path": "/Brantley-gilbert-bottoms-up-lyrics",
 "pyongs_count": 29,
 "song_art_image_thumbnail_url": "https://images.genius.com/3360fc9dbebff0f32bb9085726bb194e.300x300x1.jpg",
 "song_art_image_url": "https://images.genius.com/3360fc9dbebff0f32bb9085726bb194e.1000x1000x1.jpg",
 "song_art_primary_color": null,
 "song_art_secondary_color": null,
 "song_art_text_color": null,
 "stats": {
  "unreviewed_annotations": 14,
  "hot": false,
  "pageviews": 41581
 },
 "title": "Bottoms Up",
 "title_with_featured": "Bottoms Up",
 "updated_by_human_at": 1586451973,
 "url": "https://genius.com/Brantley-gilbert-bottoms-up-lyrics",
 "primary_artist": {
  "_type": "artist",
  "api_path": "/artists/22925",
  "header_image_url": "https://images.genius.com/b0ec64ecf7710773fbe81e6fdd531115.640x480x1.jpg",
  "id": 22925,
  "image_url": "https://images.genius.com/9aaf308752d18f8b812d08aaed3f929a.400x400x1.png",
  "index_character": "b",
  "is_meme_verified": false,
  "is_verified": false,
  "name": "Brantley Gilbert",
  "slug": "Brantley-gilbert",
  "url": "https://genius.com/artists/Brantley-gilbert"
 },
 "artist": "Brantley Gilbert",
 "lyrics": "[Verse 1]\nI see you and me riding like Bonnie and Clyde\nGoing 95, burning down 129, yeah\nLooking for the law, while I push my luck\nShe's riding shotgun like it ain't no thing\nTurn the radio up so the girl can sing, right\nPull into the party like \"y'all wassup?\"\n\n[Chorus]\nTonight is bottoms up, up\nThrow it on down\nRock this quiet, little country town, get up\nDrop a tailgate on ya truck\nFind a keg and fill ya cup up\nKick it on back\nPretty little mama looking at ya like that\nMake ya wanna slide on in like \"girl, what's up?\"\n\n[Post-Chorus]\nYeah, tonight is bottoms up up up\nGet 'em up\nTonight is bottoms up up up\nGet 'em up\n\n[Verse 2]\nDamn girl, I gotta tip my hat\nNever thought a country song would make you move like that, yeah\nAnd she's doing it in Daisy Dukes, girl\nShe's got ya tapping on a boy's shoulder\n\"Hey dog, check this out\"\nAnd that's how girl do it in the Dirty South, yeah\nShe'll have you on your knee \"can I marry you?\"\nYeah\n[Chorus]\nTonight is bottoms up, up\nThrow it on down\nRock this quiet, little country town, get up\nDrop a tailgate on ya truck\nFind a keg and fill ya cup up\nKick it on back\nPretty little mama looking at ya like that\nMake ya wanna slide on in like \"girl, what's up?\"\n\n[Post-Chorus]\nYeah, tonight is bottoms up up up\nGet 'em up\nTonight is bottoms up up up\nGet 'em up\n\n[Bridge]\nGet 'em up\nGet 'em up\n(Hey y'all whatever ya sippin get it up in the air this time\nBottoms up)\nLet's give a toast to the good times\nAll y\u2019all get your drinks up high\nEverybody feeling alright\nDamn right\nCause\n[Chorus]\nTonight is bottoms up, up\nThrow it on down\nRock this quiet, little country town, get up\nDrop a tailgate on ya truck\nFind a keg and fill ya cup up\nKick it on back\nPretty little mama looking at ya like that\nMake ya wanna slide on in like \"girl, what's up?\"\n\n[Chorus]\nTonight is bottoms up, up\nThrow it on down\nRock this quiet, little country town, get up\nDrop a tailgate on ya truck\nFind a keg and fill ya cup up\nKick it on back\nPretty little mama looking at ya like that\nMake ya wanna slide on in like \"girl, what's up?\"\n\n[Post-Chorus]\nYeah, tonight is bottoms up up up\nGet 'em up\nTonight is bottoms up up up\nGet 'em up"
}