{
 "_type": "song",
 "annotation_count": 5,
 "api_path": "/songs/411878",
 "full_title": "Shower by\u00a0Becky\u00a0G",
 "header_image_thumbnail_url": "https://images.genius.com/b604ae675b3f4f85da80a70e0ecc678a.300x300x1.jpg",
 "header_image_url": "https://images.genius.com/b604ae675b3f4f85da80a70e0ecc678a.1000x1000x1.jpg",
 "id": 411878,
 "instrumental": false,
 "lyrics_owner_id": 814655,
 "lyrics_state": "complete",
 "lyrics_updated_at": 1615923959,
 "path": "/Becky-g-shower-lyrics",
 "pyongs_count": 149,
 "song_art_image_thumbnail_url": "https://images.genius.com/b604ae675b3f4f85da80a70e0ecc678a.300x300x1.jpg",
 "song_art_image_url": "https://images.genius.com/b604ae675b3f4f85da80a70e0ecc678a.1000x1000x1.jpg",
 "song_art_primary_color": null,
 "song_art_secondary_color": null,
 "song_art_text_color": null,
 "stats": {
  "unreviewed_annotations": 0,
  "hot": false,
  "pageviews": 163663
 },
 "title": "Shower",
 "title_with_featured": "Shower",
 "updated_by_human_at": 1615923959,
 "url": "https://genius.com/Becky-g-shower-lyrics",
 "primary_artist": {
  "_type": "artist",
  "api_path": "/artists/30426",
  "header_image_url": "https://images.genius.com/abdebd72df461ba157350947e35f33aa.1000x333x1.jpg",
  "id": 30426,
  "image_url": "https://images.genius.com/be8a4e63a9a897c959955538cd3a8cfe.400x400x1.jpg",
  "index_character": "b",
  "is_meme_verified": false,
  "is_verified": true,
  "name": "Becky G",
  "slug": "Becky-g",
  "url": "https://genius.com/artists/Becky-g",
  "iq": 1375
 },
 "artist": "Becky G",
 "lyrics": "[Verse 1]\nI don't know, it's just something about ya (Woo)\nGot me feelin' like I can't be without ya (Woo)\nAnytime someone mention your name (Woo)\nI be feelin' as if I'm around ya (Woo)\nAin't no words to describe you, baby (Woo)\nAll I know is that you take me high (Woo)\nCan you tell that you drive me crazy? (Woo)\n'Cause I can't get you out my mind\n\n[Pre-Chorus]\nThink of you when I'm going to bed\nWhen I wake up, think of you again\nYou are my homie, lover and friend\nExactly why\n\n[Chorus]\nYou light me up inside\nLike the 4th of July\nWhenever you're around\nI always seem to smile\nAnd people ask me how\nWell you're the reason why\nI'm dancing in the mirror\nAnd singing in the shower\nLa-da-dee, la-da-da, la-da-da\nSinging in the shower\nLa-da-dee, la-da-da, la-da-da\nSinging in the shower\n[Verse 2]\nAll I want, all I need is your lovin' (Woo)\nBaby you make me hot like an oven (Woo)\nSince you came, you know what I discovered? (Woo)\nBaby, I don't need me another (Woo)\nNo, no, all I know (No)\nOnly you got me feeling so (So)\nAnd you know that I got to have ya (Woo)\nAnd I don't plan to let you go\n\n[Pre-Chorus]\nThink of you when I'm going to bed\nWhen I wake up, think of you again\nYou are my homie, lover and friend\nExactly why\n\n[Chorus]\nYou light me up inside\nLike the 4th of July\nWhenever you're around\nI always seem to smile\nAnd people ask me how\nWell you're the reason why\nI'm dancing in the mirror\nAnd singing in the shower\nLa-da-dee, la-da-da, la-da-da\nSinging in the shower\nLa-da-dee, la-da-da, la-da-da (Yeah)\nSinging in the shower (Whoa, oh)\n[Bridge]\nThere ain't no guarantee\nBut I'll take chance on we\nBaby, let's take our time\n(Singing in the shower)\nAnd when the times get rough\nThere ain't no givin' up\n'Cause it just feels so right\n(Singing in the shower)\nDon't care what others say\nIf I got you, I'm straight\nYou'll bring my heart to life, yeah\n\n[Chorus]\nYou light me up inside\nLike the 4th of July\nWhenever you're around\nI always seem to smile\nAnd people ask me how\nWell you're the reason why\nI'm dancing in the mirror (I'm)\nAnd singing in the shower (Oh)\nLa-da-dee, la-da-da, la-da-da (Hey)\nSinging in the shower\nLa-da-dee, la-da-da, la-da-da\nYou got me singing in the shower\nLa-da-dee, la-da-da, la-da-da\nSinging in the shower\nLa-da-dee, la-da-da, la-da-da"
}