{
 "_type": "song",
 "annotation_count": 10,
 "api_path": "/songs/380162",
 "full_title": "Rude by\u00a0MAGIC!",
 "header_image_thumbnail_url": "https://images.genius.com/31c718cf9713c98dedcf12165276d396.300x300x1.jpg",
 "header_image_url": "https://images.genius.com/31c718cf9713c98dedcf12165276d396.1000x1000x1.jpg",
 "id": 380162,
 "instrumental": false,
 "lyrics_owner_id": 411678,
 "lyrics_state": "complete",
 "lyrics_updated_at": 1607163358,
 "path": "/Magic-rude-lyrics",
 "pyongs_count": 226,
 "song_art_image_thumbnail_url": "https://upload.wikimedia.org/wikipedia/en/e/e7/Magic!_-_Rude.png",
 "song_art_image_url": "https://upload.wikimedia.org/wikipedia/en/e/e7/Magic!_-_Rude.png",
 "song_art_primary_color": null,
 "song_art_secondary_color": null,
 "song_art_text_color": null,
 "stats": {
  "unreviewed_annotations": 0,
  "hot": false,
  "pageviews": 593593
 },
 "title": "Rude",
 "title_with_featured": "Rude",
 "updated_by_human_at": 1614574014,
 "url": "https://genius.com/Magic-rude-lyrics",
 "primary_artist": {
  "_type": "artist",
  "api_path": "/artists/188063",
  "header_image_url": "https://images.genius.com/c3bbc13cd5a1c67a91aa4ca4f7c143c4.637x381x1.png",
  "id": 188063,
  "image_url": "https://images.genius.com/c3bbc13cd5a1c67a91aa4ca4f7c143c4.637x381x1.png",
  "index_character": "m",
  "is_meme_verified": false,
  "is_verified": true,
  "name": "MAGIC!",
  "slug": "Magic",
  "url": "https://genius.com/artists/Magic",
  "iq": 393
 },
 "artist": "MAGIC!",
 "lyrics": "[Verse 1]\nSaturday mornin', jumped outta bed and put on my best suit\nGot in my car and raced like a jet all the way to you\nKnocked on your door with heart in my hand to ask you a question\n'Cause I know that you're an old-fashioned man, yeah (Yeah)\n\n[Pre-Chorus]\nCan I have your daughter for the rest of my life?\nSay yes, say yes 'cause I need to know\nYou say I'll never get your blessin' till the day I die\n\"Tough luck, my friend, but the answer is no!\"\n\n[Chorus]\nWhy you gotta be so rude?\nDon't you know I'm human too?\nWhy you gotta be so rude?\nI'm gonna marry her anyway\n(Marry that girl) Marry her anyway\n(Marry that girl) Yeah, no matter what you say\n(Marry that girl) And we'll be a family\nWhy you gotta be so rude?\n\n[Verse 2]\nI hate to do this, you leave no choice, can't live without her\nLove me or hate me, we will be both standin' at that altar\nOr we will run away to another galaxy, you know\nYou know she's in love with me, she will go anywhere I go\n[Pre-Chorus]\nCan I have your daughter for the rest of my life?\nSay yes, say yes 'cause I need to know\nYou say I'll never get your blessin' till the day I die\n\"Tough luck, my friend, 'cause the answer's still no!\"\n\n[Chorus]\nWhy you gotta be so rude?\nDon't you know I'm human too?\nWhy you gotta be so rude?\nI'm gonna marry her anyway\n(Marry that girl) Marry her anyway\n(Marry that girl) No matter what you say\n(Marry that girl) And we'll be a family\nWhy you gotta be so rude?\nRude\n(Why you gotta be so\u2013)\n\n[Bridge]\nCan I have your daughter for the rest of my life?\nSay yes, say yes 'cause I need to know\nYou say I'll never get your blessin' till the day I die\n\"Tough luck, my friend, but no still means no!\"\n\n[Chorus]\nWhy you gotta be so rude?\nDon't you know I'm human too?\nWhy you gotta be so rude?\nI'm gonna marry her anyway\n(Marry that girl) Marry her anyway\n(Marry that girl) No matter what you say\n(Marry that girl) And we'll be a family\nWhy you gotta be so rude?\nWhy, why, why, why?\n(Say) Say, why you gotta be so rude?"
}