{
 "_type": "song",
 "annotation_count": 6,
 "api_path": "/songs/398012",
 "full_title": "Me and My Broken Heart by\u00a0Rixton",
 "header_image_thumbnail_url": "https://images.genius.com/35bd97138f1e737653165e5de8c7fdbe.300x300x1.jpg",
 "header_image_url": "https://images.genius.com/35bd97138f1e737653165e5de8c7fdbe.1000x1000x1.jpg",
 "id": 398012,
 "instrumental": false,
 "lyrics_owner_id": 760081,
 "lyrics_state": "complete",
 "lyrics_updated_at": 1564516463,
 "path": "/Rixton-me-and-my-broken-heart-lyrics",
 "pyongs_count": 89,
 "song_art_image_thumbnail_url": "https://images.genius.com/e3fa5e173af7edce6c3444b00ac6e514.300x300x1.jpg",
 "song_art_image_url": "https://images.genius.com/e3fa5e173af7edce6c3444b00ac6e514.1000x1000x1.jpg",
 "song_art_primary_color": null,
 "song_art_secondary_color": null,
 "song_art_text_color": null,
 "stats": {
  "unreviewed_annotations": 2,
  "hot": false,
  "pageviews": 171849
 },
 "title": "Me and My Broken Heart",
 "title_with_featured": "Me and My Broken Heart",
 "updated_by_human_at": 1601607832,
 "url": "https://genius.com/Rixton-me-and-my-broken-heart-lyrics",
 "primary_artist": {
  "_type": "artist",
  "api_path": "/artists/162095",
  "header_image_url": "https://images.genius.com/64236cda88ee55db5fe83bd2f77feabf.670x339x1.jpg",
  "id": 162095,
  "image_url": "https://images.genius.com/64236cda88ee55db5fe83bd2f77feabf.670x339x1.jpg",
  "index_character": "r",
  "is_meme_verified": false,
  "is_verified": false,
  "name": "Rixton",
  "slug": "Rixton",
  "url": "https://genius.com/artists/Rixton"
 },
 "artist": "Rixton",
 "lyrics": "[Chorus]\nAll I need's a little love in my life\nAll I need's a little love in the dark\nA little but I'm hoping it might kick start\nMe and my broken heart\nI need a little loving tonight\nHold me so I'm not falling apart\nA little but I'm hoping it might kick start\nMe and my broken heart\n\n[Verse 1]\nYeah...\nShotgun, aimed at my heart, you got one\nTear me apart and then some\nHow do we call this love (Woah-oh-oh-oh)\nI try to run away but your eyes\nTell me to stay, oh why\nWhy do we call this love? (Woah-oh-oh-oh)\n\n[Pre-Chorus]\nIt seems like we've been losing control\nSomebody tell me I'm not alone\nWhen I say\n\n[Chorus]\nAll I need's a little love in my life\nAll I need's a little love in the dark\nA little but I'm hoping it might kick start\nMe and my broken heart\nI need a little loving tonight\nHold me so I'm not falling apart\nA little but I'm hoping it might kick start\nMe and my broken heart\n[Verse 2]\nAh, maybe some part of you just hates me\nYou pick me up and play me\nHow do we call this love? (Woah-oh-oh-oh)\nOne time, tell me you need me tonight\nTo make it easy, you lie\nAnd say it's all for love (Woah-oh-oh-oh)\n\n[Pre-Chorus]\nIt seems like we've been losing control\nSomebody tell me I'm not alone\nWhen I say\n\n[Chorus]\nAll I need's a little love in my life\nAll I need's a little love in the dark\nA little but I'm hoping it might kick start\nMe and my broken heart\nI need a little loving tonight\nHold me so I'm not falling apart\nA little but I'm hoping it might kick start\nMe and my broken heart\n\n[Bridge]\nWoah, woah\nMe and my broken heart\nWoah, woah\nMe and my broken\nYeah, yeah, yeah\nMe and my broken\nYeah, yeah, yeah\nHow do we call this?\nIt's just me\nIt's just me\nIt's just me\nMe and my broken heart\n[Chorus]\nAll I need's a little love in my life (Baby)\nAll I need's a little love in the dark\nA little but I'm hoping it might kick start\nMe and my broken heart\nI need a little loving tonight\nHold me so I'm not falling apart\nA little but I'm hoping it might kick start\nMe and my broken heart"
}