{
 "_type": "song",
 "annotation_count": 3,
 "api_path": "/songs/410026",
 "full_title": "Animals by\u00a0Martin\u00a0Garrix",
 "header_image_thumbnail_url": "https://images.genius.com/b703d81189f0d3276f448016d3f906bc.300x300x1.jpg",
 "header_image_url": "https://images.genius.com/b703d81189f0d3276f448016d3f906bc.1000x1000x1.jpg",
 "id": 410026,
 "instrumental": false,
 "lyrics_owner_id": 215579,
 "lyrics_state": "complete",
 "lyrics_updated_at": 1551995939,
 "path": "/Martin-garrix-animals-lyrics",
 "pyongs_count": 27,
 "song_art_image_thumbnail_url": "https://images.genius.com/b703d81189f0d3276f448016d3f906bc.300x300x1.jpg",
 "song_art_image_url": "https://images.genius.com/b703d81189f0d3276f448016d3f906bc.1000x1000x1.jpg",
 "song_art_primary_color": null,
 "song_art_secondary_color": null,
 "song_art_text_color": null,
 "stats": {
  "unreviewed_annotations": 0,
  "hot": false,
  "pageviews": 40478
 },
 "title": "Animals",
 "title_with_featured": "Animals",
 "updated_by_human_at": 1616665861,
 "url": "https://genius.com/Martin-garrix-animals-lyrics",
 "primary_artist": {
  "_type": "artist",
  "api_path": "/artists/65238",
  "header_image_url": "https://images.genius.com/f80079314436768f3254299394d85bac.1000x333x1.jpg",
  "id": 65238,
  "image_url": "https://images.genius.com/055a3f25a6c81bcadd91c5bf0ab6d056.400x400x1.jpg",
  "index_character": "m",
  "is_meme_verified": false,
  "is_verified": false,
  "name": "Martin Garrix",
  "slug": "Martin-garrix",
  "url": "https://genius.com/artists/Martin-garrix"
 },
 "artist": "Martin Garrix",
 "lyrics": "We're the fuckin' animals\n\n[Drop: Martin Garrix]\n\nWe're the fuckin' animals\n\n[Drop: Martin Garrix]"
}