{
 "_type": "song",
 "annotation_count": 32,
 "api_path": "/songs/440618",
 "full_title": "Lifestyle by\u00a0Rich\u00a0Gang (Ft.\u00a0Birdman, Rich\u00a0Homie Quan & Young\u00a0Thug)",
 "header_image_thumbnail_url": "https://images.rapgenius.com/eb186dd1d65ff3fa7b8cb0bf77fa218d.300x300x1.jpg",
 "header_image_url": "https://images.rapgenius.com/eb186dd1d65ff3fa7b8cb0bf77fa218d.600x600x1.jpg",
 "id": 440618,
 "instrumental": false,
 "lyrics_owner_id": 104344,
 "lyrics_state": "complete",
 "lyrics_updated_at": 1606016378,
 "path": "/Rich-gang-lifestyle-lyrics",
 "pyongs_count": 1219,
 "song_art_image_thumbnail_url": "https://images.genius.com/22c6698de405d65ae201ca8f89af29cf.300x300x1.png",
 "song_art_image_url": "https://images.genius.com/22c6698de405d65ae201ca8f89af29cf.1000x1000x1.png",
 "song_art_primary_color": null,
 "song_art_secondary_color": null,
 "song_art_text_color": null,
 "stats": {
  "unreviewed_annotations": 0,
  "concurrents": 2,
  "hot": false,
  "pageviews": 3510938
 },
 "title": "Lifestyle",
 "title_with_featured": "Lifestyle (Ft.\u00a0Birdman, Rich\u00a0Homie Quan & Young\u00a0Thug)",
 "updated_by_human_at": 1606016379,
 "url": "https://genius.com/Rich-gang-lifestyle-lyrics",
 "primary_artist": {
  "_type": "artist",
  "api_path": "/artists/46060",
  "header_image_url": "https://images.genius.com/e9277d5549def5123553916ae90a2790.718x478x1.jpg",
  "id": 46060,
  "image_url": "https://images.genius.com/e9277d5549def5123553916ae90a2790.718x478x1.jpg",
  "index_character": "r",
  "is_meme_verified": false,
  "is_verified": false,
  "name": "Rich Gang",
  "slug": "Rich-gang",
  "url": "https://genius.com/artists/Rich-gang"
 },
 "artist": "Rich Gang",
 "lyrics": "[Intro: Young Thug, Rich Homie Quan & Birdman]\nI done, uh, ha, huh (Ayy)\nLondon On Da Track, bitch\n(My lifestyle)\nAyy, Rich Homie, Thugga Thugga in this mothafucka' (Yee)\nRich Homie, Thugga Thugga in this mothafucka' (Oh)\nRich Gang, Thugga Thugga baby\nGot like four ounces in a 20 ounce, bitch (Ah)\nI'm blessed (Hey)\n(Rich Homie)\n\n[Chorus: Young Thug]\nI done (Hey), did a lot of shit just to live this here lifestyle (Oh, yeah, woo)\nWe came straight from the bottom to the top, my lifestyle (Lifestyle, ayy)\nNigga livin' life like a beginner and this is only beginnin' (Beginnin', lil' nigga, woo)\nI'm on the top of the mountain, puffin' on clouds and niggas still beginnin' (You still beginnin', lil' nigga)\n\n[Verse 1: Young Thug]\nMillion five on the Visa card (Woo)\nHundred bands stacked look like some fuckin' Titans (Football player)\nNigga servin' great white like I'm feedin' sharks (Sheesh)\nI won't do nothin' with the bitch, she can't even get me hard (Woo)\nSomethin' wrong with the pussy (What?)\nEven though I ain't gon' hit it, I'ma still make sure that she douche it ('Cause what?)\nMe and my woadie, we don't get caught up like that, no way (No way)\nWe ain't got time to go see doctors, J, hey (Woo)\nWho said money? (Money, nigga)\nHop up in my bed full of forty bitches, I'm yawnin' (And why?)\nHey, think this a show, bitch, I'm performin'\nI do this shit for my daughters and all my sons, bitch (Woo)\nI'm gonna run up them bands up, take care their funds, bitch (Are you eatin'?)\nI got a moms, bitch (What?), she got a moms, bitch (She do)\nI got sisters and brothers to feed (Woo)\nI ain't goin' out like no idiot, I'm a OG\n[Chorus: Young Thug]\nI done did a lot of shit just to live this here lifestyle (Livin' this shit right now)\nWe came straight from the bottom to the top, my lifestyle (Livin' lifestyle right now, oh)\nNigga livin' life like a beginner and this is only beginnin' (Only beginnin', lil' nigga)\nI'm on the top of the mountain, puffin' on clouds and niggas still beginnin' (You still beginnin', lil' nigga)\n\n[Verse 2: Young Thug & Birdman]\nStill screamin' \"Fuck the otherside\" (Fuck them niggas, fuck them niggas)\nI'ma ride for my nigga, ayy (Quan voice)\nAnd I'ma die for my nigga, ayy (Quan voice)\nAin't gonna be latchin' on my niggas, ayy (No way, no way)\nNiggas couldn't see me if they had a genie (Woo)\nI'ma live my life like Bennie, R.I.P. my brother Bennie (R.I.P.)\nI stack them racks to the ceiling, now these niggas can't beat me (Racks)\nI just might wake wantin' Chanel and these bitches can't see me (Woo)\nI'm in a whole other league (Rich Gang)\nI ain't got AIDS but I swear to God I would bleed (Suwoop)\n'Til I D.I.E (Brrat)\n28 floors up I feel like I could F.L.Y.E.E (Ooh)\nPee on top of these bitches (Ooh)\nGod told me they can never stop me so they ain't gon' stop me\nI'm in that Corvette with baby mommy gettin' sloppy toppy (Skrrt, skrrt, woo)\nI'm bleedin' red like a devil, I see these bitches plotting\nThey wanna know how I got M's and I didn't finish college (Damn)\n\n[Chorus: Young Thug]\nI done did a lot of shit just to live this here lifestyle (Livin' this shit right now)\nWe came straight from the bottom to the top, my lifestyle (Livin' lifestyle right now, oh)\nNigga livin' life like a beginner and this is only beginnin' (Only beginnin', lil' nigga)\nI'm on the top of the mountain, puffin' on clouds and niggas still beginnin' (Tell 'em)\n[Verse 3: Rich Homie Quan]\nI do it for my daddy (Ayy), I do it for my mama (I do)\nThem long nights, I swear to God I do it for the come up (Come up)\nI'm Willie B beatin' on my chest, in the jungle, ayy (Hey)\nMoney on money, I got commas in every bank\nSunday through Monday I've been grindin' with no sleep (Swear)\nTalkin' 'bout takin' somethin' from me, like no way (Nah)\nThugga Thugger, that's my brother, brother (Thugger, Thugger)\nYou don't want no trouble trouble or you can get these fists, knuckle, knuckle (Hey)\nBuckle up like a seatbelt or I'll shoot ya (Fuh fuh)\nPunchin' on the gas (Skrrt), too fast, and I lose ya (Hey)\nGive me a bed, and I'll do her (Hey), I want her head, Medusa (Ooh)\nI swear a nigga gone 'cause this strong I'm blowin' super (OG, nigga)\nAyy, grindin' for a new day (What you doin'?)\nI'm skatin', like that nigga Lupe (Swear to God)\nHey, I'm on the top just like toupee (I'm on the top, nigga)\nAyy, I'm in her mouth just like toothpaste\n\n[Chorus: Young Thug]\nI've done did a lot of shit just to live this here lifestyle (Style)\nWe came straight from the bottom to the top, my lifestyle\nNigga livin' life like a beginner and this is only beginnin' (Beginnin', lil' nigga)\nI'm on the top of the mountain, puffin' on clouds and niggas still beginnin'\n\n[Outro: Birdman]\nSitting in the middle of this ocean, Pacific that is\nYou understand me? Bunch of bad bitches, ya heard?\nPopping that GTV, living that lifestyle, ya heard?\nI do this for Ms. Gladys, boy - 100\n[Produced by London On Da Track]"
}