{
 "_type": "song",
 "annotation_count": 5,
 "api_path": "/songs/460244",
 "full_title": "American Kids by\u00a0Kenny\u00a0Chesney",
 "header_image_thumbnail_url": "https://images.genius.com/0e394a6acf36d0d02f2509ccb98f9f9b.300x300x1.jpg",
 "header_image_url": "https://images.genius.com/0e394a6acf36d0d02f2509ccb98f9f9b.640x640x1.jpg",
 "id": 460244,
 "instrumental": false,
 "lyrics_owner_id": 313405,
 "lyrics_state": "complete",
 "lyrics_updated_at": 1572639408,
 "path": "/Kenny-chesney-american-kids-lyrics",
 "pyongs_count": 27,
 "song_art_image_thumbnail_url": "https://images.genius.com/33b13cf32c3a1020af87412ae6e0c300.300x300x1.jpg",
 "song_art_image_url": "https://images.genius.com/33b13cf32c3a1020af87412ae6e0c300.500x500x1.jpg",
 "song_art_primary_color": null,
 "song_art_secondary_color": null,
 "song_art_text_color": null,
 "stats": {
  "unreviewed_annotations": 0,
  "hot": false,
  "pageviews": 38398
 },
 "title": "American Kids",
 "title_with_featured": "American Kids",
 "updated_by_human_at": 1581095838,
 "url": "https://genius.com/Kenny-chesney-american-kids-lyrics",
 "primary_artist": {
  "_type": "artist",
  "api_path": "/artists/13443",
  "header_image_url": "https://images.genius.com/34b302dd754c8d2c4cb01be6973aaaae.775x515x1.jpg",
  "id": 13443,
  "image_url": "https://images.genius.com/6d637e3b1569b2907e0d552668d40496.1000x1000x1.jpg",
  "index_character": "k",
  "is_meme_verified": false,
  "is_verified": false,
  "name": "Kenny Chesney",
  "slug": "Kenny-chesney",
  "url": "https://genius.com/artists/Kenny-chesney"
 },
 "artist": "Kenny Chesney",
 "lyrics": "[Verse 1]\nDoublewide Quick Stop midnight T-top\nJack in her Cherry Coke town\nMomma and Daddy put their roots right here\n\u2018Cause this is where the car broke down\nYellow dawn school bus kickin\u2019 up red dust\nPickin\u2019 us up by a barbed wire fence\nMTV on the RCA, no A/C in the vents\n\n[Chorus]\nWe were Jesus saved me, blue jean baby\nBorn in the USA\nTrailer park truck stop, faded little map dots\nNew York to LA\nWe were teenage dreamin\u2019, front seat leanin\u2019\nBaby, come give me a kiss\nPut me on the cover of the Rolling Stone\nUptown down home American kids\nGrowin\u2019 up in little pink houses\nMakin\u2019 out on living room couches\nBlowin\u2019 that smoke on a Saturday night\nA little messed up, but we\u2019re all alright\n\n[Verse 2]\nBaptist church parkin\u2019 lot, tryin\u2019 not to get caught\nTake her home and give her your jacket\nMakin\u2019 it to second base, but sayin\u2019 you went all the way\nMonday afternoon at practice\nSister's got a boyfriend Daddy doesn\u2019t like\nNow he\u2019s sittin\u2019 out back, .30-.30 in his lap\nIn the blue bug zapper light\n[Chorus]\nWe were Jesus saved me, blue jean baby\nBorn in the USA\nTrailer park truck stop, faded little map dots\nNew York to LA\nWe were teenage dreamin\u2019, front seat leanin\u2019\nBaby, come give me a kiss\nPut me on the cover of the Rolling Stone\nUptown down home American kids\nGrowin\u2019 up in little pink houses\nMakin\u2019 out on living room couches\nBlowin\u2019 that smoke on a Saturday night\nA little messed up, but we\u2019re all alright\n\nWe were Jesus saved me, blue jean baby\nBorn in the USA\nTrailer park truck stop, faded little map dots\nNew York to LA\nWe were teenage dreamin\u2019, front seat leanin\u2019\nBaby, come give me a kiss\nPut me on the cover of the Rolling Stone\nUptown down home American kids\nGrowin\u2019 up in little pink houses\nMakin\u2019 out on living room couches\nBlowin\u2019 that smoke on a Saturday night\nA little messed up, but we\u2019re all alright"
}