{
 "_type": "song",
 "annotation_count": 4,
 "api_path": "/songs/109177",
 "full_title": "Sweater Weather by\u00a0The\u00a0Neighbourhood",
 "header_image_thumbnail_url": "https://images.genius.com/e9120f25124c8512e06d5e634ae7db70.300x300x1.jpg",
 "header_image_url": "https://images.genius.com/e9120f25124c8512e06d5e634ae7db70.1000x1000x1.jpg",
 "id": 109177,
 "instrumental": false,
 "lyrics_owner_id": 6922,
 "lyrics_state": "complete",
 "lyrics_updated_at": 1600357584,
 "path": "/The-neighbourhood-sweater-weather-lyrics",
 "pyongs_count": 438,
 "song_art_image_thumbnail_url": "https://images.genius.com/e9120f25124c8512e06d5e634ae7db70.300x300x1.jpg",
 "song_art_image_url": "https://images.genius.com/e9120f25124c8512e06d5e634ae7db70.1000x1000x1.jpg",
 "song_art_primary_color": null,
 "song_art_secondary_color": null,
 "song_art_text_color": null,
 "stats": {
  "unreviewed_annotations": 0,
  "concurrents": 2,
  "hot": false,
  "pageviews": 1513309
 },
 "title": "Sweater Weather",
 "title_with_featured": "Sweater Weather",
 "updated_by_human_at": 1613078843,
 "url": "https://genius.com/The-neighbourhood-sweater-weather-lyrics",
 "primary_artist": {
  "_type": "artist",
  "api_path": "/artists/41662",
  "header_image_url": "https://images.genius.com/9b6ac95fe548afd1e78642da8c919556.1000x316x1.png",
  "id": 41662,
  "image_url": "https://images.genius.com/52607f8751b7104a9a22e30a62b701d9.1000x1000x1.png",
  "index_character": "n",
  "is_meme_verified": false,
  "is_verified": false,
  "name": "The Neighbourhood",
  "slug": "The-neighbourhood",
  "url": "https://genius.com/artists/The-neighbourhood"
 },
 "artist": "The Neighbourhood",
 "lyrics": "[Verse 1]\nAnd all I am is a man\nI want the world in my hands\nI hate the beach but I stand\nIn California with my toes in the sand\nUse the sleeves of my sweater\nLet's have an adventure\nHead in the clouds but my gravity's centered\nTouch my neck and I'll touch yours\nYou in those little high waisted shorts, oh\n\n[Pre-Chorus]\nShe knows what I think about\nAnd what I think about\nOne love, two mouths\nOne love, one house\nNo shirt, no blouse\nJust us, you find out\nNothing that I wouldn\u2019t wanna tell you about, no\n\n[Chorus]\n'Cause it's too cold for you here\nAnd now, so let me hold\nBoth your hands in the holes of my sweater\n\n[Verse 2]\nAnd if I may just take your breath away\nI don't mind if there's not much to say\nSometimes the silence guides a mind\nTo move to a place so far away\nThe goosebumps start to raise\nThe minute that my left hand meets your waist\nAnd then I watch your face\nPut my finger on your tongue\n'Cause you love the taste, yeah\nThese hearts adore\nEveryone the other beats hardest for\nInside this place is warm\nOutside it starts to pour\n[Pre-Chorus]\nComin' down\nOne love, two mouths\nOne love, one house\nNo shirt, no blouse\nJust us, you find out\nNothing that I wouldn't wanna tell you about\nNo, no, no\n\n[Chorus]\n'Cause it's too cold for you here\nAnd now, so let me hold\nBoth your hands in the holes of my sweater\n'Cause it's too cold for you here\nAnd now, so let me hold\nBoth your hands in the holes of my sweater, woah\n\n[Bridge]\nWoah, woah, woah\nWoah, woah, woah, woah\nWoah, woah\nWoah, woah, woah, woah\nWoah, woah\n\n[Chorus]\n'Cause it's too cold for you here\nAnd now, so let me hold\nBoth your hands in the holes of my sweater\n'Cause it's too cold for you\nNow, let me hold\nBoth your hands in the holes of my sweater\n[Outro]\nAnd it's too cold, it's too cold\nThe holes of my sweater"
}