{
 "_type": "song",
 "annotation_count": 8,
 "api_path": "/songs/491794",
 "full_title": "Leave the Night On by\u00a0Sam\u00a0Hunt",
 "header_image_thumbnail_url": "https://images.genius.com/d74a020b3ae7ea38bdbf378d434937ef.300x300x1.jpg",
 "header_image_url": "https://images.genius.com/d74a020b3ae7ea38bdbf378d434937ef.1000x1000x1.jpg",
 "id": 491794,
 "instrumental": false,
 "lyrics_owner_id": 672397,
 "lyrics_state": "complete",
 "lyrics_updated_at": 1583664882,
 "path": "/Sam-hunt-leave-the-night-on-lyrics",
 "pyongs_count": 52,
 "song_art_image_thumbnail_url": "https://images.genius.com/56b0e7dbd1b0fde6e4dc6a8eb1cff699.300x300x1.jpg",
 "song_art_image_url": "https://images.genius.com/56b0e7dbd1b0fde6e4dc6a8eb1cff699.1000x1000x1.jpg",
 "song_art_primary_color": null,
 "song_art_secondary_color": null,
 "song_art_text_color": null,
 "stats": {
  "unreviewed_annotations": 0,
  "hot": false,
  "pageviews": 28727
 },
 "title": "Leave the Night On",
 "title_with_featured": "Leave the Night On",
 "updated_by_human_at": 1570680776,
 "url": "https://genius.com/Sam-hunt-leave-the-night-on-lyrics",
 "primary_artist": {
  "_type": "artist",
  "api_path": "/artists/214050",
  "header_image_url": "https://images.genius.com/7ea3bb28c649e3149b01549e4fb3a38c.960x354x1.jpg",
  "id": 214050,
  "image_url": "https://images.genius.com/c84e5d45005b73f9f89eec8fd61496a7.960x960x1.jpg",
  "index_character": "s",
  "is_meme_verified": false,
  "is_verified": false,
  "name": "Sam Hunt",
  "slug": "Sam-hunt",
  "url": "https://genius.com/artists/Sam-hunt"
 },
 "artist": "Sam Hunt",
 "lyrics": "[Verse 1]\nThey roll the sidewalks in this town, all up after the sun goes down\nThey say nothin' good happens here when midnight rolls around\nBut layin' down would be in vain, I can't sleep with you on my brain\nAnd I ain't anywhere close to tired\nYour kiss has got me wired\n\n[Chorus]\nGirl, you got the beat right, killin' in your Levis\nHigh on your love has got me buzzin' like a streetlight\nIt's still early out in Cali, baby, don't you wanna rally again\nWe'll find a road with no name, lay back in the slow lane\nThe sky is dropping Jupiter around us like some old Train\nWe'll be rolling down the windows, I bet you we're catchin' our second wind\nWe don't have to go home, we can leave the night on\nWe can leave the night on\n\n[Verse 2]\nNow all the stars are turnin' blue, just kissed the clock 2:22\nBaby, I know what you're wishin' for, I'm wishin' for it too\nNow all the lights are flashin' gold, nobody cares how fast we go\nOur soundtrack's in the stereo\nThe DJ's on a roll\n\n[Chorus]\nGirl, you got the beat right, killin' in your Levis\nHigh on your love has got me buzzin' like a streetlight\nIt's still early out in Cali, baby, don't you wanna rally again\nWe'll find a road with no name, lay back in the slow lane\nThe sky is dropping Jupiter around us like some old Train\nWe'll be rolling down the windows, I bet you we're catchin' our second wind\nWe don't have to go home, we can leave the night on\nWe can leave the night on\n[Bridge]\nThe sun'll steal the magic from us soon\nSo let's take one more trip around the moon\n\n[Chorus 2]\nGirl, you got the beat right, killin' in your Levis\nHigh on your love has got me buzzin' like a streetlight\nIt's still early out in Cali, baby, don't you wanna rally\nWe'll find a road with no name, lay back in the slow lane\nThe sky is dropping Jupiter all around us like some old Train\nWe'll be rolling down the windows, I bet you we're catchin' our second wind\nWe don't have to go home, we can leave the night on\nWe can leave the night on\nWe can leave the night on\n\n[Outro]\nBuzzin' like a streetlight\nWe can leave 'em on tonight"
}