{
 "_type": "song",
 "annotation_count": 13,
 "api_path": "/songs/374937",
 "full_title": "New Flame by\u00a0Chris\u00a0Brown (Ft.\u00a0Rick\u00a0Ross & Usher)",
 "header_image_thumbnail_url": "https://images.genius.com/5d2cc5b7ba0558591a1727035a067fb7.300x300x1.jpg",
 "header_image_url": "https://images.genius.com/5d2cc5b7ba0558591a1727035a067fb7.1000x1000x1.jpg",
 "id": 374937,
 "instrumental": false,
 "lyrics_owner_id": 22533,
 "lyrics_state": "complete",
 "lyrics_updated_at": 1607113707,
 "path": "/Chris-brown-new-flame-lyrics",
 "pyongs_count": 350,
 "song_art_image_thumbnail_url": "https://images.genius.com/5d2cc5b7ba0558591a1727035a067fb7.300x300x1.jpg",
 "song_art_image_url": "https://images.genius.com/5d2cc5b7ba0558591a1727035a067fb7.1000x1000x1.jpg",
 "song_art_primary_color": null,
 "song_art_secondary_color": null,
 "song_art_text_color": null,
 "stats": {
  "unreviewed_annotations": 0,
  "hot": false,
  "pageviews": 515198
 },
 "title": "New Flame",
 "title_with_featured": "New Flame (Ft.\u00a0Rick\u00a0Ross & Usher)",
 "updated_by_human_at": 1609599682,
 "url": "https://genius.com/Chris-brown-new-flame-lyrics",
 "primary_artist": {
  "_type": "artist",
  "api_path": "/artists/438",
  "header_image_url": "https://images.genius.com/7dec462a16e36c84f9426211dc545d65.1000x440x1.jpg",
  "id": 438,
  "image_url": "https://images.genius.com/ec94d46d35fc8ee8b33a78df6849b7f5.512x512x1.png",
  "index_character": "c",
  "is_meme_verified": false,
  "is_verified": false,
  "name": "Chris Brown",
  "slug": "Chris-brown",
  "url": "https://genius.com/artists/Chris-brown"
 },
 "artist": "Chris Brown",
 "lyrics": "[Produced by Count Justice]\n\n[Verse 1: Chris Brown]\nThere can be one only you, whoa-oh (Oh-oh, oh-oh, oh-oh)\nAnd baby, God could never make two, whoa, na-na-na (Oh-oh, oh-oh, oh-oh)\nAnd I know you came here with your crew, whoa-oh (Oh-oh, oh-oh, oh-oh)\nBut I promise you that it feels like it's just us two, uh-huh (Oh-oh)\n\n[Pre-Chorus: Chris Brown]\nOh, I don't know what you had planned to do tonight (Oh-oh, oh-oh, oh-oh)\nBut I just wanna be the one to do you right, right (Oh-oh)\nWhen we're standing here, looking at each other, baby, eye to eye (Oh-oh, oh-oh, oh-oh)\nAnd I'm hoping that you're thinking 'bout leaving with me tonight\n\n[Chorus: Chris Brown & Usher]\nWho said you can't find love in the club?\n'Cause I wanna tell them they wrong\nCome on, just, baby, try a new thing\nAnd let's spark a new flame\nYou gon' be my baby (Yes)\nLove me, love you crazy (Yes)\nTell me if you with it (Yes)\nBaby, come and get it\nBaby, try a new thing (Ursher, baby)\nAnd let's spark a new flame\nBreezy, let me holla at her\nYeah, man, listen\n[Verse 2: Usher & Chris Brown]\nI can't believe you came here all alone\nBaby girl, where's your lover?\nOh, it don't really matter\n'Cause I got plans to get to know you better, yeah\nBaby, baby, baby, baby\nLet's make what we got here last forever, uh\nGirl, 'cause I don't wanna let you go, never (Oh-oh)\n\n[Pre-Chorus: Usher & Chris Brown]\nI don't know what you had planned to do tonight (Oh-oh, oh-oh, oh-oh)\nGirl I just wanna be the one to do you right, right (Oh-oh)\nWhen we're standing here, looking at each other, baby, eye to eye  (Oh, yeah, yeah, oh-oh, oh-oh, oh-oh)\nBaby, I hope that you're thinking 'bout leaving with me tonight\n\n[Chorus: Usher, with Chris Brown, Chris Brown, Rick Ross & (Jessica Gomes)]\nWho said you can't find love in the club? (Love, oh)\n'Cause I wanna tell them they wrong (Oh, whoa-oh, tell them that they wrong)\nCome on, just, baby, try a new thing (Try a new thing, hey)\nAnd let's spark a new flame (Oh, yeah, yeah)\nYou gon' be my baby (Yes, oh)\nLove me, love you crazy (Yes, crazy)\nTell me if you with it (Yes, with it)\nBaby, come and get it\nGirl, just try a new thing (Gonna spark it up, baby, try a new thing)\nAnd let's spark a new flame\nShe know what time it is, Chris, yeah\n(M-M-M-M-M-Maybach Music)\n[Verse 3: Rick Ross & Jessica Gomes]\nHome plate, World Series, how a nigga slidin' in her (Ugh)\nBaby, I'm a boss, I'm talkin' George Steinbrenner\nPanamera, Yogi Berra, my two-seater, Derek Jeter\nGot more stripes than all these niggas\nBabe Ruth ballin' in a Beamer (Woo)\nCollar on my Polo (Woo), kisses on my necklace (Agh)\nAll my diamonds watchin', now my watches gettin' jealous (Haha)\nSmoking on a bomb in my autographed LeBron's\nYeah, she told me I'm the one, that's when I only hit it once\nM-M-M-M-M-Maybach Music\n\n[Chorus: Chris Brown, with Usher]\nWho said you can't find love in the club? (No)\n'Cause I wanna tell them they wrong (Baby)\nCome on, just, baby, try a new thing (New thing, baby)\nAnd let's spark a new flame (Baby)\nYou gon' be my baby (Yes, be mine)\nLove me, love you crazy (Yes)\nTell me if you with it (Yes)\nBaby, come and get it\nBaby, try a new thing\nAnd let's spark a new flame"
}