{
 "_type": "song",
 "annotation_count": 7,
 "api_path": "/songs/418714",
 "full_title": "Love Never Felt So Good by\u00a0Michael\u00a0Jackson & Justin Timberlake",
 "header_image_thumbnail_url": "https://images.rapgenius.com/18009d2ed797e97f82cb6a2d1da025f1.300x300x1.jpg",
 "header_image_url": "https://images.rapgenius.com/18009d2ed797e97f82cb6a2d1da025f1.585x585x1.jpg",
 "id": 418714,
 "instrumental": false,
 "lyrics_owner_id": 104344,
 "lyrics_state": "complete",
 "lyrics_updated_at": 1609692215,
 "path": "/Michael-jackson-and-justin-timberlake-love-never-felt-so-good-lyrics",
 "pyongs_count": 121,
 "song_art_image_thumbnail_url": "https://images.rapgenius.com/18009d2ed797e97f82cb6a2d1da025f1.300x300x1.jpg",
 "song_art_image_url": "https://images.rapgenius.com/18009d2ed797e97f82cb6a2d1da025f1.585x585x1.jpg",
 "song_art_primary_color": null,
 "song_art_secondary_color": null,
 "song_art_text_color": null,
 "stats": {
  "unreviewed_annotations": 0,
  "hot": false,
  "pageviews": 254009
 },
 "title": "Love Never Felt So Good",
 "title_with_featured": "Love Never Felt So Good",
 "updated_by_human_at": 1609692215,
 "url": "https://genius.com/Michael-jackson-and-justin-timberlake-love-never-felt-so-good-lyrics",
 "primary_artist": {
  "_type": "artist",
  "api_path": "/artists/2102560",
  "header_image_url": "https://images.genius.com/36d42404cb0db61cdb6b1c79b87ee1b3.300x300x1.jpg",
  "id": 2102560,
  "image_url": "https://images.genius.com/36d42404cb0db61cdb6b1c79b87ee1b3.300x300x1.jpg",
  "index_character": "m",
  "is_meme_verified": false,
  "is_verified": false,
  "name": "Michael Jackson & Justin Timberlake",
  "slug": "Michael-jackson-and-justin-timberlake",
  "url": "https://genius.com/artists/Michael-jackson-and-justin-timberlake"
 },
 "artist": "Michael Jackson & Justin Timberlake",
 "lyrics": "[Intro: Justin Timberlake]\nDancin'\nLet me see you move, come on\nDancin'\nLet me see you move\n\n[Verse 1: Michael Jackson]\nBaby, love never felt so good\nAnd I doubt if it ever could\nNot like you hold me, hold me\nOh baby, love never felt so fine\nAnd I doubt if it's never mine\nNot like you hold me, hold me\n\n[Pre-Chorus: Michael Jackson]\nAnd the night is gonna be just fine\nGotta fly, gotta see, can't believe\nI can't take it, cause\n\n[Chorus: Michael Jackson]\nBaby, every time I love you\nIn and out of my life, in and out baby\nTell me, if you really love me\nIt's in and out of my life, in and out baby\nSo baby, love never felt so good\n[Verse 2: Justin Timberlake]\nBaby, love never felt so fine\nAnd I doubt if it was ever mine\nNot like you hold me, hold me\nOoh baby, love never felt so good\nAnd I doubt if it ever could\nNot like you hold me, hold me\n\n[Pre-Chorus: Justin Timberlake & Michael Jackson]\nAnd the night through the thick and thin\nGotta fly, gotta see, can't believe\nI can't take it cause\n\n[Chorus: Michael Jackson & Justin Timberlake]\nBaby, every time I love you\nIn and out of my life, in and out baby\nTell me, if you really love me\nIt's in and out of my life, in and out baby\nSo baby, love never felt so good\n\n[Bridge: Justin Timberlake]\nDancin'\nLet me see you move, come on\nLet me see you move\nDancin'\nLet me see you move, come on\nI said let me see you move\nMichael\n[Pre-Chorus: Michael Jackson]\nAnd the night, that is good\nGotta fly, gotta see, can't believe\nI can't take it cause\n\n[Chorus: Michael Jackson]\nBaby, every time I love you\nIn and out of my life, in and out baby\nTell me, if you really love me\nIt's in and out of my life, in and out baby\nSo baby, love never felt so good\nBaby, every time I love you\nIn and out of my life, in and out baby\nTell me, if you really love me\nIt's in and out of my life, in and out baby\nSo baby, love never felt so good"
}