{
 "_type": "song",
 "annotation_count": 17,
 "api_path": "/songs/444231",
 "full_title": "Drunk on a Plane by\u00a0Dierks\u00a0Bentley",
 "header_image_thumbnail_url": "https://images.genius.com/f488dfcf12a4a3ffbf6d8235586b0d20.300x300x1.jpg",
 "header_image_url": "https://images.genius.com/f488dfcf12a4a3ffbf6d8235586b0d20.1000x1000x1.jpg",
 "id": 444231,
 "instrumental": false,
 "lyrics_owner_id": 943443,
 "lyrics_state": "complete",
 "lyrics_updated_at": 1605094345,
 "path": "/Dierks-bentley-drunk-on-a-plane-lyrics",
 "pyongs_count": 24,
 "song_art_image_thumbnail_url": "https://images.genius.com/27e6dbd24cdb7766a75a68fb688ec738.300x300x1.jpg",
 "song_art_image_url": "https://images.genius.com/27e6dbd24cdb7766a75a68fb688ec738.400x400x1.jpg",
 "song_art_primary_color": null,
 "song_art_secondary_color": null,
 "song_art_text_color": null,
 "stats": {
  "unreviewed_annotations": 0,
  "hot": false,
  "pageviews": 34825
 },
 "title": "Drunk on a Plane",
 "title_with_featured": "Drunk on a Plane",
 "updated_by_human_at": 1605094345,
 "url": "https://genius.com/Dierks-bentley-drunk-on-a-plane-lyrics",
 "primary_artist": {
  "_type": "artist",
  "api_path": "/artists/58622",
  "header_image_url": "https://images.genius.com/5a472596eb0915ceca9f32ae0cdc4914.400x400x1.jpg",
  "id": 58622,
  "image_url": "https://images.genius.com/5a472596eb0915ceca9f32ae0cdc4914.400x400x1.jpg",
  "index_character": "d",
  "is_meme_verified": true,
  "is_verified": true,
  "name": "Dierks Bentley",
  "slug": "Dierks-bentley",
  "url": "https://genius.com/artists/Dierks-bentley",
  "iq": 100
 },
 "artist": "Dierks Bentley",
 "lyrics": "[Verse 1]\nI took two weeks vacation for the honeymoon\nA couple tickets all inclusive down in Cancun\nI couldn't get my money back so I'm in seat 7A\nI'm getting drunk on a plane\nI bet the fella on the aisle thought I was crazy\nCause I taped your picture to the seatback right beside me\nNow I've got empty mini bottles fillin' both our trays\nI'm getting drunk on a plane\n\n[Chorus]\nBuyin' drinks for everybody\nBut the pilot, it's a party\nGot this 737 rocking like a G6\nStewardess is somethin' sexy\nLeanin' pourin' Coke and whiskey\nTold her about my condition\nGot a little mile-high flight attention\nIt's Mardi Gras up in the clouds\nI'm up so high, I may never come down\nI'll try anything to drown out the pain\nThey all know why I'm getting drunk on a plane\n\n[Verse 2]\nWe had this date marked on the calendar forever\nWe'd take that new wed limo airport ride together\nI feel like a plastic groom alone there at the top of the cake\nSo hey, I'm getting drunk on a plane\n[Chorus]\nBuyin' drinks for everybody\nBut the pilot, it's a party\nGot this 737\nRocking like a G6\nStewardess is somethin' sexy\nLeanin' pourin' Coke and whiskey\nTold her about my condition\nGot a little mile-high flight attention\nIt's Mardi Gras up in the clouds\nI'm up so high, I may never come down\nI'll try anything to drown out the pain\nThey all know why I'm getting drunk on a plane\n\n[Verse 3]\nOn my way home I'll bump this seat right up to first class\nSo I can drink that cheap champagne out of a real glass\nAnd when we land I'll call her up and tell her kiss my ass\nCause hey, I'm drunk on a plane\n\n[Chorus]\nBuyin' drinks for everybody\nBut the pilot, it's a party\nGot this 737\nRocking like a G6\nStewardess is somethin' sexy\nLeanin' pourin' Coke and whiskey\nTold her about my condition\nGot a little mile-high flight attention\nIt's Mardi Gras up in the clouds\nI'm up so high, I may never come down\nI'll try anything to drown out the pain\nThey all know why I'm getting drunk on a plane\n[Outro]\nI'm getting drunk on a plane\nI might be passed out\nIn the baggage claim\nBut right now\nI'm drunk on a plane"
}