{
 "_type": "song",
 "annotation_count": 15,
 "api_path": "/songs/471152",
 "full_title": "All About That Bass by\u00a0Meghan\u00a0Trainor",
 "header_image_thumbnail_url": "https://images.genius.com/6083244c55d9c1c1b7128fd955034cce.300x300x1.jpg",
 "header_image_url": "https://images.genius.com/6083244c55d9c1c1b7128fd955034cce.1000x1000x1.jpg",
 "id": 471152,
 "instrumental": false,
 "lyrics_owner_id": 354892,
 "lyrics_state": "complete",
 "lyrics_updated_at": 1605048127,
 "path": "/Meghan-trainor-all-about-that-bass-lyrics",
 "pyongs_count": 359,
 "song_art_image_thumbnail_url": "https://images.rapgenius.com/a95e7fd6a34b87cda322816dfd282b6c.300x300x1.jpg",
 "song_art_image_url": "https://images.rapgenius.com/a95e7fd6a34b87cda322816dfd282b6c.1000x1000x1.jpg",
 "song_art_primary_color": null,
 "song_art_secondary_color": null,
 "song_art_text_color": null,
 "stats": {
  "unreviewed_annotations": 0,
  "hot": false,
  "pageviews": 754092
 },
 "title": "All About That Bass",
 "title_with_featured": "All About That Bass",
 "updated_by_human_at": 1606197549,
 "url": "https://genius.com/Meghan-trainor-all-about-that-bass-lyrics",
 "primary_artist": {
  "_type": "artist",
  "api_path": "/artists/201194",
  "header_image_url": "https://images.genius.com/ae873a215ea6e88e3f6fe2d8af1218da.851x315x1.jpg",
  "id": 201194,
  "image_url": "https://images.genius.com/ccfb5ad59dc147626dbd30ad84f4364d.400x400x1.jpg",
  "index_character": "m",
  "is_meme_verified": true,
  "is_verified": true,
  "name": "Meghan Trainor",
  "slug": "Meghan-trainor",
  "url": "https://genius.com/artists/Meghan-trainor",
  "iq": 3925
 },
 "artist": "Meghan Trainor",
 "lyrics": "[Chorus]\nBecause you know I'm all about that bass\n'Bout that bass, no treble\nI'm all 'bout that bass, 'bout that bass, no treble\nI'm all 'bout that bass, 'bout that bass, no treble\nI'm all 'bout that bass, 'bout that bass\n\n[Verse 1]\nYeah, it's pretty clear, I ain't no size two\nBut I can shake it, shake it, like I'm supposed to do\n'Cause I got that boom boom that all the boys chase\nAnd all the right junk in all the right places\nI see the magazines working that Photoshop\nWe know that shit ain't real, come on now, make it stop\nIf you got beauty beauty just raise 'em up\n'Cause every inch of you is perfect from the bottom to the top\n\n[Pre-Chorus]\nYeah, my momma she told me don't worry about your size\nShe says, boys like a little more booty to hold at night\n(That booty, booty, uh, that booty booty)\nYou know I won't be no stick-figure, silicone Barbie doll\nSo, if that's what's you're into then go ahead and move along\n\n[Chorus]\nBecause you know I'm all about that bass\n'Bout that bass, no treble\nI'm all 'bout that bass, 'bout that bass, no treble\nI'm all 'bout that bass, 'bout that bass, no treble\nI'm all 'bout that bass, 'bout that bass\n[Verse 2]\nHey, I'm bringing booty back\nGo ahead and tell them skinny bitches that\nNo, I'm just playing I know you think you're fat\nBut I'm here to tell you\nEvery inch of you is perfect from the bottom to the top\n\n[Pre-Chorus]\nYeah, my momma she told me don't worry about your size\nShe says, boys like a little more booty to hold at night\n(That booty, booty, uh, that booty booty)\nYou know I won't be no stick-figure, silicone Barbie doll\nSo, if that's what's you're into then go ahead and move along\n\n[Chorus]\nBecause you know I'm all about that bass\n'Bout that bass, no treble\nI'm all 'bout that bass, 'bout that bass, no treble\nI'm all 'bout that bass, 'bout that bass, no treble\nI'm all 'bout that bass, 'bout that bass\nBecause you know I'm all about that bass\n'Bout that bass, no treble\nI'm all 'bout that bass, 'bout that bass, no treble\nI'm all 'bout that bass, 'bout that bass, no treble\nI'm all 'bout that bass, 'bout that bass\nBecause you know I'm all about that bass\n'Bout that bass, no treble\nI'm all 'bout that bass, 'bout that bass, no treble\nI'm all 'bout that bass, 'bout that bass, no treble\nI'm all 'bout that bass, 'bout that bass\n[Click here to read about when Meghan Trainor met her co-writer on this song, Kevin Kadish]"
}