{
 "_type": "song",
 "annotation_count": 11,
 "api_path": "/songs/239152",
 "full_title": "Birthday by\u00a0Katy\u00a0Perry",
 "header_image_thumbnail_url": "https://images.genius.com/479971cafdbc3f4cf8941467e6b3f539.300x300x1.jpg",
 "header_image_url": "https://images.genius.com/479971cafdbc3f4cf8941467e6b3f539.1000x1000x1.jpg",
 "id": 239152,
 "instrumental": false,
 "lyrics_owner_id": 70148,
 "lyrics_state": "complete",
 "lyrics_updated_at": 1572816113,
 "path": "/Katy-perry-birthday-lyrics",
 "pyongs_count": 85,
 "song_art_image_thumbnail_url": "https://images.genius.com/cac3ef289c6dd515be3f3daf5b29286a.300x300x1.jpg",
 "song_art_image_url": "https://images.genius.com/cac3ef289c6dd515be3f3daf5b29286a.1000x1000x1.jpg",
 "song_art_primary_color": null,
 "song_art_secondary_color": null,
 "song_art_text_color": null,
 "stats": {
  "unreviewed_annotations": 1,
  "hot": false,
  "pageviews": 144236
 },
 "title": "Birthday",
 "title_with_featured": "Birthday",
 "updated_by_human_at": 1611075524,
 "url": "https://genius.com/Katy-perry-birthday-lyrics",
 "primary_artist": {
  "_type": "artist",
  "api_path": "/artists/1195",
  "header_image_url": "https://images.genius.com/f4d50d18c2187c18885f28261c503d0f.1000x333x1.jpg",
  "id": 1195,
  "image_url": "https://images.genius.com/3f46986b4eb6ceeb06fd9d9166e5a248.900x900x1.jpg",
  "index_character": "k",
  "is_meme_verified": false,
  "is_verified": true,
  "name": "Katy Perry",
  "slug": "Katy-perry",
  "url": "https://genius.com/artists/Katy-perry",
  "iq": 149
 },
 "artist": "Katy Perry",
 "lyrics": "[Verse 1]\nI heard you're feeling nothing's going right\nWhy don't you let me stop by?\nThe clock is ticking, running out of time\nSo we should party all night\n\n[Pre-Chorus 1]\nSo cover your eyes, I have a surprise\nI hope you got a healthy appetite\nIf you wanna dance, if you want it all\nYou know that I'm the girl that you should call\n\n[Chorus]\nBoy, when you're with me, I'll give you a taste\nMake it like your birthday every day\nI know you like it sweet, so you can have your cake\nGive you something good to celebrate\n\n[Post-Chorus]\nSo make a wish\nI'll make it like your birthday every day\nI'll be your gift\nGive you something good to celebrate\n\n[Verse 2]\nPop your confetti, pop your P\u00e9rignon\nSo hot and heavy 'til dawn\nI got you spinning like a disco ball\nAll night they're playing your song\n[Pre-Chorus 2]\nWe're living the life, we're doing it right (Right)\nYou're never gonna be unsatisfied\nIf you wanna dance, if you want it all (All)\nYou know that I'm the girl that you should call (Yeah)\n\n[Chorus]\nBoy, when you're with me, I'll give you a taste\nMake it like your birthday every day\nI know you like it sweet, so you can have your cake\nGive you something good to celebrate\n\n[Post-Chorus]\nSo make a wish\nI'll make it like your birthday every day\nI'll be (I'll be) your gift (Your gift)\nGive you something good to celebrate\n\n[Bridge]\nHappy birthday\nSo let me get you in your birthday suit\nIt's time to bring out the big balloons (Woo)\nSo let me get you in your birthday suit\nIt's time to bring out the big, big, big, big, big, big balloons\n\n[Chorus]\nBoy, when you're with me, I'll give you a taste (Oh baby)\nI'll make it like your birthday every day\nI know you like it sweet, so you can have your cake\nGive you something good to celebrate (Celebrate now)\nBoy, when you're with me, I'll give you a taste (Celebrate now)\nMake it like your birthday every day (Woo)\nI know you like it sweet, so you can have your cake\nGive you something good to celebrate\n[Post-Chorus]\nSo make a wish\nI'll make it like your birthday every day\nI'll be your gift\nGive you something good to celebrate\n\n[Outro]\nHappy birthday"
}