{
 "_type": "song",
 "annotation_count": 9,
 "api_path": "/songs/491790",
 "full_title": "Bartender by\u00a0Lady\u00a0A",
 "header_image_thumbnail_url": "https://images.genius.com/2021c171a3e6a23fff2490d76ea7bac3.300x300x1.jpg",
 "header_image_url": "https://images.genius.com/2021c171a3e6a23fff2490d76ea7bac3.1000x1000x1.jpg",
 "id": 491790,
 "instrumental": false,
 "lyrics_owner_id": 672397,
 "lyrics_state": "complete",
 "lyrics_updated_at": 1569790793,
 "path": "/Lady-a-bartender-lyrics",
 "pyongs_count": 14,
 "song_art_image_thumbnail_url": "https://images.genius.com/f7377dfb8268d62841d9df247b78f4e5.300x300x1.jpg",
 "song_art_image_url": "https://images.genius.com/f7377dfb8268d62841d9df247b78f4e5.1000x1000x1.jpg",
 "song_art_primary_color": null,
 "song_art_secondary_color": null,
 "song_art_text_color": null,
 "stats": {
  "unreviewed_annotations": 0,
  "hot": false,
  "pageviews": 20688
 },
 "title": "Bartender",
 "title_with_featured": "Bartender",
 "updated_by_human_at": 1584289132,
 "url": "https://genius.com/Lady-a-bartender-lyrics",
 "primary_artist": {
  "_type": "artist",
  "api_path": "/artists/11610",
  "header_image_url": "https://images.genius.com/f6d4eec92cd5e34f73737d74bfad1cc3.828x323x1.jpg",
  "id": 11610,
  "image_url": "https://images.genius.com/7ecd817c438ed0cdbe7eae71197fb796.400x400x1.jpg",
  "index_character": "l",
  "is_meme_verified": false,
  "is_verified": false,
  "name": "Lady A",
  "slug": "Lady-a",
  "url": "https://genius.com/artists/Lady-a"
 },
 "artist": "Lady A",
 "lyrics": "[Verse 1]\n8 o\u2019clock on Friday night I\u2019m still at home\nAll my girls just keep on blowin' up my phone\nSayin', \"Come on, he ain\u2019t worth the pain\nDo what you gotta do to forget his name\"\nNow there\u2019s only one thing left for me to do\nSlip on my favorite dress and sky-high leather boots\nCheck the mirror one last time\nAnd kiss the past goodbye\n\n[Chorus]\nWhat I\u2019m really needin' now\nIs a double shot of Crown\nChase that disco ball around\n\u2018Til I don\u2019t remember\nGo until they cut me off\nWanna get a little lost\nIn the noise, in the lights\nHey bartender, pour \u2018em hot tonight\n\u2018Til the party and the music and the truth collide\nBring it \u2018til his memory fades away\nHey bartender\n\n[Verse 2]\nTonight I\u2019ll let a stranger pull me on the floor\nSpin me 'round and let him buy a couple more\nBut before it goes too far\nI\u2019ll let him down easy\n'Cause tonight it\u2019s all about dancin' with my girls to the DJ\nPut that song on replay\n[Chorus]\nWhat I\u2019m really needin' now\nIs a double shot of Crown\nChase that disco ball around\n\u2018Til I don\u2019t remember\nGo until they cut me off\nWanna get a little lost\nIn the noise, in the lights\nHey bartender, pour \u2018em hot tonight\n\u2018Til the party and the music and the truth collide\nBring it \u2018til his memory fades away\nHey bartender\n\n[Bridge]\nI\u2019m feelin' that buzz\nI\u2019m ready to rock\nAin\u2019t no way I\u2019m gonna tell you to stop\nSo pour that thing up to the top\nI\u2019m comin' in hot\nHey bartender\nOoh-ooh, oh-oh-oh\n\n[Chorus]\nHey Bartender\nWhat I\u2019m really needin' now\nIs a double shot of Crown\nChase that disco ball around\n\u2018Til I don\u2019t remember\nGo until they cut me off\nWanna get a little lost\nIn the noise, in the lights\nHey bartender, pour \u2018em hot tonight\n\u2018Til the party and the music and the truth collide\nBring it \u2018til his memory fades away\nHey bartender\nHey bartender"
}