{
 "_type": "song",
 "annotation_count": 2,
 "api_path": "/songs/153223",
 "full_title": "La La La by\u00a0Naughty\u00a0Boy (Ft.\u00a0Sam\u00a0Smith)",
 "header_image_thumbnail_url": "https://images.genius.com/de541eda74e0af236911f02d7cc4ec86.300x300x1.jpg",
 "header_image_url": "https://images.genius.com/de541eda74e0af236911f02d7cc4ec86.1000x1000x1.jpg",
 "id": 153223,
 "instrumental": false,
 "lyrics_owner_id": 198144,
 "lyrics_state": "complete",
 "lyrics_updated_at": 1597003041,
 "path": "/Naughty-boy-la-la-la-lyrics",
 "pyongs_count": 171,
 "song_art_image_thumbnail_url": "https://images.genius.com/de541eda74e0af236911f02d7cc4ec86.300x300x1.jpg",
 "song_art_image_url": "https://images.genius.com/de541eda74e0af236911f02d7cc4ec86.1000x1000x1.jpg",
 "song_art_primary_color": null,
 "song_art_secondary_color": null,
 "song_art_text_color": null,
 "stats": {
  "unreviewed_annotations": 0,
  "hot": false,
  "pageviews": 464661
 },
 "title": "La La La",
 "title_with_featured": "La La La (Ft.\u00a0Sam\u00a0Smith)",
 "updated_by_human_at": 1605909426,
 "url": "https://genius.com/Naughty-boy-la-la-la-lyrics",
 "primary_artist": {
  "_type": "artist",
  "api_path": "/artists/31376",
  "header_image_url": "https://images.genius.com/f236ce0cb01b292f6291247bafe00fc8.500x500x1.jpg",
  "id": 31376,
  "image_url": "https://images.genius.com/9f1f06ff6eeb2d41fe89b6c5ba902b65.500x500x1.jpg",
  "index_character": "n",
  "is_meme_verified": false,
  "is_verified": false,
  "name": "Naughty Boy",
  "slug": "Naughty-boy",
  "url": "https://genius.com/artists/Naughty-boy"
 },
 "artist": "Naughty Boy",
 "lyrics": "[Refrain]\nNa-na, la-la-la-la-la, na-na-na-na-na\nLa-la-na-na, la-la-la-la-la, na-na-na-na-na\nLa-la-na-na, la-la-la-la-la, na-na-na-na-na\nLa-la-na-na, la-la-la-la-la, na-na-na-na-na\n(Tu meri mauja hain)\n\n[Verse 1]\nHush, don't speak\nWhen you spit your venom, keep it shut\nI hate it when you hiss and preach\nAbout your new messiah, 'cause your theories catch fire\n\n[Pre-Chorus]\nI can't find your silver lining\nI don't mean to judge\nBut when you read your speech, it's tiring\nEnough is enough\n\n[Chorus]\nI'm covering my ears like a kid\nWhen your words mean nothing, I go la la la\nI'm turning up the volume when you speak\n'Cause if my heart can't stop it, I'll find a way to block it, I go\n\n[Refrain]\nLa-la, la-la-la-la-la, na-na-na-na-na\nLa-la-na-na, la-la-la-la-la, na-na-na-na-na\n(I found a way to block it, I go)\nLa-la-na-na, la-la-la-la-la, na-na-na-na-na\nLa-la-na-na, la-la-la-la-la, na-na-na-na-na\n[Verse 2]\nIf our love is running out of time\nI won't count the hours, rather be a coward\nWhen our words collide\nI'm gonna drown you out before I lose my mind\n\n[Pre-Chorus]\nI can't find your silver lining\nI don't mean to judge\nBut when you read your speech, it's tiring\nEnough is enough\n\n[Chorus]\nI'm covering my ears like a kid\nWhen your words mean nothing, I go la la la\nI'm turning up the volume when you speak\n'Cause if my heart can't stop it, I'll find a way to block it, I go\n\n[Refrain]\nLa-la, la-la-la-la-la, na-na-na-na-na\nLa-la-na-na, la-la-la-la-la, na-na-na-na-na\n(I found a way to block it, I go)\nLa-la-na-na, la-la-la-la-la, na-na-na-na-na\nLa-la-na-na, la-la-la-la-la, na-na-na-na-na\n(Tu meri mauja hain)\n(I found a way to block it, oh)\nLa-la, la-la-la-la-la, na-na-na-na-na\nLa-la-na-na, la-la-la-la-la, na-na-na-na-na\n(I found a way to block it, I go)\nLa-la-na-na, la-la-la-la-la, na-na-na-na-na\nLa-la-na-na, la-la-la-la-la\n(Tu meri mauja hain)\n[Chorus]\nI'm covering my ears like a kid\nWhen your words mean nothing, I go la la la\nI'm turning up the volume when you speak\n'Cause if my heart can't stop it, I'll find a way to block it, I go\nI'm covering my ears like a kid\nWhen your words mean nothing, I go la la la\nI'm turning up the volume when you speak\n'Cause if my heart can't stop it, I'll find a way to block it, I go\n\n[Refrain]\nNa-na, la-la-la-la-la, na-na-na-na-na\nLa-la-na-na, la-la-la-la-la, na-na-na-na-na\nLa-la-na-na, la-la-la-la-la, na-na-na-na-na\nLa-la-la-na, la-la-la-la-la\n(Tu meri mauja hain)"
}