{
 "_type": "song",
 "annotation_count": 3,
 "api_path": "/songs/237963",
 "full_title": "Do What U Want by\u00a0Lady\u00a0Gaga (Ft.\u00a0R.\u00a0Kelly)",
 "header_image_thumbnail_url": "https://images.genius.com/9731d41777690ac64c42725e5bb3a805.300x300x1.png",
 "header_image_url": "https://images.genius.com/9731d41777690ac64c42725e5bb3a805.1000x1000x1.png",
 "id": 237963,
 "instrumental": false,
 "lyrics_owner_id": 110991,
 "lyrics_state": "complete",
 "lyrics_updated_at": 1547165336,
 "path": "/Lady-gaga-do-what-u-want-lyrics",
 "pyongs_count": 131,
 "song_art_image_thumbnail_url": "https://images.genius.com/9bb00d5661a3697680b29987fcb5fc94.300x300x1.jpg",
 "song_art_image_url": "https://images.genius.com/9bb00d5661a3697680b29987fcb5fc94.1000x1000x1.jpg",
 "song_art_primary_color": null,
 "song_art_secondary_color": null,
 "song_art_text_color": null,
 "stats": {
  "unreviewed_annotations": 0,
  "hot": false,
  "pageviews": 894746
 },
 "title": "Do What U Want",
 "title_with_featured": "Do What U Want (Ft.\u00a0R.\u00a0Kelly)",
 "updated_by_human_at": 1598316864,
 "url": "https://genius.com/Lady-gaga-do-what-u-want-lyrics",
 "primary_artist": {
  "_type": "artist",
  "api_path": "/artists/447",
  "header_image_url": "https://images.genius.com/cb85e83bf77ac39b736ba8b3fcaa1ad2.1000x563x1.png",
  "id": 447,
  "image_url": "https://images.genius.com/9d8ada5ff048fa8cdc002e1ad623ad7d.800x800x1.jpg",
  "index_character": "l",
  "is_meme_verified": true,
  "is_verified": true,
  "name": "Lady Gaga",
  "slug": "Lady-gaga",
  "url": "https://genius.com/artists/Lady-gaga",
  "iq": 2581
 },
 "artist": "Lady Gaga",
 "lyrics": "[Intro: Lady Gaga & R. Kelly]\nYeah (Oh)\nTurn the mic up\n(Yeah, yeah)\nEh eh eh eh eh eh eh (Oh)\nEh eh eh eh eh eh eh (Oh)\n\n[Verse 1: Lady Gaga]\nI, I feel good, I walk alone\nBut then I trip upon myself and I fall\nI, I stand up, and then I'm okay\nBut then you print some shit that makes me wanna scream\n\n[Pre-Chorus: Lady Gaga]\nSo do what you want, what you want with my body\nDo what you want, don't stop, let's party\nDo what you want, what you want with my body\nDo what you want, what you want with my body\nWrite what you want, say what you want 'bout me\nIf you're wondering, know that I'm not sorry\nDo what you want, what you want with my body\nWhat you want with my body\n\n[Chorus: Lady Gaga]\nYou can't have my heart, and you won't use my mind\nBut do what you want with my body\nDo what you want with my body\nYou can\u2019t stop my voice 'cause you don't own my life\nBut do what you want with my body\nDo what you want with my body\n[Verse 2: R. Kelly]\nEarly morning, longer nights (Yeah)\nTom Ford, private flights (Yeah)\nCrazy schedule, fast life\nI wouldn't trade it in, 'cause it's our life\n(But let's slow it down)\nI could be the drink in your cup\nI could be the green in your blunt, your pusher man\nYeah, I got what you want\nYou wanna escape (Oh)\nAll of the crazy shit (Let go)\nYou're the Marilyn, I'm the president\nAnd I love to hear you sing (Girl)\n\n[Pre-Chorus 2: R. Kelly]\nDo what I want, do what I want with your body\nDo what I want, do what I want with your body\nBack of the club, taking shots, gettin' naughty\nNo invitations, it's a private party\nDo what I want, do what I want with your body\nDo what I want, do what I want with your body\nYeah, we taking these haters and we roughin' 'em up\nAnd we layin\u2019 the cut like we don't give a fuck\n\n[Chorus: Lady Gaga & R. Kelly]\nYou can't have my heart, and you won't use my mind (My mind)\nBut do what you want with my body (Yeah)\nDo what you want with my body (With your body)\nYou can\u2019t stop my voice 'cause you don't own my life\nBut do what you want with my body\nDo what you want with my body (Body)\n[Bridge: Lady Gaga]\nSometimes I'm scared, I suppose\nIf you ever let me go\nI would fall apart if you break my heart\nSo just take my body and don't stop the party\n\n[Chorus: Lady Gaga & R. Kelly, Both]\nYou can't have my heart and (Help me now)\nYou won't use my mind\nBut do what you want with my body\nDo what you want with my body (With your body)\nYou can\u2019t stop my voice, 'cause\nYou don't own my life (You)\nBut do what you want with my body\n(What I want, when I want, when I want)\nDo what you want with my body\n\n[Outro: Lady Gaga]\nDo what you want with me\nWhat you want with my body\nDo what you want with me\nWhat you want with my body, world\nDo what you want with me\nWhat you want with my body\nDo what you want with me\nWhat you want with my body, world\nHelp me now\nWhat you want with my body\nDo what you want with my body\nDo what you want with my body\nWant you want with my body, world"
}