{
 "_type": "song",
 "annotation_count": 5,
 "api_path": "/songs/338533",
 "full_title": "Can't Remember to Forget You by\u00a0Shakira (Ft.\u00a0Rihanna)",
 "header_image_thumbnail_url": "https://images.genius.com/406c4f1a00b058a99402636b38ae2dbb.300x300x1.jpg",
 "header_image_url": "https://images.genius.com/406c4f1a00b058a99402636b38ae2dbb.1000x1000x1.jpg",
 "id": 338533,
 "instrumental": false,
 "lyrics_owner_id": 212657,
 "lyrics_state": "complete",
 "lyrics_updated_at": 1612819157,
 "path": "/Shakira-cant-remember-to-forget-you-lyrics",
 "pyongs_count": 254,
 "song_art_image_thumbnail_url": "https://images.genius.com/1783a1ae441d708b8acc89badd18c268.300x300x1.jpg",
 "song_art_image_url": "https://images.genius.com/1783a1ae441d708b8acc89badd18c268.1000x1000x1.jpg",
 "song_art_primary_color": null,
 "song_art_secondary_color": null,
 "song_art_text_color": null,
 "stats": {
  "unreviewed_annotations": 0,
  "hot": false,
  "pageviews": 340298
 },
 "title": "Can\u2019t Remember to Forget You",
 "title_with_featured": "Can't Remember to Forget You (Ft.\u00a0Rihanna)",
 "updated_by_human_at": 1616355179,
 "url": "https://genius.com/Shakira-cant-remember-to-forget-you-lyrics",
 "primary_artist": {
  "_type": "artist",
  "api_path": "/artists/1405",
  "header_image_url": "https://images.genius.com/b37f34563ae4c1c6a847a9d8c55a05c9.750x1000x1.jpg",
  "id": 1405,
  "image_url": "https://images.genius.com/10a7bd08d0ca6d02913bf13112b53a4c.400x400x1.jpg",
  "index_character": "s",
  "is_meme_verified": false,
  "is_verified": false,
  "name": "Shakira",
  "slug": "Shakira",
  "url": "https://genius.com/artists/Shakira"
 },
 "artist": "Shakira",
 "lyrics": "[Verse 1: Shakira]\nI left a note on my bedpost\nSaying not to repeat yesterday\u2019s mistakes\nWhat I tend to do when it comes to you\nI see only the good, selective memory\nThe way you make me feel, yeah, you got a hold on me\nI never met someone so different\nOh, here we go\nYou're part of me now\nYou're part of me\nSo where you go I follow, follow, follow\n\n[Chorus: Shakira]\nOh-oh, ooh-oh-oh, oh-oh, ooh-oh-oh\nI can't remember to forget you\nOh-oh, ooh-oh-oh, oh-oh, ooh-oh-oh\nI keep forgetting I should let you go\nBut when you look at me\nThe only memory is us kissing in the moonlight\nOh-oh, ooh-oh-oh, oh-oh, ooh-oh-oh\nI can't remember to forget you\n\n[Post-Chorus: Shakira]\nOoh-ooh, ooh-ooh\nI can't remember to forget you\nOoh-ooh, ooh-ooh\n[Verse 2: Rihanna & Shakira, Both]\nI go back again\nFall off the train\nLand in his bed\nRepeat yesterday\u2019s mistakes\nWhat I'm tryna say is not to forget\nYou see only the good, selective memory\nThe way he makes me feel like\nThe way he makes me feel, I never seemed to act so stupid\nOh, there we go\nHe a part of me now\nHe a part of me\nSo where he goes I follow, follow, follow\n\n[Chorus: Shakira & Rihanna]\nOh-oh, ooh-oh-oh, oh-oh, ooh-oh-oh\nI can't remember to forget you\nOh-oh, ooh-oh-oh, oh-oh, ooh-oh-oh\nI keep forgetting I should let you go\nBut when you look at me\nThe only memory is us kissing in the moonlight (Oh-oh)\nOh-oh, ooh-oh-oh, oh-oh, ooh-oh-oh\nI can't remember to forget you\n\n[Bridge: Shakira & Rihanna]\nI rob and I kill to keep him with me\nI'll do anything for that boy\nI'd give my last dime to hold him tonight\nI'll do anything for that boy\nI rob and I kill to keep him with me\nI'll do anything for that boy\nI'd give my last dime to hold him tonight\nI'll do anything for that boy\n[Chorus: Shakira & Rihanna]\nOh-oh, ooh-oh-oh, oh-oh, ooh-oh-oh\nI can't remember to forget you\nOh-oh, ooh-oh-oh, oh-oh, ooh-oh-oh\nI keep forgetting I should let you go\nBut when you look at me\nThe only memory is us kissing in the moonlight (Oh-oh)\nOh-oh, ooh-oh-oh, oh-oh, ooh-oh-oh\nI can't remember to forget you\n\n[Outro: Shakira & Rihanna]\nBut when you look at me\nThe only memory is us kissing in the moonlight (Oh-oh)\nOh-oh, ooh-oh-oh, oh-oh, ooh-oh-oh\nI can't remember to forget you"
}