{
 "_type": "song",
 "annotation_count": 8,
 "api_path": "/songs/460168",
 "full_title": "Amnesia by\u00a05\u00a0Seconds of Summer",
 "header_image_thumbnail_url": "https://i.genius.com/a6a47de9ad1655c0b230e3d5b80d25f2d085b832?url=https%3A%2F%2Fdraw.acharts.net%2Fcover%2F86691-54d08dba3dafa-l.jpg",
 "header_image_url": "https://i.genius.com/a6a47de9ad1655c0b230e3d5b80d25f2d085b832?url=https%3A%2F%2Fdraw.acharts.net%2Fcover%2F86691-54d08dba3dafa-l.jpg",
 "id": 460168,
 "instrumental": false,
 "lyrics_owner_id": 1000695,
 "lyrics_state": "complete",
 "lyrics_updated_at": 1609141233,
 "path": "/5-seconds-of-summer-amnesia-lyrics",
 "pyongs_count": 153,
 "song_art_image_thumbnail_url": "https://i.genius.com/508389a14d1e040cb2dcfdb0efeb88c7605cc8fb?url=http%3A%2F%2Fcdn.playbuzz.com%2Fcdn%2F179e9f3f-a40f-4d24-8b82-7415c9bd6544%2F0183806e-da86-4184-9652-ba1641b9cd79.jpg",
 "song_art_image_url": "https://i.genius.com/508389a14d1e040cb2dcfdb0efeb88c7605cc8fb?url=http%3A%2F%2Fcdn.playbuzz.com%2Fcdn%2F179e9f3f-a40f-4d24-8b82-7415c9bd6544%2F0183806e-da86-4184-9652-ba1641b9cd79.jpg",
 "song_art_primary_color": null,
 "song_art_secondary_color": null,
 "song_art_text_color": null,
 "stats": {
  "unreviewed_annotations": 6,
  "hot": false,
  "pageviews": 252525
 },
 "title": "Amnesia",
 "title_with_featured": "Amnesia",
 "updated_by_human_at": 1609141234,
 "url": "https://genius.com/5-seconds-of-summer-amnesia-lyrics",
 "primary_artist": {
  "_type": "artist",
  "api_path": "/artists/64610",
  "header_image_url": "https://images.genius.com/75c791dba7c961613ce7e83cd9bfe4d6.512x288x1.jpg",
  "id": 64610,
  "image_url": "https://images.genius.com/5ee6edc7b3b13d3accd13f7ea068cd7b.1000x1000x1.jpg",
  "index_character": "0",
  "is_meme_verified": false,
  "is_verified": true,
  "name": "5 Seconds of Summer",
  "slug": "5-seconds-of-summer",
  "url": "https://genius.com/artists/5-seconds-of-summer",
  "iq": 2977
 },
 "artist": "5 Seconds of Summer",
 "lyrics": "[Verse 1: Calum]\nI drove by all the places we used to hang out getting wasted\nI thought about our last kiss, how it felt, the way you tasted\nAnd even though your friends tell me you're doing fine\nAre you somewhere feeling lonely even though he\u2019s right beside you?\nWhen he says those words that hurt you\nDo you read the ones I wrote you?\n\n[Pre-Chorus: Calum]\nSometimes I start to wonder, was it just a lie?\nIf what we had was real, how could you be fine?\n'Cause I'm not fine at all\n\n[Chorus: All & Luke]\nI remember the day you told me you were leaving\nI remember the make-up running down your face\nAnd the dreams you left behind, you didn't need them\nLike every single wish we ever made\nI wish that I could wake up with amnesia\nAnd forget about the stupid little things\nLike the way it felt to fall asleep next to you\nAnd the memories I never can escape\n'Cause I'm not fine at all\n\n[Verse 2: Calum]\nThe pictures that you sent me, they're still living in my phone\nI'll admit I like to see them, I'll admit I feel alone\nAnd all my friends keep asking why I'm not around\nIt hurts to know you\u2019re happy, yeah, it hurts that you moved on\nIt\u2019s hard to hear your name when I haven't seen you in so long\n[Pre-Chorus: Calum]\nIt\u2019s like we never happened, was it just a lie?\nIf what we had was real, how could you be fine?\n'Cause I'm not fine at all\n\n[Chorus: All & Luke]\nI remember the day you told me you were leaving\nI remember the make-up running down your face\nAnd the dreams you left behind you didn't need them\nLike every single wish we ever made\nI wish that I could wake up with amnesia\nAnd forget about the stupid little things\nLike the way it felt to fall asleep next to you\nAnd the memories I never can escape\n\n[Bridge: Luke]\nIf today I woke up with you right beside me\nLike all of this was just some twisted dream\nI'd hold you closer than I ever did before\nAnd you'd never slip away\nAnd you'd never hear me say\n\n[Chorus: All]\nI remember the day you told me you were leaving\nI remember the make-up running down your face\nAnd the dreams you left behind you didn't need them\nLike every single wish we ever made\nI wish that I could wake up with amnesia\nAnd forget about the stupid little things\nLike the way it felt to fall asleep next to you\nAnd the memories I never can escape\n[Outro: Luke]\n'Cause I'm not fine at all\nNo, I'm really not fine at all\nTell me this is just a dream\n'Cause I'm really not fine at all"
}