{
 "_type": "song",
 "annotation_count": 24,
 "api_path": "/songs/449654",
 "full_title": "No Mediocre by\u00a0T.I. (Ft.\u00a0Iggy\u00a0Azalea)",
 "header_image_thumbnail_url": "https://images.rapgenius.com/1b9a09ba08b2342e999e1132b162144c.300x300x1.jpg",
 "header_image_url": "https://images.rapgenius.com/1b9a09ba08b2342e999e1132b162144c.1000x1000x1.jpg",
 "id": 449654,
 "instrumental": false,
 "lyrics_owner_id": 16,
 "lyrics_state": "complete",
 "lyrics_updated_at": 1596750637,
 "path": "/Ti-no-mediocre-lyrics",
 "pyongs_count": 204,
 "song_art_image_thumbnail_url": "https://images.rapgenius.com/1b9a09ba08b2342e999e1132b162144c.300x300x1.jpg",
 "song_art_image_url": "https://images.rapgenius.com/1b9a09ba08b2342e999e1132b162144c.1000x1000x1.jpg",
 "song_art_primary_color": null,
 "song_art_secondary_color": null,
 "song_art_text_color": null,
 "stats": {
  "unreviewed_annotations": 0,
  "hot": false,
  "pageviews": 501591
 },
 "title": "No Mediocre",
 "title_with_featured": "No Mediocre (Ft.\u00a0Iggy\u00a0Azalea)",
 "updated_by_human_at": 1596750638,
 "url": "https://genius.com/Ti-no-mediocre-lyrics",
 "primary_artist": {
  "_type": "artist",
  "api_path": "/artists/85",
  "header_image_url": "https://images.genius.com/9a7118eb0b1e83879cdb4b7855158d53.320x180x1.jpg",
  "id": 85,
  "image_url": "https://images.genius.com/6f1e66b5da6bb21cceee3cee5fb5dab5.272x272x1.jpg",
  "index_character": "t",
  "is_meme_verified": true,
  "is_verified": true,
  "name": "T.I.",
  "slug": "Ti",
  "url": "https://genius.com/artists/Ti",
  "iq": 7566
 },
 "artist": "T.I.",
 "lyrics": "[Hook: T.I.]\nAll I fuck bad bitches, I don't want no mediocre ho\nDon't want no mediocre, I don't want no mediocre, no!\nBad bitches only, ain't no mediocre ho\nDon't want no mediocre, I won't hit no mediocre, yeah\nBad bitch stuntin' on them mediocre hoes\nOn them mediocre, you stunt on them mediocre\n7, bitches with me and ain't none of them mediocre\nFrom they head to they toes they so far from mediocre\n\n[Verse 1: T.I.]\nRight hand in the air, I solemnly swear\nI never fuck a bitch if she don\u2019t do her hair, no more\nYou won\u2019t get no dick if it\u2019s a bush down there\nGirl, I should see nothing but pussy when I look down there\nHey, come fuck with a nigga, what better to do?\nHe call and ask how you doin, tell him \"Better than you\", yeah\nI\u2019m kicked back with four pieces like a Kit Kat\nMe fucking if you ain\u2019t a dime, just forget that\nPretty face, fat ass, if she don\u2019t have\nHave one of these, well, I think I\u2019ll pass\nI just handed her the keys to a new drop Jag\nWhen she took it, I took it back, you shoulda asked for a Benz\nThat\u2019s mediocre bitch!\n\n[Hook: T.I.]\nAll I fuck bad bitches, I don't want no mediocre ho\nDon't want no mediocre, I don't want no mediocre, no!\nBad bitches only, ain't no mediocre ho\nDon't want no mediocre, I won't hit no mediocre, yeah\nBad bitch stuntin' on them mediocre hoes\nOn them mediocre, you stunt on them mediocre\n7, bitches with me and ain't none of them mediocre\nFrom they head to they toes they so far from mediocre\n[Verse 2: Iggy Azalea]\nHeard he want to lay it down on Iggy Iggy\nGave it to him twice, now he want a 3, Mike Bibby\nDiva, but I need a bad boy, rest in peace, Whitney\nPardon me but I don\u2019t think none of these bitches fucking with me\nWant a billboard bitch? Stop running in place\nHeels on me saying gimme 6 inches of space\nCourtside while designer frames cover my face\nNow everybody in the game wanna get 'em a taste\nI\u2019m still Grand Hustle first lady, fuck you pay me\nBet he won't go 12 rounds with the million dollar baby\nI can change your life quick, stop playing with me\nAnd if you ain't talking money what you saying to me? Iggs\n\n[Hook: T.I.]\nAll I fuck bad bitches, I don't want no mediocre ho\nDon't want no mediocre, I don't want no mediocre, no!\nBad bitches only, ain't no mediocre ho\nDon't want no mediocre, I won't hit no mediocre, yeah\nBad bitch stuntin' on them mediocre hoes\nOn them mediocre, you stunt on them mediocre\n7, bitches with me and ain't none of them mediocre\nFrom they head to they toes they so far from mediocre\n\n[Verse 3: T.I.]\nI'm in Brazil with a bitch\nCatch me in a mansion in the hills with a bitch\nGet her out them tennis shoes, throw some heels on a bitch\nI\u2019m the type of nigga split a mil with a bitch\nHold up, only if she bad though\nOut here trying to find someone that better than my last ho\nTake her to my castle, drown her in my cash flow\nSay your dick so little she can fit it in her asshole\nTold me she can't ride this shit no further than a cab go\nSaid I got that dumb dick, she wanna be my tutor\nSo she give me brain, getting head on the scooter\nHad sex on the beach from Bermuda up to Cuba\nI done fucked a lot of dimes but I\u2019m looking for a cuter bitch\nYou the shit, what she say when she got to sit\nWhen I ain't around, give a damn who you do it with\nSuper thick, pretty face, m\u00e9nage \u00e0 veinte\n20 at the same time, wanna get ya rent paid?\n[Hook: T.I.]\nAll I fuck bad bitches, I don't want no mediocre ho\nDon't want no mediocre, I don't want no mediocre, no!\nBad bitches only, ain't no mediocre ho\nDon't want no mediocre, I won't hit no mediocre, yeah\nBad bitch stuntin' on them mediocre hoes\nOn them mediocre, you stunt on them mediocre\n7, bitches with me and ain't none of them mediocre\nFrom they head to they toes they so far from mediocre"
}