{
 "_type": "song",
 "annotation_count": 5,
 "api_path": "/songs/390244",
 "full_title": "Come With Me Now by\u00a0KONGOS",
 "header_image_thumbnail_url": "https://images.genius.com/5f854de342f24b1c1c696c8ac4306a65.300x300x1.jpg",
 "header_image_url": "https://images.genius.com/5f854de342f24b1c1c696c8ac4306a65.1000x1000x1.jpg",
 "id": 390244,
 "instrumental": false,
 "lyrics_owner_id": 268964,
 "lyrics_state": "complete",
 "lyrics_updated_at": 1600174895,
 "path": "/Kongos-come-with-me-now-lyrics",
 "pyongs_count": 28,
 "song_art_image_thumbnail_url": "https://images.genius.com/5f854de342f24b1c1c696c8ac4306a65.300x300x1.jpg",
 "song_art_image_url": "https://images.genius.com/5f854de342f24b1c1c696c8ac4306a65.1000x1000x1.jpg",
 "song_art_primary_color": null,
 "song_art_secondary_color": null,
 "song_art_text_color": null,
 "stats": {
  "unreviewed_annotations": 0,
  "hot": false,
  "pageviews": 51105
 },
 "title": "Come With Me Now",
 "title_with_featured": "Come With Me Now",
 "updated_by_human_at": 1614859238,
 "url": "https://genius.com/Kongos-come-with-me-now-lyrics",
 "primary_artist": {
  "_type": "artist",
  "api_path": "/artists/158325",
  "header_image_url": "https://images.genius.com/ac41d181267a5e55db5331c4efe047df.1000x525x1.jpg",
  "id": 158325,
  "image_url": "https://images.genius.com/193f09aba7209ba4d18eb462fc7697b0.720x720x1.jpg",
  "index_character": "k",
  "is_meme_verified": false,
  "is_verified": false,
  "name": "KONGOS",
  "slug": "Kongos",
  "url": "https://genius.com/artists/Kongos"
 },
 "artist": "KONGOS",
 "lyrics": "[Intro]\nCome with me now\nCome with me now\nWhoa, come with me now\nI'm gonna take you down\nWhoa, come with me now\nI'm gonna show you how\nWhoa, come with me now\nI'm gonna take you down\nWhoa, come with me now\nI'm gonna show you how\n\n[Verse 1]\nAfraid to lose control\nAnd caught up in this world\nI've wasted time, I've wasted breath\nI think I've thought myself to death\nI was born without this fear\nNow only this seems clear\nI need to move, I need to fight\nI need to lose myself tonight\n\n[Chorus]\nWhoa, come with me now\nI'm gonna take you down\nWhoa, come with me now\nI'm gonna show you how\n[Verse 2]\nI think with my heart and I move with my head\nI open my mouth and it's something I've read\nI stood at this door before, I'm told\nBut a part of me knows that I'm growing too old\nConfused what I thought with something I felt\nConfuse what I feel with something that's real\nI tried to sell my soul last night\nFunny, he wouldn't even take a bite\n\n[Pre-Chorus]\nFar away\nI heard him say (Come with me now)\nDon't delay\nI heard him say (Come with me now)\nFar away\nI heard him say (Come with me now)\nDon't delay\nI heard him say (Come with me now)\n\n[Chorus]\nWhoa, come with me now\nI'm gonna take you down\nWhoa, come with me now\nI'm gonna show you how\n[Guitar Solo]\n\n[Verse 3]\nAfraid to lose control\nAnd caught up in this world\nI've wasted time, I've wasted breath\nI think I've thought myself to death\nI was born without this fear\nNow only this seems clear\nI need to move, I need to fight\nI need to lose myself tonight\n\n[Outro]\nWhoa, come with me now\nWhoa, come with me now\nI'm gonna take you down\nWhoa, come with me now"
}