{
 "_type": "song",
 "annotation_count": 36,
 "api_path": "/songs/419570",
 "full_title": "Believe Me by\u00a0Lil\u00a0Wayne (Ft.\u00a0Drake)",
 "header_image_thumbnail_url": "https://images.rapgenius.com/8540a54d6dddddea744734f3aa5b73cc.300x300x1.jpg",
 "header_image_url": "https://images.rapgenius.com/8540a54d6dddddea744734f3aa5b73cc.525x525x1.jpg",
 "id": 419570,
 "instrumental": false,
 "lyrics_owner_id": 104344,
 "lyrics_state": "complete",
 "lyrics_updated_at": 1616740297,
 "path": "/Lil-wayne-believe-me-lyrics",
 "pyongs_count": 1647,
 "song_art_image_thumbnail_url": "https://images.rapgenius.com/8540a54d6dddddea744734f3aa5b73cc.300x300x1.jpg",
 "song_art_image_url": "https://images.rapgenius.com/8540a54d6dddddea744734f3aa5b73cc.525x525x1.jpg",
 "song_art_primary_color": null,
 "song_art_secondary_color": null,
 "song_art_text_color": null,
 "stats": {
  "unreviewed_annotations": 2,
  "hot": false,
  "pageviews": 2039228
 },
 "title": "Believe Me",
 "title_with_featured": "Believe Me (Ft.\u00a0Drake)",
 "updated_by_human_at": 1611124499,
 "url": "https://genius.com/Lil-wayne-believe-me-lyrics",
 "primary_artist": {
  "_type": "artist",
  "api_path": "/artists/4",
  "header_image_url": "https://images.genius.com/3b3485a28f2eb47c5ff3d7691e71bcba.1000x333x1.jpg",
  "id": 4,
  "image_url": "https://images.genius.com/aa8b9dce2492fe413c23f77b643788fd.914x914x1.jpg",
  "index_character": "l",
  "is_meme_verified": true,
  "is_verified": true,
  "name": "Lil Wayne",
  "slug": "Lil-wayne",
  "url": "https://genius.com/artists/Lil-wayne",
  "iq": 4218
 },
 "artist": "Lil Wayne",
 "lyrics": "[Produced by Boi-1da and Vinylz]\n\n[Chorus: Drake]\nI'm the only one that get the job done\nI don't know a nigga that could cover for me\nYeah, got some game from my dad\nHe said she might say she love me\nShe don't love me like she say she love me\nBelieve me, believe me\nI'm that nigga, boy they love me in the streets\nI'm not tryna find nobody else to beat\nI'm the one they come to see because they all\nBelieve me\n\n[Verse 1: Drake]\nYeah, rip, rip rip\nIt's been me and Young Tune off the rip\nThat's the man that put me in this shit\nIf a nigga fuck with him, I'll put him down quick\nGot a verse for anybody wanna talk about the clique\nI've been takin' shit light, you don't wanna hear me trip\nGod damn, do y'all really know who y'all fuckin' with?\nYeah, I mean you can't blame me for wonderin'\nDoesn't matter, could be winter or the summer\nOn the road, I do One Direction numbers, I don't fuckin' miss\nYeah, Stunna and Mack know\nWhen Wayne was gone for eight months, we put this thing up on our back\nAnd I was snappin' off on every single track though\nCollect call from the boss like where we at though\nI was like, \"Hah, it's our time, nigga\"\nHe left Rikers in a Phantom, that's my nigga\nAnd I'll been rockin' with the team 'til Carter IX\nAnd we YMCMB, waitin' on somebody to try us, nigga\nYeah\n[Chorus: Drake]\nI'm the only one that get the job done\nI don't know a nigga that could cover for me\nYeah, got some game from my dad\nHe said she might say she love me\nShe don't love me like she say she love me\nBelieve me, believe me\nI'm that nigga, boy they love me in the streets\nI'm not tryna find nobody else to beat\nI'm the one they come to see because they all\nBelieve me\n\n[Verse 2: Lil Wayne]\nLord knows I'll murk one of these niggas, yeah\nHis and hers Ferraris, nigga\nOne for me, one for my daughter, nigga\nWaitin' for someone to test me like a Harvard nigga\nI tote a 223, two Michael Jordans, nigga\nCome on, fight these shell cases like a lawyer, nigga\nFind out where you stay, and act like we found some oil, nigga\nOut of duct tape so when he prayin' I ignore the nigga\nAll I gotta say is \"sayonara, nigga\"\nDrop dead gorgeous but the bitch ain't dyin' for a nigga\nWhere the real queens at? Shout out Capone and Noreaga\nWe can shoot it out and see who live to tell the story later\nDiamonds in my Rollie face cannot be exfoliated\nThey think I'm associated, I'm the one that orchestrated\nYayo get her ass whipped, whip that ass like horses racin'\nAin't 'bout what you walk away from, it's 'bout what you walk away with\nDead Presidents, them coffins vacant\nI must be doin' somethin'\n[Chorus: Drake]\nI'm the only one that get the job done\nI don't know a nigga that could cover for me\nYeah, got some game from my dad\nHe said she might say she love me\nShe don't love me like she say she love me\nBelieve me, believe me\nI'm that nigga, boy they love me in the streets\nI'm not tryna find nobody else to beat\nI'm the one they come to see because they all\nBelieve me\n\n[Verse 3: Drake]\nHad to get it poppin' off the rip\nRich young nigga that ain't never had to trick\nSlim Thug flow but you know I like 'em thick\nIf she get a job at DOA, I drop her off a tip\nI had to get it poppin' off the rip\nI'm the one they tell yah been reppin' in the 6\nCome into the city and yah niggas get to trippin'\nWe'll take yah to the Scarborough Bluff and drop you off a cliff\nWell damn, just be happy for the man\nNirvana, Coldplay, nigga got bands\nInk from the money, got it all over my hands\nGoin' out to Houston, spendin' all of my advance\nV Live just took me for a cheque\n\"Drake you know I love you, you just took me outta debt\"\nYes, right now you are lookin' at the best\nMothafuck award shows and mothafuck the press like that\n[Verse 4: Lil Wayne]\nMothafuck the rest\nWhen they jumped off the porch, I was stumblin' up the steps\nI'd give what I collect before I give up my connect\nIt'd be a cold day in Hell, icicles made of sweat\nOne finger, slidin' 'cross my neck\nNiggas know what that mean like they deaf\nNigga I'll fire this nina like it's her first day\nOn the job and the bitch overslept\nTune stay humble, nigga I'm a king\nNeed a horn and a drumroll\nThey throw mothafuckin' roses at my feet, nigga\nI don't step on one rose\nI'm the only one that get the job done\nI don't know a nigga that can cover for me\nTape a couple kilos to the bitch stomach\nShe look like she got a bun in the oven from me\nPreheat, believe me\nAll you gotta do is pay me every week\nI had these bitches havin' babies every week\nI'm the nigga, see me skatin' in the streets\nGone\n\n[Outro: Drake]\nRip rip, nigga"
}