{
 "_type": "song",
 "annotation_count": 12,
 "api_path": "/songs/405888",
 "full_title": "Problem by\u00a0Ariana\u00a0Grande (Ft.\u00a0Iggy\u00a0Azalea)",
 "header_image_thumbnail_url": "https://images.genius.com/aea022b9cb150c60f0a12ce1d002c2f0.300x300x1.jpg",
 "header_image_url": "https://images.genius.com/aea022b9cb150c60f0a12ce1d002c2f0.1000x1000x1.jpg",
 "id": 405888,
 "instrumental": false,
 "lyrics_owner_id": 104344,
 "lyrics_state": "complete",
 "lyrics_updated_at": 1611031884,
 "path": "/Ariana-grande-problem-lyrics",
 "pyongs_count": 528,
 "song_art_image_thumbnail_url": "https://images.genius.com/614366b20e6a45cb8a1adc0c3e1130a1.300x300x1.jpg",
 "song_art_image_url": "https://images.genius.com/614366b20e6a45cb8a1adc0c3e1130a1.1000x1000x1.jpg",
 "song_art_primary_color": null,
 "song_art_secondary_color": null,
 "song_art_text_color": null,
 "stats": {
  "unreviewed_annotations": 2,
  "hot": false,
  "pageviews": 619958
 },
 "title": "Problem",
 "title_with_featured": "Problem (Ft.\u00a0Iggy\u00a0Azalea)",
 "updated_by_human_at": 1615055463,
 "url": "https://genius.com/Ariana-grande-problem-lyrics",
 "primary_artist": {
  "_type": "artist",
  "api_path": "/artists/26507",
  "header_image_url": "https://images.genius.com/0b63409589894fbd955a658fc89f08dd.1000x429x1.jpg",
  "id": 26507,
  "image_url": "https://images.genius.com/d36a47955ac0ddb12748c5e7c2bd4b4b.640x640x1.jpg",
  "index_character": "a",
  "is_meme_verified": false,
  "is_verified": true,
  "name": "Ariana Grande",
  "slug": "Ariana-grande",
  "url": "https://genius.com/artists/Ariana-grande",
  "iq": 2404
 },
 "artist": "Ariana Grande",
 "lyrics": "[Intro: Iggy Azalea & Ariana Grande]\nUh-huh! It's Iggy Iggs!\nI got one more problem with you girl, hey!\n(One less, one less problem)\n\n[Verse 1: Ariana Grande]\nHey baby, even though I hate ya, I wanna love ya\n(I want you)\nAnd even though I can't forgive ya, I really want to\n(I want you)\nTell me, tell me, baby, why can't you leave me?\n'Cause even though I shouldn't want it, I gotta have it\n(I want you)\n\n[Pre-Chorus: Ariana Grande]\nHead in the clouds\nGot no weight on my shoulders\nI should be wiser, and realize that I've got\n[Chorus: Big Sean & Ariana Grande]\nOne less problem without ya\nI got one less problem without ya\nI got one less problem without ya\nI got one less, one less problem\nOne less problem without ya\nI got one less problem without ya\nI got one less problem without ya\nI got one less, one less problem\n[Verse 2: Ariana Grande]\nI know you're never gonna wake up, I gotta give up\n(But it's you)\nI know I shouldn't ever call back or let you come back\n(But it's you)\nEvery time you touch me and say you love me\nI get a little bit breathless, I shouldn't want it\n(But it's you)\n\n[Pre-Chorus: Ariana Grande]\nHead in the clouds\nGot no weight on my shoulders\nI should be wiser, and realize that I've got\n[Chorus: Big Sean & Ariana Grande]\nOne less problem without ya\nI got one less problem without ya\nI got one less problem without ya\nI got one less, one less problem\nOne less problem without ya\nI got one less problem without ya (Ooh, babe)\nI got one less problem without ya (Ooh, woah)\nI got one less, one less problem\n\n[Verse 3: Iggy Azalea]\nIt's Iggy Iggs!\nUh, what you got?\nSmart money bettin' I'll be better off without you\nIn no time I'll be forgettin' all about you\nYou sayin' that you know, but I really, really doubt you\nUnderstand my life is easy when I ain't around you\nIggy Iggy, too biggie to be here stressin'\nI'm thinkin' I love the thought of you more than I love your presence\nAnd the best thing now is probably for you to exit\nI let you go, let you back, I finally learned my lesson\nNo half-steppin', either you want it or you just playin'\nI'm listenin' to you knowin' I can't believe what you sayin'\nThere's a million you's baby boo, so don't be dumb\nI got 99 problems but you won't be one, like what\n[Bridge: Ariana Grande]\nMmm, nah, one less, one less problem\nMmm, yeah, one less, one less problem\n\n[Pre-Chorus: Ariana Grande]\nHead in the clouds\nGot no weight on my shoulders\nI should be wiser, and realize that I've got\n[Chorus: Big Sean, Ariana Grande & Iggy Azalea]\nOne less problem without ya (Babe)\nI got one less problem without ya (No, babe)\nI got one less problem without ya (Ooh)\nI got one less, one less problem (Ooh, baby)\nOne less problem without ya (Yeah, I got)\nI got one less problem without ya (Woo, hey!)\nI got one less problem without ya\nI got one less, one less problem, problem, baby\nOne less problem without ya (Hey)\nI got one less problem without ya (Without you)\nI got one less problem without ya (I got one less, one less, yeah)\nI got one less, one less problem, yeah\n[Produced by Max Martin, Shellback, and Ilya]"
}