{
 "_type": "song",
 "annotation_count": 28,
 "api_path": "/songs/209461",
 "full_title": "23 by\u00a0Mike\u00a0WiLL Made-It (Ft.\u00a0Juicy\u00a0J, Miley\u00a0Cyrus & Wiz\u00a0Khalifa)",
 "header_image_thumbnail_url": "https://images.genius.com/90d5cd43aace403b53091cdd113918f6.300x300x1.jpg",
 "header_image_url": "https://images.genius.com/90d5cd43aace403b53091cdd113918f6.1000x1000x1.jpg",
 "id": 209461,
 "instrumental": false,
 "lyrics_owner_id": 918020,
 "lyrics_state": "complete",
 "lyrics_updated_at": 1591005150,
 "path": "/Mike-will-made-it-23-lyrics",
 "pyongs_count": 246,
 "song_art_image_thumbnail_url": "https://images.genius.com/18bca8330fdaaf3ab606daabb250d167.300x300x1.png",
 "song_art_image_url": "https://images.genius.com/18bca8330fdaaf3ab606daabb250d167.1000x1000x1.png",
 "song_art_primary_color": null,
 "song_art_secondary_color": null,
 "song_art_text_color": null,
 "stats": {
  "unreviewed_annotations": 0,
  "hot": false,
  "pageviews": 2157688
 },
 "title": "23",
 "title_with_featured": "23 (Ft.\u00a0Juicy\u00a0J, Miley\u00a0Cyrus & Wiz\u00a0Khalifa)",
 "updated_by_human_at": 1592020538,
 "url": "https://genius.com/Mike-will-made-it-23-lyrics",
 "primary_artist": {
  "_type": "artist",
  "api_path": "/artists/29978",
  "header_image_url": "https://images.genius.com/1722dc172cf7b50eeb7e433113e9a6e8.1000x504x1.png",
  "id": 29978,
  "image_url": "https://images.genius.com/1d29ef19a466f4bf49282b4d020cb593.895x895x1.jpg",
  "index_character": "m",
  "is_meme_verified": true,
  "is_verified": true,
  "name": "Mike WiLL Made-It",
  "slug": "Mike-will-made-it",
  "url": "https://genius.com/artists/Mike-will-made-it",
  "iq": 498
 },
 "artist": "Mike WiLL Made-It",
 "lyrics": "[Chorus: Miley Cyrus]\nI'm in the club high on purp with some shades on\nTatted up, mini skirt with my J's on\n\n[Post-Chorus: Juicy J]\nJ\u2019s on my feet\nJ\u2019s on my feet\nJ\u2019s on my feet\nSo get like me\nJ\u2019s on my feet\nJ\u2019s on my feet\nJ\u2019s on my feet\nSo get like me\n\n[Verse 1: Miley Cyrus]\nI be in the club standing on the couch\nIn them Wolf Grey's like it's my house\nDrinking out the bottle, I got no respect\nLooking like a model, who just got a check\nI back it up, cause I don't give a fuck\nIf you're a lame, that's a shame you can't hang with us\nI'm MC Hammer fly, you can't touch\nJ's so fly I should work at Flight Club\n\n[Pre-Chorus: Miley Cyrus]\nPut on my J's and dance the whole night away\nI\u2019m naughty by nature like I\u2019m Hip-Hop Hooray\nWith my hands in the sky, I wave \u2018em from side to side\nMy feet on the floor, I\u2019m \u2019bout to turn up now\n[Chorus: Miley Cyrus]\nI'm in the club high on purp with some shades on\nTatted up, mini skirt with my J's on\n\n[Post-Chorus: Juicy J]\nJ\u2019s on my feet\nJ\u2019s on my feet\nJ\u2019s on my feet\nSo get like me\nJ\u2019s on my feet\nJ\u2019s on my feet\nJ\u2019s on my feet\nSo get like me\n\n[Verse 2: Wiz Khalifa]\nI be rockin' J's or\nI be rockin' Taylors\nI got lots of flavors, my kick game is major\nMore kicks than the players, call me up I'm scorin'\nHit it like a free throw, tongue out like I'm Jordan\nSmiley, Miley, come swing the thing right by me\nGot a joint if you wanna get stoned, got choppers if they wanna try me\nPro athlete I'm not no wannabe\nWaitress asked how many bottles? I said 23\n\n[Pre-Chorus: Miley Cyrus]\nPut on my J's and dance the whole night away\nI\u2019m naughty by nature like I\u2019m Hip-Hop Hooray\nWith my hands in the sky, I wave \u2018em from side to side\nMy feet on the floor, I\u2019m \u2019bout to turn up now\n[Chorus: Miley Cyrus]\nI'm in the club high on purp with some shades on\nTatted up, mini skirt with my J's on\n\n[Post-Chorus: Juicy J]\nJ\u2019s on my feet\nJ\u2019s on my feet\nJ\u2019s on my feet\nSo get like me\nJ\u2019s on my feet\nJ\u2019s on my feet\nJ\u2019s on my feet\nSo get like me\n\n[Verse 3: Juicy J]\nI stay showin' out, my kick game is a beast\nI got thirty pairs of J's that ain't never been released\nFlu game 12's, Space Jam 11's\nOn the hype beast sick, they gon' need a paramedic\nTurn up, turn up, turn up, I get trippy, I stay live\nAll this purple in my cup, match them grape 5's\nI'm so high, I got three bitches that go bi\nI'm so fly, I'm gettin' head like a blow dryer\n\n[Pre-Chorus: Miley Cyrus]\nPut on my J's and dance the whole night away\nI\u2019m naughty by nature like I\u2019m Hip-Hop Hooray\nWith my hands in the sky, I wave \u2018em from side to side\nMy feet on the floor, I\u2019m \u2019bout to turn up now\n[Chorus: Miley Cyrus]\nI'm in the club high on purp with some shades on\nTatted up, mini skirt with my J's on\n\n[Post-Chorus: Juicy J]\nJ\u2019s on my feet\nJ\u2019s on my feet\nJ\u2019s on my feet\nSo get like me\nJ\u2019s on my feet\nJ\u2019s on my feet\nJ\u2019s on my feet\nSo get like me"
}