{
 "_type": "song",
 "annotation_count": 3,
 "api_path": "/songs/460937",
 "full_title": "Beachin' by\u00a0Jake\u00a0Owen",
 "header_image_thumbnail_url": "https://images.genius.com/581780db88cf996c5d95fe8eb071937a.300x299x1.jpg",
 "header_image_url": "https://images.genius.com/581780db88cf996c5d95fe8eb071937a.355x354x1.jpg",
 "id": 460937,
 "instrumental": false,
 "lyrics_owner_id": 3986158,
 "lyrics_state": "complete",
 "lyrics_updated_at": 1581545600,
 "path": "/Jake-owen-beachin-lyrics",
 "pyongs_count": 6,
 "song_art_image_thumbnail_url": "https://images.genius.com/08fd4b03b9cd07ee6eda7afef265e76d.300x300x1.jpg",
 "song_art_image_url": "https://images.genius.com/08fd4b03b9cd07ee6eda7afef265e76d.640x640x1.jpg",
 "song_art_primary_color": null,
 "song_art_secondary_color": null,
 "song_art_text_color": null,
 "stats": {
  "unreviewed_annotations": 0,
  "hot": false,
  "pageviews": 11119
 },
 "title": "Beachin\u2019",
 "title_with_featured": "Beachin'",
 "updated_by_human_at": 1585275599,
 "url": "https://genius.com/Jake-owen-beachin-lyrics",
 "primary_artist": {
  "_type": "artist",
  "api_path": "/artists/52309",
  "header_image_url": "https://images.genius.com/f36854159cb5e0527941d9eabee70968.1000x1000x1.jpg",
  "id": 52309,
  "image_url": "https://images.genius.com/f36854159cb5e0527941d9eabee70968.1000x1000x1.jpg",
  "index_character": "j",
  "is_meme_verified": true,
  "is_verified": true,
  "name": "Jake Owen",
  "slug": "Jake-owen",
  "url": "https://genius.com/artists/Jake-owen",
  "iq": 753
 },
 "artist": "Jake Owen",
 "lyrics": "[Verse 1]\nJust watching her blonde hair, sun burn, stare at them\nWhitecaps rolling over\nLaid back in a thrift store beach chair\nDropping limes in her Corona\nWell she looks back, yeah, she throws me a kiss\nLike \"Honey, I sure want you\"\nAnd it's a hundred and three between her and me\nAnd only 92 in Daytona\n\n[Chorus]\nAnd it's sunshine, blue eyes, tan lines, it's low tide\nRolling white sand, cold can koozie in my hand, just a summertime strollin'\nChillin', breezin', sippin', singin' woah a oh, oh\nBeachin'\n\n[Verse 2]\nWe got 2-for-1s, we're at a margarita bar\nWhatever happens happens\nAnd there's a reggae band, full of dread heads\nJust sittin' in the corner laughin'\nWell my baby walks over, drops a 20 in a jar\nShe smiles and shakes it at me\nYeah, she gets 'em going, she gets 'em playing\nA little, don't worry be happy\n[Chorus]\nAnd it's sunshine, blue eyes, tan lines, it's low tide\nRolling white sand, cold can koozie in my hand, just a summertime strollin'\nChillin', breezin', sippin', singin' woah a oh, oh\nBeachin'\n\n[Bridge]\nAh yeah\nLil palm tree leanin'\nI got a margerita in my hand, I'm doin' a little drinkin'\n\n[Chorus]\nTalking 'bout\nSunshine, blue eyes, tan lines, it's low tide\nRolling white sand, cold can koozie in my hand, just a summertime strollin'\nChillin', breezin', sippin', singin' woah a oh, oh\nBeachin' (Aw, we're just beachin')\nSunshine, blue eyes, tan lines, it's low tide (Under the palm tree leanin')\nRolling white sand, cold can koozie in my hand..."
}