{
 "_type": "song",
 "annotation_count": 14,
 "api_path": "/songs/91233",
 "full_title": "White Walls by\u00a0Macklemore\u00a0& Ryan Lewis (Ft.\u00a0Hollis & ScHoolboy\u00a0Q)",
 "header_image_thumbnail_url": "https://images.rapgenius.com/84mo7jurwko1n48l8x01m5mw8.300x300x1.jpg",
 "header_image_url": "https://images.rapgenius.com/84mo7jurwko1n48l8x01m5mw8.730x730x1.jpg",
 "id": 91233,
 "instrumental": false,
 "lyrics_owner_id": 136372,
 "lyrics_state": "complete",
 "lyrics_updated_at": 1613087199,
 "path": "/Macklemore-and-ryan-lewis-white-walls-lyrics",
 "pyongs_count": 114,
 "song_art_image_thumbnail_url": "https://images.rapgenius.com/c3119dc44f313f1438146f04692a048f.300x300x1.jpg",
 "song_art_image_url": "https://images.rapgenius.com/c3119dc44f313f1438146f04692a048f.1000x1000x1.jpg",
 "song_art_primary_color": null,
 "song_art_secondary_color": null,
 "song_art_text_color": null,
 "stats": {
  "unreviewed_annotations": 1,
  "hot": false,
  "pageviews": 1162841
 },
 "title": "White Walls",
 "title_with_featured": "White Walls (Ft.\u00a0Hollis & ScHoolboy\u00a0Q)",
 "updated_by_human_at": 1613629577,
 "url": "https://genius.com/Macklemore-and-ryan-lewis-white-walls-lyrics",
 "primary_artist": {
  "_type": "artist",
  "api_path": "/artists/2525",
  "header_image_url": "https://images.genius.com/3f619f317557a048f0f2d068aab8157f.480x480x1.jpg",
  "id": 2525,
  "image_url": "https://images.genius.com/3f619f317557a048f0f2d068aab8157f.480x480x1.jpg",
  "index_character": "m",
  "is_meme_verified": false,
  "is_verified": false,
  "name": "Macklemore & Ryan Lewis",
  "slug": "Macklemore-and-ryan-lewis",
  "url": "https://genius.com/artists/Macklemore-and-ryan-lewis"
 },
 "artist": "Macklemore & Ryan Lewis",
 "lyrics": "[Intro: Macklemore]\nI wanna be free\nI wanna just live\nInside my Cadillac\nThat is my shit\nNow throw it up (Man throw that up)\nThat's what it is (That's what it is)\nIn my C-A-D-I-L-L-A-C, bitch (Biatch!)\n\n[Verse 1: Macklemore]\nCan't see me through my tints (Nuh-uh)\nI'm riding real slow (Slow motion)\nIn my paint, wet, drippin', shinin' like my 24s (Umbrella)\nI ain't got 24s (Nuh-uh)\nBut I'm on those Vogues (Yeah)\nThat's those big white walls, r-r-round them hundred spokes\nOld school like Olde English in that brown paper bag\nI'm rollin' in that same whip that my granddad had\nHello, haters, damn y'all mad\n30k on the Caddy, now how backpack rap is that?\n\n[Chorus: Hollis]\nI got that off-black Cadillac, midnight drive\nGot that gas pedal, leaning back, taking my time\nI'm rolling that roof off, letting in sky\nI shine, the city never looked so bright\n[Verse 2: Macklemore]\nMan, I'm loungin'\nIn some shit Bernie Mac would've been proud of\nLookin' down from heaven like damn that's stylish\nSmilin', don't pay attention to the mileage\nCan I hit the freeway? Illegally going 120\nEasy weavin' in and out of the traffic\nThey cannot catch me, I'm smashin'\nI'm duckin', buckin' them out here\nI'm lookin' fuckin' fantastic, I am up in a classic\nNow I know what it's like under the city lights\nRidin' into the night, drivin' over the bridge\nThe same one we'd walk across as kids\nKnew I'd have a whip but never one like this\nOld school, old school\nCandy paint, two-seater\nYeah, I'm from Seattle, there's hella Honda Civics\nI couldn't tell you about paint either\nBut I really wanted a Caddy so I put in the hours\nAnd rolled on over to the dealer\nAnd I found the car I dreamed of, placed a bargain with this geezer\nGot the keys in, as I was leavin' I started screamin'\n\n[Chorus: Hollis]\nI got that off-black Cadillac, midnight drive\nGot that gas pedal, leaning back, taking my time\nI'm rolling that roof off, letting in sky\nI shine, the city never looked so bright\n[Verse 3: ScHoolboy Q]\nYeah, uh\nBackwoods and dope\nWhite hoes in the backseat snortin' coke\nShe doing line after line like she's writing rhymes\nI had her inhalin' my love, tryna blow her mind\nCadillac pimpin', my uncle was on\n14, I stole his keys, me and my niggas was gone\nStealing portions of his liquor, water in his Patron\nDrivin', smilin' like I won the fucking lottery homes\n(Fuckin' lottery homes)\nTires with the spokes on it, and the Vogues too\nMustard and mayonnaise, keepin' the buns all on\nMy dogs hangin' out the window\nYoung as whoosh, fuckin' like we ball\nTryna fuck 'em all\nNever park the whip, see what's poppin' at the mall\nMeet a bad bitch, slap her booty with my paw\nYou can smoke the pussy, I was tearin' down the walls\nI'm motherfuckin' awe-\n-some, swear these sights tryna hypnotize\nGrip the leather steerin' wheel while I grip the thighs\nSee the lust stuck up in her eyes\nMaybe she like the ride or did she like the smoke?\nOr does she want it low?\n'Cause this shit a Coupe de Ville so you'll never know\nSo we cruise for minutes, my nigga fuck the limit\nGot a window tinted, for sure a gangsta in it\nSlide 'til the gas is finished\nQ\n[Chorus: Hollis]\nOff-black Cadillac, midnight drive\nGot that gas pedal, leaning back, taking my time\nI'm rolling that roof off, letting in sky\nI shine, the city never looked so bright\nGot that off-black Cadillac, midnight drive\nGot that gas pedal, leaning back, taking my time\nI'm rolling that roof off, letting in sky\nI shine, the city never looked so, looked so bright"
}