{
 "_type": "song",
 "annotation_count": 7,
 "api_path": "/songs/369417",
 "full_title": "She Looks So Perfect by\u00a05\u00a0Seconds of Summer",
 "header_image_thumbnail_url": "https://i.genius.com/a6a47de9ad1655c0b230e3d5b80d25f2d085b832?url=https%3A%2F%2Fdraw.acharts.net%2Fcover%2F86691-54d08dba3dafa-l.jpg",
 "header_image_url": "https://i.genius.com/a6a47de9ad1655c0b230e3d5b80d25f2d085b832?url=https%3A%2F%2Fdraw.acharts.net%2Fcover%2F86691-54d08dba3dafa-l.jpg",
 "id": 369417,
 "instrumental": false,
 "lyrics_owner_id": 611651,
 "lyrics_state": "complete",
 "lyrics_updated_at": 1615177362,
 "path": "/5-seconds-of-summer-she-looks-so-perfect-lyrics",
 "pyongs_count": 140,
 "song_art_image_thumbnail_url": "https://i.genius.com/5f611c37393a068d997beb60285d85385d860ed9?url=http%3A%2F%2Fwww.happydaysradio.de%2FTop20CountdownPlaylist%2F5%2520seconds%2520of%2520summer%2520-%2520she%2520looks%2520so%2520perfect.jpg",
 "song_art_image_url": "https://i.genius.com/5f611c37393a068d997beb60285d85385d860ed9?url=http%3A%2F%2Fwww.happydaysradio.de%2FTop20CountdownPlaylist%2F5%2520seconds%2520of%2520summer%2520-%2520she%2520looks%2520so%2520perfect.jpg",
 "song_art_primary_color": null,
 "song_art_secondary_color": null,
 "song_art_text_color": null,
 "stats": {
  "unreviewed_annotations": 0,
  "concurrents": 2,
  "hot": false,
  "pageviews": 443941
 },
 "title": "She Looks So Perfect",
 "title_with_featured": "She Looks So Perfect",
 "updated_by_human_at": 1615177362,
 "url": "https://genius.com/5-seconds-of-summer-she-looks-so-perfect-lyrics",
 "primary_artist": {
  "_type": "artist",
  "api_path": "/artists/64610",
  "header_image_url": "https://images.genius.com/75c791dba7c961613ce7e83cd9bfe4d6.512x288x1.jpg",
  "id": 64610,
  "image_url": "https://images.genius.com/5ee6edc7b3b13d3accd13f7ea068cd7b.1000x1000x1.jpg",
  "index_character": "0",
  "is_meme_verified": false,
  "is_verified": true,
  "name": "5 Seconds of Summer",
  "slug": "5-seconds-of-summer",
  "url": "https://genius.com/artists/5-seconds-of-summer",
  "iq": 2977
 },
 "artist": "5 Seconds of Summer",
 "lyrics": "[Intro: All]\nHey-hey, hey-hey, hey-hey, hey\nHey-hey, hey-hey, hey-hey, hey\n\n[Verse 1: Luke]\nSimmer down, simmer down\nThey say we\u2019re too young now to amount to anything else\nBut look around\nWe worked too damn hard for this just to give it up now\nIf you don\u2019t swim, you\u2019ll drown\nBut don\u2019t move, honey\n\n[Chorus: All]\nYou look so perfect standing there\nIn my American Apparel underwear\nAnd I know now that I\u2019m so down\nYour lipstick stain is a work of art\nI got your name tattooed in an arrow heart\nAnd I know now that I\u2019m so down\nHey\nHey-hey, hey-hey, hey-hey, hey\n\n[Verse 2: Calum]\nLet\u2019s get out, let\u2019s get out\n'Cause this deadbeat town\u2019s only here just to keep us down\nWhile I was out\nI found myself alone just thinking\nIf I showed up with a plane ticket\nAnd a shiny diamond ring with your name on it\nWould you wanna run away too?\n'Cause all I really want is you\n[Chorus: All]\nYou look so perfect standing there\nIn my American Apparel underwear\nAnd I know now that I\u2019m so down\nI made a mixtape straight out of \u201894\nI\u2019ve got your ripped skinny jeans lying on the floor\nAnd I know now that I\u2019m so down\nHey\nHey-hey, hey-hey, hey-hey, hey\n\n[Bridge: Luke]\nYou look so perfect standing there\nIn my American Apparel underwear\nAnd I know now that I\u2019m so down\nYour lipstick stain is a work of art\nI got your name tattooed in an arrow heart\nAnd I know now that I\u2019m so down\n\n[Chorus: All]\nHey\nHey-hey, hey-hey, hey-hey, hey\nYou look so perfect standing there\nIn my American Apparel underwear\nAnd I know now that I\u2019m so down (Hey)\nYour lipstick stain is a work of art\nI got your name tattooed in an arrow heart\nAnd I know now that I\u2019m so down\nHey"
}