{
 "_type": "song",
 "annotation_count": 8,
 "api_path": "/songs/216074",
 "full_title": "Stay the Night by\u00a0Zedd (Ft.\u00a0Hayley\u00a0Williams)",
 "header_image_thumbnail_url": "https://images.genius.com/347f6bc8253c36704240558be13be74a.300x300x1.jpg",
 "header_image_url": "https://images.genius.com/347f6bc8253c36704240558be13be74a.1000x1000x1.jpg",
 "id": 216074,
 "instrumental": false,
 "lyrics_owner_id": 70148,
 "lyrics_state": "complete",
 "lyrics_updated_at": 1613602793,
 "path": "/Zedd-stay-the-night-lyrics",
 "pyongs_count": 64,
 "song_art_image_thumbnail_url": "https://images.genius.com/f3009f625b337cac0da6e19649e03018.300x300x1.png",
 "song_art_image_url": "https://images.genius.com/f3009f625b337cac0da6e19649e03018.1000x1000x1.png",
 "song_art_primary_color": null,
 "song_art_secondary_color": null,
 "song_art_text_color": null,
 "stats": {
  "unreviewed_annotations": 1,
  "hot": false,
  "pageviews": 117091
 },
 "title": "Stay the Night",
 "title_with_featured": "Stay the Night (Ft.\u00a0Hayley\u00a0Williams)",
 "updated_by_human_at": 1615351803,
 "url": "https://genius.com/Zedd-stay-the-night-lyrics",
 "primary_artist": {
  "_type": "artist",
  "api_path": "/artists/24215",
  "header_image_url": "https://images.genius.com/4ad5814bce800a652420d0b3cdff0ecb.1000x333x1.jpg",
  "id": 24215,
  "image_url": "https://images.genius.com/04c2fe85aae128a82ec6df176910e2b9.1000x1000x1.jpg",
  "index_character": "z",
  "is_meme_verified": true,
  "is_verified": true,
  "name": "Zedd",
  "slug": "Zedd",
  "url": "https://genius.com/artists/Zedd",
  "iq": 5037
 },
 "artist": "Zedd",
 "lyrics": "[Produced by Zedd]\n\n[Verse 1]\nI know that we are up-side-down\nSo hold your tongue and hear me out\nI know that we were made to break\nSo what? I don't mind\n\n[Pre-Chorus]\nYou kill the lights, I'll draw the blinds\nDon't dull the sparkle in your eyes\nI know that we were made to break\nSo what? I don't mind\n\n[Chorus]\nAre you gonna stay the night?\nAre you gonna stay the night?\nWhoa, oh, oh, oh, oh, oh, oh\nAre you gonna stay the night?\nAre you gonna stay the night?\nDoesn't mean we're bound for life\nSo-oh-oh-oh-oh-oh-oh-oh\nAre you gonna stay the night?\nAre you gonna stay the night?\nDoesn't mean we're bound for life\nSo-oh-oh-oh-oh-oh-oh-oh\nAre you gonna stay the night?\n[Verse 2]\nI am a fire, you're gasoline\nCome pour yourself all over me\nWe'll let this place go down in flames\nOnly one more time\n\n[Pre-Chorus]\nYou kill the lights, I'll draw the blinds\nDon't dull the sparkle in your eyes\nI know that we were made to break\nSo what? I don't mind\n\n[Chorus]\nAre you gonna stay the night?\nAre you gonna stay the night?\nWhoa, oh, oh, oh, oh, oh, oh\nAre you gonna stay the night?\nAre you gonna stay the night?\nDoesn't mean we're bound for life\nSo-oh-oh-oh-oh-oh-oh-oh\nAre you gonna stay the night?\nAre you gonna stay the night?\n\n[Drop]\n\n[Chorus]\nAre you gonna stay the night?\nDoesn't mean we're bound for life\nSo-oh-oh-oh-oh-oh-oh-oh\nAre you gonna stay the night?\n[Outro]\nAre you gonna stay the night?\nAre you gonna stay the night?\nWoah, oh, oh, oh, oh, oh, oh\nAre you gonna stay the night?"
}