{
 "_type": "song",
 "annotation_count": 20,
 "api_path": "/songs/299325",
 "full_title": "Partition by\u00a0Beyonc\u00e9",
 "header_image_thumbnail_url": "https://images.genius.com/4c95e08b47dff71f1247b6915218b5dd.300x300x1.jpg",
 "header_image_url": "https://images.genius.com/4c95e08b47dff71f1247b6915218b5dd.1000x1000x1.jpg",
 "id": 299325,
 "instrumental": false,
 "lyrics_owner_id": 246999,
 "lyrics_state": "complete",
 "lyrics_updated_at": 1610854038,
 "path": "/Beyonce-partition-lyrics",
 "pyongs_count": 689,
 "song_art_image_thumbnail_url": "https://images.genius.com/8bf0e48b6e8580d8927aa103418e3403.300x300x1.png",
 "song_art_image_url": "https://images.genius.com/8bf0e48b6e8580d8927aa103418e3403.640x640x1.png",
 "song_art_primary_color": null,
 "song_art_secondary_color": null,
 "song_art_text_color": null,
 "stats": {
  "unreviewed_annotations": 0,
  "hot": false,
  "pageviews": 3071832
 },
 "title": "Partition",
 "title_with_featured": "Partition",
 "updated_by_human_at": 1615296267,
 "url": "https://genius.com/Beyonce-partition-lyrics",
 "primary_artist": {
  "_type": "artist",
  "api_path": "/artists/498",
  "header_image_url": "https://images.genius.com/757357d94ac77a4f6b5037b18bfcbe26.600x285x1.jpg",
  "id": 498,
  "image_url": "https://images.genius.com/1cb7ecd9471ac9814e14e6380db82e58.225x225x1.jpg",
  "index_character": "b",
  "is_meme_verified": false,
  "is_verified": false,
  "name": "Beyonc\u00e9",
  "slug": "Beyonce",
  "url": "https://genius.com/artists/Beyonce"
 },
 "artist": "Beyonc\u00e9",
 "lyrics": "[Part 1: \"Yonc\u00e9\"]\n\n[Intro]\nLet me hear you say, \"Hey, Ms. Carter!\" (Hey, Ms. Carter!)\nSay, \"Hey, Ms. Carter!\" (Hey, Ms. Carter!)\nGive me some!\n\n[Verse 1]\nSee me up in the club with fifty-'leven girls\nPosted in the back, diamond fangs in my grill\nBrooklyn brim with my eyes sitting low\nEvery boy in here with me got that smoke\nEvery girl in here got to look me up and down\nAll on Instagram, cake by the pound\nCirculate the image every time I come around\nG's up, tell me how I'm looking, babe\n\n[Bridge]\nBoy, this all for you just walk my way\nJust tell me how it's looking, babe\nJust tell me how it's looking, babe\n(How it's looking, babe?)\nI do this all for you, baby, just take aim\nAnd tell me how it's looking babe\n(How it's looking, babe?)\nTell me how it's looking babe, looking babe\n[Verse 2]\nDrop the bass, mane, the bass get lower\nRadio say \"Speed it up\", I just go slower\nHigh like treble, pumping on the mids\nYa man ain't ever seen a booty like this\nAnd why you think ya keep my name rolling off the tongue\n'Cause when he wanna smash, I'll just write another one\nI sneezed on the beat and the beat got sicker\nYonc\u00e9 all on his mouth like liquor\n\n[Hook]\nYonc\u00e9 all on his mouth like liquor\nYonc\u00e9 all on his mouth like liquor\nYonc\u00e9 all on his mouth like liquor\nLike, like liquor, like, like, like liquor\nYonc\u00e9 all on his mouth like liquor\nYonc\u00e9 all on his mouth like liquor\nYonc\u00e9 all on his mouth like liquor\nLike, like liquor, like, like, like liquor\n\n[Outro]\nBeyonc\u00e9, Beyonc\u00e9?\nAre you happy to be in Paris? Are you happy to be in Paris?\nBeyonc\u00e9, Beyonc\u00e9? Beyonc\u00e9!\n[Part 2: Partition]\n[Intro]\nDriver, roll up the partition, please\n\n[Verse 1]\nDriver, roll up the partition, please\nI don't need you seeing 'Yonc\u00e9 on her knees\nTook forty-five minutes to get all dressed up\nWe ain't even gonna make it to this club\nNow my mascara running, red lipstick smudged\nOh, he so horny, yeah, he want to fuck\nHe popped all my buttons, and he ripped my blouse\nHe Monica Lewinsky'd all on my gown\n\n[Pre-Chorus]\nOh, there, daddy, daddy didn\u2019t bring the towel\nOh, baby, baby, we better slow it down\nTook forty-five minutes to get all dressed up\nWe ain't even gon' make it to this club\n\n[Chorus]\nTake all of me\nI just wanna be the girl you like, girl you like\nThe kind of girl you like, girl you like\nTake all of me\nI just wanna be the girl you like, girl you like\nThe kinda girl you like is right here with me\n(Right here with me, right here with me, right here with me)\n[Verse 2]\nDriver, roll up the partition fast (Hey)\nDriver, roll up the partition fast\nOver there I swear I saw them cameras flash\nHandprints and footprints on my glass\nHandprints and good grips all on my ass\nPrivate show with the music blasting\nHe like to call me Peaches when we get this nasty\nRed wine drip, we\u2019ll talk that trash\nChauffeur eavesdropping, trying not to crash\n\n[Pre-Chorus]\nOh, there, daddy, daddy, now you ripped my fur\nOh, baby, baby, be sweating out my hair\nTook forty-five minutes to get all dressed up\nWe ain't even gon' make it to this club\n\n[Chorus]\nTake all of me\nI just wanna be the girl you like, girl you like\nThe kind of girl you like, girl you like\nTake all of me\nI just wanna be the girl you like, girl you like\nThe kinda girl you like is right here with me\n(Right here with me, right here with me, right here with me)\n\n[Bridge]\nHello!\nEst-ce que tu aimes le sexe ?\nLe sexe, je veux dire : l'activit\u00e9 physique, le co\u00eft. Tu aimes \u00e7a ?\nTu ne t'int\u00e9resses pas au sexe ?\nLes hommes pensent que les f\u00e9ministes d\u00e9testent le sexe mais c'est une activit\u00e9 tr\u00e8s stimulante et naturelle que les femmes adorent\n\n[Chorus]\nTake all of me\nI just wanna be the girl you like, girl you like\nThe kind of girl you like, girl you like\nTake all of me\nI just wanna be the girl you like, girl you like\nThe kinda girl you like is right here with me\n(Right here with me, right here with me, right here with me)\nHello!\n\n[Outro]\nBzz-bzz-bzz-bzz-bzz-bzzwop"
}