{
 "_type": "song",
 "annotation_count": 11,
 "api_path": "/songs/361656",
 "full_title": "Studio by\u00a0ScHoolboy\u00a0Q (Ft.\u00a0BJ\u00a0the Chicago Kid)",
 "header_image_thumbnail_url": "https://images.genius.com/b3bcb73ae0d824358003ae2bdd5b7344.300x300x1.jpg",
 "header_image_url": "https://images.genius.com/b3bcb73ae0d824358003ae2bdd5b7344.600x600x1.jpg",
 "id": 361656,
 "instrumental": false,
 "lyrics_owner_id": 465645,
 "lyrics_state": "complete",
 "lyrics_updated_at": 1616379043,
 "path": "/Schoolboy-q-studio-lyrics",
 "pyongs_count": 450,
 "song_art_image_thumbnail_url": "https://images.genius.com/324b7d142c7e79f6439ebdf116fb8ef7.300x300x1.jpg",
 "song_art_image_url": "https://images.genius.com/324b7d142c7e79f6439ebdf116fb8ef7.500x500x1.jpg",
 "song_art_primary_color": null,
 "song_art_secondary_color": null,
 "song_art_text_color": null,
 "stats": {
  "unreviewed_annotations": 5,
  "hot": false,
  "pageviews": 1172695
 },
 "title": "Studio",
 "title_with_featured": "Studio (Ft.\u00a0BJ\u00a0the Chicago Kid)",
 "updated_by_human_at": 1616379043,
 "url": "https://genius.com/Schoolboy-q-studio-lyrics",
 "primary_artist": {
  "_type": "artist",
  "api_path": "/artists/11353",
  "header_image_url": "https://images.genius.com/e79de87534188a7a50d154e7eb1c6a42.1000x1000x1.jpg",
  "id": 11353,
  "image_url": "https://images.genius.com/e79de87534188a7a50d154e7eb1c6a42.1000x1000x1.jpg",
  "index_character": "s",
  "is_meme_verified": true,
  "is_verified": true,
  "name": "ScHoolboy Q",
  "slug": "Schoolboy-q",
  "url": "https://genius.com/artists/Schoolboy-q",
  "iq": 3308
 },
 "artist": "ScHoolboy Q",
 "lyrics": "[Produced by Swiff D]\n\n[Chorus: BJ the Chicago Kid]\nI'm just sittin' in the studio just tryna get to you, baby\nBut this song so fuckin' dope, girl, it's harder not for me to blaze it\nTo tell the truth, wish it was you in this booth that I was blazin'\nSo I'm just sittin' in the studio just tryna get to you, baby\n\n[Verse 1: ScHoolboy Q]\nSee I've been in the studio just tryna get to you, baby\nAll night layin' verses though I'd rather lay with you, baby\nBra and panties matchin', nail and toes, you all kinda lady\nAngel out of heaven, such a goddess have a nigga prayin'\n\n[Chorus: BJ the Chicago Kid]\nI'm just sittin' in the studio just tryna get to you, baby\nBut this song so fuckin' dope, girl, it's harder not for me to blaze it\nTo tell the truth, wish it was you in this booth that I was blazin'\nSo I'm just sittin' in the studio just tryna get to you, baby\n\n[Verse 2: ScHoolboy Q]\nYou need a real nigga, shorty\nSo come and throw that pussy, shorty\nSee I think you and me can make it\nThis little verse to get you naked\nSee, your heart ain't meant for breaking\nCupid's never been mistaken\nSee, I been caught up in the moment\nShit, my type ain't quite her type but now this gangsta nigga on it\nShe can twist my weed and hit the 'yac\nI can hit your type without the hat, put that pussy on the map\nI see qualities in a bad girl, I know that ass you got\nCome with attitude and your swag, girl, you ain't wrong, girl\nJust when that door knock lose your thong, girl\n'Cause you girl, 'cause you girl, girl, 'cause you girl, girl\n'Cause you girl, girl...\n[Chorus: BJ the Chicago Kid]\nI'm just sittin' in the studio just tryna get to you, baby\nBut this song so fuckin' dope, girl, it's harder not for me to blaze it\nTo tell the truth, wish it was you in this booth that I was blazin'\nSo I'm just sittin' in the studio just tryna get to you, baby\n\n[Verse 3: ScHoolboy Q]\nThrow a loc your pussy, girl, you knowing that your nigga faded\nCan I hit that pussy way I wanna while this record playing?\nPut my tongue in different places, play a game of Operation\nLike, na-na-na, la-la, la-la, you get what I'm saying\nNo metaphors, nothing like that\nI'm keeping it straight to the point with you\nSo, I'ma put this dick up all in-side-of-you\n\n[Chorus: BJ the Chicago Kid]\nI'm just sittin' in the studio just tryna get to you, baby\nBut this song so fuckin' dope, girl, it's harder not for me to blaze it\nTo tell the truth, wish it was you in this booth that I was blazin'\nSo I'm just sittin' in the studio just tryna get to you, baby\nI'm just sittin' in the studio just tryna get to you, baby\nBut this song so fuckin' dope, girl, it's harder not for me to blaze it\nTo tell the truth, wish it was you in this booth that I was blazin'\nSo I'm just sittin' in the studio just tryna get to you, baby"
}