{
 "_type": "song",
 "annotation_count": 7,
 "api_path": "/songs/481306",
 "full_title": "I Don't Dance by\u00a0Lee\u00a0Brice",
 "header_image_thumbnail_url": "https://images.genius.com/15e1f4181cf59eceb34914a9f49398d3.300x300x1.jpg",
 "header_image_url": "https://images.genius.com/15e1f4181cf59eceb34914a9f49398d3.600x600x1.jpg",
 "id": 481306,
 "instrumental": false,
 "lyrics_owner_id": 1073799,
 "lyrics_state": "complete",
 "lyrics_updated_at": 1573758167,
 "path": "/Lee-brice-i-dont-dance-lyrics",
 "pyongs_count": 30,
 "song_art_image_thumbnail_url": "https://images.genius.com/03c67ebff333b6a7288808e1c57d3b04.220x220x1.jpg",
 "song_art_image_url": "https://images.genius.com/03c67ebff333b6a7288808e1c57d3b04.220x220x1.jpg",
 "song_art_primary_color": null,
 "song_art_secondary_color": null,
 "song_art_text_color": null,
 "stats": {
  "unreviewed_annotations": 0,
  "hot": false,
  "pageviews": 22182
 },
 "title": "I Don\u2019t Dance",
 "title_with_featured": "I Don't Dance",
 "updated_by_human_at": 1573758167,
 "url": "https://genius.com/Lee-brice-i-dont-dance-lyrics",
 "primary_artist": {
  "_type": "artist",
  "api_path": "/artists/40003",
  "header_image_url": "https://images.genius.com/f63fac5a461d449b7bb8835907ce3802.1000x1000x1.jpg",
  "id": 40003,
  "image_url": "https://images.genius.com/ae74af0fc9a86a1716809180ec45b8ec.400x400x1.jpg",
  "index_character": "l",
  "is_meme_verified": false,
  "is_verified": false,
  "name": "Lee Brice",
  "slug": "Lee-brice",
  "url": "https://genius.com/artists/Lee-brice"
 },
 "artist": "Lee Brice",
 "lyrics": "[Verse 1]\nI\u2019ll never settle down\nThat\u2019s what I always thought\nYeah, I was that kind of man\nJust ask anyone\n\n[Chorus]\nI don\u2019t dance, But here I am\nSpinning you round and round in circles\nIt Ain\u2019t my style, but I don\u2019t care\nI\u2019d do anything with you anywhere\nYes, you got me in the palm of your hand\nCause, I don\u2019t dance\n\n[Verse 2]\nLove\u2019s never come my way\nI\u2019ve never been this far\nCause you took these two left feet\nAnd waltzed away with my heart\n\n[Chorus]\nNo, I don\u2019t dance, but here I am\nSpinning you round and round in circles\nIt ain\u2019t my style, but I don\u2019t care\nI\u2019d do anything with you anywhere\nYes, you got me in the palm of your hand, girl\nCause, I don\u2019t dance\nOhhh\nI don\u2019t dance\nOoh\n\nI don\u2019t dance, but here I am\nSpinning you round and round in circles\nIt ain\u2019t my style, but I don\u2019t care\nI\u2019d do anything with you anywhere\n\nI don\u2019t dance, but here I am\nSpinning you around and around in circles\nIt ain\u2019t my style, but I don\u2019t care\nI\u2019d do anything with you anywhere\nYeah, you got me in the palm of your hand, girl\nCause, I don\u2019t dance\n\nOh\nNo..\n\nOooh\u2026"
}