{
 "_type": "song",
 "annotation_count": 4,
 "api_path": "/songs/443383",
 "full_title": "Somethin' Bad by\u00a0Miranda\u00a0Lambert (Ft.\u00a0Carrie\u00a0Underwood)",
 "header_image_thumbnail_url": "https://images.genius.com/58d9e1ed0407bba4e425428330bf3b1e.300x300x1.jpg",
 "header_image_url": "https://images.genius.com/58d9e1ed0407bba4e425428330bf3b1e.1000x1000x1.jpg",
 "id": 443383,
 "instrumental": false,
 "lyrics_owner_id": 70148,
 "lyrics_state": "complete",
 "lyrics_updated_at": 1603940377,
 "path": "/Miranda-lambert-somethin-bad-lyrics",
 "pyongs_count": 17,
 "song_art_image_thumbnail_url": "https://images.genius.com/ef02caa5c310faf6a5d7d82a02e0a84e.300x300x1.png",
 "song_art_image_url": "https://images.genius.com/ef02caa5c310faf6a5d7d82a02e0a84e.1000x1000x1.png",
 "song_art_primary_color": null,
 "song_art_secondary_color": null,
 "song_art_text_color": null,
 "stats": {
  "unreviewed_annotations": 2,
  "hot": false,
  "pageviews": 30377
 },
 "title": "Somethin\u2019 Bad",
 "title_with_featured": "Somethin' Bad (Ft.\u00a0Carrie\u00a0Underwood)",
 "updated_by_human_at": 1603940377,
 "url": "https://genius.com/Miranda-lambert-somethin-bad-lyrics",
 "primary_artist": {
  "_type": "artist",
  "api_path": "/artists/22511",
  "header_image_url": "https://images.genius.com/1b114510de08f86124f8ddb860ccf387.1000x635x1.jpg",
  "id": 22511,
  "image_url": "https://images.genius.com/dc8fc174f6f84c14bd5bbfccdf6f71aa.400x400x1.jpg",
  "index_character": "m",
  "is_meme_verified": true,
  "is_verified": true,
  "name": "Miranda Lambert",
  "slug": "Miranda-lambert",
  "url": "https://genius.com/artists/Miranda-lambert",
  "iq": 100
 },
 "artist": "Miranda Lambert",
 "lyrics": "[Intro: Miranda Lambert & Carrie Underwood]\nStand on the bar, stomp your feet, start clapping\nGot a real good feeling somethin' bad about to happen\n\n[Verse 1: Miranda Lambert]\nPulled up to the church but I got so nervous\nHad to back it on up, couldn't make it to the service\nGrabbed all the cash underneath my mattress\nGot a real good feeling somethin' bad about to happen\n\n[Verse 2: Carrie Underwood]\nRan into a girl in a pretty white dress\nRolled down a window\nWhere you headed to next?\nSaid I'm heading to the bayou with my money out of the mattress\nGot a real good feeling somethin' bad about to happen\n\n[Chorus: Miranda Lambert & Carrie Underwood]\nStand on the bar, stomp your feet, start clapping\nGot a real good feeling somethin' bad about to happen\nDrinks keep coming, throw my head back laughing\nWake up in the morning, don't know what happened\nWhoa... somethin' bad\nWhoa... somethin' bad\n\n[Verse 3: Carrie Underwood]\nNow me and that girl that I met on the street\nWe're rollin' down the road, down to New Orleans\nGot a full tank of gas and the money out of the mattress\nGot a real good feeling somethin' bad about to happen\n[Verse 4: Miranda Lambert]\nBout to tear it up down in New Orleans\nJust like a real-life Thelma and Louise\nIf the cops catch up, they're gonna call it kidnapping\nGot a real good feelin' somethin' bad about to happen\n\n[Chorus: Miranda Lambert & Carrie Underwood]\nStand on the bar, stomp your feet, start clapping\nGot a real good feeling somethin' bad about to happen\nDrinks keep coming, throw my head back laughing\nWake up in the morning, don't know what happened\nWhoa... somethin' bad\nWhoa... somethin' bad\nStand on the bar, stomp your feet, start clapping\nGot a real good feeling somethin' bad about to happen\nDrinks keep coming, throw my head back laughing\nWake up in the morning, don't know what happened\n(Yeah, yeah, Yeah)\n\n[Outro: Miranda Lambert & Carrie Underwood]\nWhoa... somethin' bad\nWhoa... somethin' bad"
}